sensor_reading_id,flight_segment_id,engine_id,aircraft_id,ts,flight_phase,parameter_code,value,unit
SR-000000000001,FS-000000001,EN-000001,AC-00001,2026-07-23T20:26:48,TAXI,EGT,330.97246068535566,C
SR-000000000002,FS-000000001,EN-000001,AC-00001,2026-07-23T20:26:48,TAXI,N1,21.03976137917851,pct
SR-000000000003,FS-000000001,EN-000001,AC-00001,2026-07-23T20:26:48,TAXI,N2,48.07342144607136,pct
SR-000000000004,FS-000000001,EN-000001,AC-00001,2026-07-23T20:26:48,TAXI,FUEL_FLOW,187.77276423056264,kg_h
SR-000000000005,FS-000000001,EN-000001,AC-00001,2026-07-23T20:26:48,TAXI,OIL_TEMP,54.318957477657044,C
SR-000000000006,FS-000000001,EN-000001,AC-00001,2026-07-23T20:26:48,TAXI,OIL_PRESSURE,16.8670621855079,psi
SR-000000000007,FS-000000001,EN-000001,AC-00001,2026-07-23T20:26:48,TAXI,VIBRATION,1.453428672919773,units_0_5
SR-000000000008,FS-000000001,EN-000002,AC-00001,2026-07-23T20:26:48,TAXI,EGT,331.9280308166569,C
SR-000000000009,FS-000000001,EN-000002,AC-00001,2026-07-23T20:26:48,TAXI,N1,30.39198118180098,pct
SR-000000000010,FS-000000001,EN-000002,AC-00001,2026-07-23T20:26:48,TAXI,N2,55.092739441055706,pct
SR-000000000011,FS-000000001,EN-000002,AC-00001,2026-07-23T20:26:48,TAXI,FUEL_FLOW,183.11725870852658,kg_h
SR-000000000012,FS-000000001,EN-000002,AC-00001,2026-07-23T20:26:48,TAXI,OIL_TEMP,56.441686093965814,C
SR-000000000013,FS-000000001,EN-000002,AC-00001,2026-07-23T20:26:48,TAXI,OIL_PRESSURE,17.9161908159225,psi
SR-000000000014,FS-000000001,EN-000002,AC-00001,2026-07-23T20:26:48,TAXI,VIBRATION,1.4291282819783142,units_0_5
SR-000000000015,FS-000000001,,AC-00001,2026-07-23T20:26:48,TAXI,APU_EGT,480.503447424956,C
SR-000000000016,FS-000000001,,AC-00001,2026-07-23T20:26:48,TAXI,CABIN_ALTITUDE,-60.71230704036809,ft
SR-000000000017,FS-000000001,EN-000001,AC-00001,2026-07-23T20:29:48,TAKEOFF,EGT,902.0514777424739,C
SR-000000000018,FS-000000001,EN-000001,AC-00001,2026-07-23T20:29:48,TAKEOFF,N1,107.76382408634922,pct
SR-000000000019,FS-000000001,EN-000001,AC-00001,2026-07-23T20:29:48,TAKEOFF,N2,96.4936454542365,pct
SR-000000000020,FS-000000001,EN-000001,AC-00001,2026-07-23T20:29:48,TAKEOFF,FUEL_FLOW,2839.04818391032,kg_h
SR-000000000021,FS-000000001,EN-000001,AC-00001,2026-07-23T20:29:48,TAKEOFF,OIL_TEMP,112.36652259563715,C
SR-000000000022,FS-000000001,EN-000001,AC-00001,2026-07-23T20:29:48,TAKEOFF,OIL_PRESSURE,52.793358529121164,psi
SR-000000000023,FS-000000001,EN-000001,AC-00001,2026-07-23T20:29:48,TAKEOFF,VIBRATION,1.524809254994812,units_0_5
SR-000000000024,FS-000000001,EN-000002,AC-00001,2026-07-23T20:29:48,TAKEOFF,EGT,917.9599148523388,C
SR-000000000025,FS-000000001,EN-000002,AC-00001,2026-07-23T20:29:48,TAKEOFF,N1,102.6034290766895,pct
SR-000000000026,FS-000000001,EN-000002,AC-00001,2026-07-23T20:29:48,TAKEOFF,N2,100.05864338374565,pct
SR-000000000027,FS-000000001,EN-000002,AC-00001,2026-07-23T20:29:48,TAKEOFF,FUEL_FLOW,3079.339214428301,kg_h
SR-000000000028,FS-000000001,EN-000002,AC-00001,2026-07-23T20:29:48,TAKEOFF,OIL_TEMP,115.94104100679711,C
SR-000000000029,FS-000000001,EN-000002,AC-00001,2026-07-23T20:29:48,TAKEOFF,OIL_PRESSURE,54.3436787876354,psi
SR-000000000030,FS-000000001,EN-000002,AC-00001,2026-07-23T20:29:48,TAKEOFF,VIBRATION,1.3522259642536407,units_0_5
SR-000000000031,FS-000000001,,AC-00001,2026-07-23T20:29:48,TAKEOFF,APU_EGT,51.73297328256227,C
SR-000000000032,FS-000000001,,AC-00001,2026-07-23T20:29:48,TAKEOFF,CABIN_ALTITUDE,-353.24725919533967,ft
SR-000000000033,FS-000000001,EN-000001,AC-00001,2026-07-23T20:31:48,INITIAL_CLIMB,EGT,868.7755793635997,C
SR-000000000034,FS-000000001,EN-000001,AC-00001,2026-07-23T20:31:48,INITIAL_CLIMB,N1,95.6636896796646,pct
SR-000000000035,FS-000000001,EN-000001,AC-00001,2026-07-23T20:31:48,INITIAL_CLIMB,N2,92.00982146978237,pct
SR-000000000036,FS-000000001,EN-000001,AC-00001,2026-07-23T20:31:48,INITIAL_CLIMB,FUEL_FLOW,2451.5586210682322,kg_h
SR-000000000037,FS-000000001,EN-000001,AC-00001,2026-07-23T20:31:48,INITIAL_CLIMB,OIL_TEMP,109.03040733109543,C
SR-000000000038,FS-000000001,EN-000001,AC-00001,2026-07-23T20:31:48,INITIAL_CLIMB,OIL_PRESSURE,53.87780250813824,psi
SR-000000000039,FS-000000001,EN-000001,AC-00001,2026-07-23T20:31:48,INITIAL_CLIMB,VIBRATION,1.4907724311879742,units_0_5
SR-000000000040,FS-000000001,EN-000002,AC-00001,2026-07-23T20:31:48,INITIAL_CLIMB,EGT,816.7094395866035,C
SR-000000000041,FS-000000001,EN-000002,AC-00001,2026-07-23T20:31:48,INITIAL_CLIMB,N1,90.63554286009244,pct
SR-000000000042,FS-000000001,EN-000002,AC-00001,2026-07-23T20:31:48,INITIAL_CLIMB,N2,94.31942210266368,pct
SR-000000000043,FS-000000001,EN-000002,AC-00001,2026-07-23T20:31:48,INITIAL_CLIMB,FUEL_FLOW,2525.9682781010974,kg_h
SR-000000000044,FS-000000001,EN-000002,AC-00001,2026-07-23T20:31:48,INITIAL_CLIMB,OIL_TEMP,116.78302397114489,C
SR-000000000045,FS-000000001,EN-000002,AC-00001,2026-07-23T20:31:48,INITIAL_CLIMB,OIL_PRESSURE,,psi
SR-000000000046,FS-000000001,EN-000002,AC-00001,2026-07-23T20:31:48,INITIAL_CLIMB,VIBRATION,1.2366781524623682,units_0_5
SR-000000000047,FS-000000001,,AC-00001,2026-07-23T20:31:48,INITIAL_CLIMB,APU_EGT,51.14486124647147,C
SR-000000000048,FS-000000001,,AC-00001,2026-07-23T20:31:48,INITIAL_CLIMB,CABIN_ALTITUDE,2528.673551626064,ft
SR-000000000049,FS-000000001,EN-000001,AC-00001,2026-07-23T21:51:46,CLIMB,EGT,753.8297406745936,C
SR-000000000050,FS-000000001,EN-000001,AC-00001,2026-07-23T21:51:46,CLIMB,N1,79.2476342495367,pct
SR-000000000051,FS-000000001,EN-000001,AC-00001,2026-07-23T21:51:46,CLIMB,N2,88.83194618313205,pct
SR-000000000052,FS-000000001,EN-000001,AC-00001,2026-07-23T21:51:46,CLIMB,FUEL_FLOW,1972.9503571925475,kg_h
SR-000000000053,FS-000000001,EN-000001,AC-00001,2026-07-23T21:51:46,CLIMB,OIL_TEMP,109.97226118721186,C
SR-000000000054,FS-000000001,EN-000001,AC-00001,2026-07-23T21:51:46,CLIMB,OIL_PRESSURE,55.511180321671965,psi
SR-000000000055,FS-000000001,EN-000001,AC-00001,2026-07-23T21:51:46,CLIMB,VIBRATION,1.3382025403135747,units_0_5
SR-000000000056,FS-000000001,EN-000002,AC-00001,2026-07-23T21:51:46,CLIMB,EGT,728.7726525609878,C
SR-000000000057,FS-000000001,EN-000002,AC-00001,2026-07-23T21:51:46,CLIMB,N1,84.6155315625652,pct
SR-000000000058,FS-000000001,EN-000002,AC-00001,2026-07-23T21:51:46,CLIMB,N2,89.98299217062674,pct
SR-000000000059,FS-000000001,EN-000002,AC-00001,2026-07-23T21:51:46,CLIMB,FUEL_FLOW,2083.646982505964,kg_h
SR-000000000060,FS-000000001,EN-000002,AC-00001,2026-07-23T21:51:46,CLIMB,OIL_TEMP,107.3563214947294,C
SR-000000000061,FS-000000001,EN-000002,AC-00001,2026-07-23T21:51:46,CLIMB,OIL_PRESSURE,56.4659526348277,psi
SR-000000000062,FS-000000001,EN-000002,AC-00001,2026-07-23T21:51:46,CLIMB,VIBRATION,1.4020536949439117,units_0_5
SR-000000000063,FS-000000001,,AC-00001,2026-07-23T21:51:46,CLIMB,APU_EGT,59.846849241885764,C
SR-000000000064,FS-000000001,,AC-00001,2026-07-23T21:51:46,CLIMB,CABIN_ALTITUDE,5793.331119653542,ft
SR-000000000065,FS-000000001,EN-000001,AC-00001,2026-07-23T23:29:51,CRUISE,EGT,671.5963436982424,C
SR-000000000066,FS-000000001,EN-000001,AC-00001,2026-07-23T23:29:51,CRUISE,N1,83.9243971115922,pct
SR-000000000067,FS-000000001,EN-000001,AC-00001,2026-07-23T23:29:51,CRUISE,N2,82.52279653252768,pct
SR-000000000068,FS-000000001,EN-000001,AC-00001,2026-07-23T23:29:51,CRUISE,FUEL_FLOW,1304.8115837828254,kg_h
SR-000000000069,FS-000000001,EN-000001,AC-00001,2026-07-23T23:29:51,CRUISE,OIL_TEMP,106.88190614795407,C
SR-000000000070,FS-000000001,EN-000001,AC-00001,2026-07-23T23:29:51,CRUISE,OIL_PRESSURE,56.26831720049189,psi
SR-000000000071,FS-000000001,EN-000001,AC-00001,2026-07-23T23:29:51,CRUISE,VIBRATION,1.3691936426296918,units_0_5
SR-000000000072,FS-000000001,EN-000002,AC-00001,2026-07-23T23:29:51,CRUISE,EGT,664.127585914416,C
SR-000000000073,FS-000000001,EN-000002,AC-00001,2026-07-23T23:29:51,CRUISE,N1,86.41320950171126,pct
SR-000000000074,FS-000000001,EN-000002,AC-00001,2026-07-23T23:29:51,CRUISE,N2,90.00982321500116,pct
SR-000000000075,FS-000000001,EN-000002,AC-00001,2026-07-23T23:29:51,CRUISE,FUEL_FLOW,1215.3628166058463,kg_h
SR-000000000076,FS-000000001,EN-000002,AC-00001,2026-07-23T23:29:51,CRUISE,OIL_TEMP,102.34094174735652,C
SR-000000000077,FS-000000001,EN-000002,AC-00001,2026-07-23T23:29:51,CRUISE,OIL_PRESSURE,52.6006431844976,psi
SR-000000000078,FS-000000001,EN-000002,AC-00001,2026-07-23T23:29:51,CRUISE,VIBRATION,1.3736649331857198,units_0_5
SR-000000000079,FS-000000001,,AC-00001,2026-07-23T23:29:51,CRUISE,APU_EGT,94.56138180193715,C
SR-000000000080,FS-000000001,,AC-00001,2026-07-23T23:29:51,CRUISE,CABIN_ALTITUDE,6919.590134325609,ft
SR-000000000081,FS-000000001,EN-000001,AC-00001,2026-07-24T00:09:05,CRUISE,EGT,700.7109147089893,C
SR-000000000082,FS-000000001,EN-000001,AC-00001,2026-07-24T00:09:05,CRUISE,N1,76.6822170957888,pct
SR-000000000083,FS-000000001,EN-000001,AC-00001,2026-07-24T00:09:05,CRUISE,N2,82.71849111352863,pct
SR-000000000084,FS-000000001,EN-000001,AC-00001,2026-07-24T00:09:05,CRUISE,FUEL_FLOW,1161.9727034980683,kg_h
SR-000000000085,FS-000000001,EN-000001,AC-00001,2026-07-24T00:09:05,CRUISE,OIL_TEMP,104.34211932245235,C
SR-000000000086,FS-000000001,EN-000001,AC-00001,2026-07-24T00:09:05,CRUISE,OIL_PRESSURE,54.82770417621253,psi
SR-000000000087,FS-000000001,EN-000001,AC-00001,2026-07-24T00:09:05,CRUISE,VIBRATION,1.4281021282275534,units_0_5
SR-000000000088,FS-000000001,EN-000002,AC-00001,2026-07-24T00:09:05,CRUISE,EGT,629.937959507377,C
SR-000000000089,FS-000000001,EN-000002,AC-00001,2026-07-24T00:09:05,CRUISE,N1,80.86510811630657,pct
SR-000000000090,FS-000000001,EN-000002,AC-00001,2026-07-24T00:09:05,CRUISE,N2,85.45519591553648,pct
SR-000000000091,FS-000000001,EN-000002,AC-00001,2026-07-24T00:09:05,CRUISE,FUEL_FLOW,1301.0028340554518,kg_h
SR-000000000092,FS-000000001,EN-000002,AC-00001,2026-07-24T00:09:05,CRUISE,OIL_TEMP,104.91650349893787,C
SR-000000000093,FS-000000001,EN-000002,AC-00001,2026-07-24T00:09:05,CRUISE,OIL_PRESSURE,57.94253804634808,psi
SR-000000000094,FS-000000001,EN-000002,AC-00001,2026-07-24T00:09:05,CRUISE,VIBRATION,1.4144538622013103,units_0_5
SR-000000000095,FS-000000001,,AC-00001,2026-07-24T00:09:05,CRUISE,APU_EGT,116.4839936772088,C
SR-000000000096,FS-000000001,,AC-00001,2026-07-24T00:09:05,CRUISE,CABIN_ALTITUDE,7132.781950883486,ft
SR-000000000097,FS-000000001,EN-000001,AC-00001,2026-07-24T00:48:19,CRUISE,EGT,668.8489253017017,C
SR-000000000098,FS-000000001,EN-000001,AC-00001,2026-07-24T00:48:19,CRUISE,N1,80.81464668780131,pct
SR-000000000099,FS-000000001,EN-000001,AC-00001,2026-07-24T00:48:19,CRUISE,N2,83.298038044061,pct
SR-000000000100,FS-000000001,EN-000001,AC-00001,2026-07-24T00:48:19,CRUISE,FUEL_FLOW,1254.2079691815807,kg_h
SR-000000000101,FS-000000001,EN-000001,AC-00001,2026-07-24T00:48:19,CRUISE,OIL_TEMP,109.49307964490397,C
SR-000000000102,FS-000000001,EN-000001,AC-00001,2026-07-24T00:48:19,CRUISE,OIL_PRESSURE,50.14552677939586,psi
SR-000000000103,FS-000000001,EN-000001,AC-00001,2026-07-24T00:48:19,CRUISE,VIBRATION,1.495049143277364,units_0_5
SR-000000000104,FS-000000001,EN-000002,AC-00001,2026-07-24T00:48:19,CRUISE,EGT,1180.4872669861077,C
SR-000000000105,FS-000000001,EN-000002,AC-00001,2026-07-24T00:48:19,CRUISE,N1,81.59466679700982,pct
SR-000000000106,FS-000000001,EN-000002,AC-00001,2026-07-24T00:48:19,CRUISE,N2,87.51736134623205,pct
SR-000000000107,FS-000000001,EN-000002,AC-00001,2026-07-24T00:48:19,CRUISE,FUEL_FLOW,1101.599030826529,kg_h
SR-000000000108,FS-000000001,EN-000002,AC-00001,2026-07-24T00:48:19,CRUISE,OIL_TEMP,107.85237922739448,C
SR-000000000109,FS-000000001,EN-000002,AC-00001,2026-07-24T00:48:19,CRUISE,OIL_PRESSURE,46.44799491619466,psi
SR-000000000110,FS-000000001,EN-000002,AC-00001,2026-07-24T00:48:19,CRUISE,VIBRATION,1.3669912835439268,units_0_5
SR-000000000111,FS-000000001,,AC-00001,2026-07-24T00:48:19,CRUISE,APU_EGT,125.42425548342209,C
SR-000000000112,FS-000000001,,AC-00001,2026-07-24T00:48:19,CRUISE,CABIN_ALTITUDE,7388.29410917874,ft
SR-000000000113,FS-000000001,EN-000001,AC-00001,2026-07-24T01:27:33,CRUISE,EGT,628.0777969639307,C
SR-000000000114,FS-000000001,EN-000001,AC-00001,2026-07-24T01:27:33,CRUISE,N1,85.28759601752785,pct
SR-000000000115,FS-000000001,EN-000001,AC-00001,2026-07-24T01:27:33,CRUISE,N2,85.13603571952953,pct
SR-000000000116,FS-000000001,EN-000001,AC-00001,2026-07-24T01:27:33,CRUISE,FUEL_FLOW,1342.1969990864782,kg_h
SR-000000000117,FS-000000001,EN-000001,AC-00001,2026-07-24T01:27:33,CRUISE,OIL_TEMP,104.23715712826322,C
SR-000000000118,FS-000000001,EN-000001,AC-00001,2026-07-24T01:27:33,CRUISE,OIL_PRESSURE,58.51484734720486,psi
SR-000000000119,FS-000000001,EN-000001,AC-00001,2026-07-24T01:27:33,CRUISE,VIBRATION,1.513275515866907,units_0_5
SR-000000000121,FS-000000001,EN-000002,AC-00001,2026-07-24T01:27:33,CRUISE,N1,77.33162399236602,pct
SR-000000000120,FS-000000001,EN-000002,AC-00001,2026-07-24T01:27:33,CRUISE,EGT,645.7602860796836,C
SR-000000000122,FS-000000001,EN-000002,AC-00001,2026-07-24T01:27:33,CRUISE,N2,81.8069746428244,pct
SR-000000000123,FS-000000001,EN-000002,AC-00001,2026-07-24T01:27:33,CRUISE,FUEL_FLOW,1133.489067279112,kg_h
SR-000000000124,FS-000000001,EN-000002,AC-00001,2026-07-24T01:27:33,CRUISE,OIL_TEMP,112.97879286477789,C
SR-000000000125,FS-000000001,EN-000002,AC-00001,2026-07-24T01:27:33,CRUISE,OIL_PRESSURE,56.762202476432144,psi
SR-000000000126,FS-000000001,EN-000002,AC-00001,2026-07-24T01:27:33,CRUISE,VIBRATION,1.3408032296407042,units_0_5
SR-000000000127,FS-000000001,,AC-00001,2026-07-24T01:27:33,CRUISE,APU_EGT,65.84281466307063,C
SR-000000000128,FS-000000001,,AC-00001,2026-07-24T01:27:33,CRUISE,CABIN_ALTITUDE,7276.550982496649,ft
SR-000000000129,FS-000000001,EN-000001,AC-00001,2026-07-24T02:06:47,CRUISE,EGT,641.8440115274727,C
SR-000000000130,FS-000000001,EN-000001,AC-00001,2026-07-24T02:06:47,CRUISE,N1,81.93140571660977,pct
SR-000000000131,FS-000000001,EN-000001,AC-00001,2026-07-24T02:06:47,CRUISE,N2,76.97903560315436,pct
SR-000000000132,FS-000000001,EN-000001,AC-00001,2026-07-24T02:06:47,CRUISE,FUEL_FLOW,1351.9122701327815,kg_h
SR-000000000133,FS-000000001,EN-000001,AC-00001,2026-07-24T02:06:47,CRUISE,OIL_TEMP,105.88165194206748,C
SR-000000000134,FS-000000001,EN-000001,AC-00001,2026-07-24T02:06:47,CRUISE,OIL_PRESSURE,51.22242779965451,psi
SR-000000000135,FS-000000001,EN-000001,AC-00001,2026-07-24T02:06:47,CRUISE,VIBRATION,1.4932249094194914,units_0_5
SR-000000000136,FS-000000001,EN-000002,AC-00001,2026-07-24T02:06:47,CRUISE,EGT,672.5987998027749,C
SR-000000000137,FS-000000001,EN-000002,AC-00001,2026-07-24T02:06:47,CRUISE,N1,,pct
SR-000000000138,FS-000000001,EN-000002,AC-00001,2026-07-24T02:06:47,CRUISE,N2,82.6903806234809,pct
SR-000000000139,FS-000000001,EN-000002,AC-00001,2026-07-24T02:06:47,CRUISE,FUEL_FLOW,1268.0727111152594,kg_h
SR-000000000140,FS-000000001,EN-000002,AC-00001,2026-07-24T02:06:47,CRUISE,OIL_TEMP,108.6607312053103,C
SR-000000000141,FS-000000001,EN-000002,AC-00001,2026-07-24T02:06:47,CRUISE,OIL_PRESSURE,52.916012095683456,psi
SR-000000000142,FS-000000001,EN-000002,AC-00001,2026-07-24T02:06:47,CRUISE,VIBRATION,1.2669538286132023,units_0_5
SR-000000000143,FS-000000001,,AC-00001,2026-07-24T02:06:47,CRUISE,APU_EGT,34.949137618982604,C
SR-000000000144,FS-000000001,,AC-00001,2026-07-24T02:06:47,CRUISE,CABIN_ALTITUDE,6983.058605757498,ft
SR-000000000145,FS-000000001,EN-000001,AC-00001,2026-07-24T02:46:00,CRUISE,EGT,653.3977873153332,C
SR-000000000146,FS-000000001,EN-000001,AC-00001,2026-07-24T02:46:00,CRUISE,N1,84.00954221916797,pct
SR-000000000147,FS-000000001,EN-000001,AC-00001,2026-07-24T02:46:00,CRUISE,N2,83.49140712223604,pct
SR-000000000148,FS-000000001,EN-000001,AC-00001,2026-07-24T02:46:00,CRUISE,FUEL_FLOW,1359.8527623898783,kg_h
SR-000000000149,FS-000000001,EN-000001,AC-00001,2026-07-24T02:46:00,CRUISE,OIL_TEMP,103.91205354871184,C
SR-000000000150,FS-000000001,EN-000001,AC-00001,2026-07-24T02:46:00,CRUISE,OIL_PRESSURE,52.530892245720494,psi
SR-000000000151,FS-000000001,EN-000001,AC-00001,2026-07-24T02:46:00,CRUISE,VIBRATION,1.458843100601361,units_0_5
SR-000000000152,FS-000000001,EN-000002,AC-00001,2026-07-24T02:46:00,CRUISE,EGT,696.7668353565276,C
SR-000000000153,FS-000000001,EN-000002,AC-00001,2026-07-24T02:46:00,CRUISE,N1,79.09083587024091,pct
SR-000000000154,FS-000000001,EN-000002,AC-00001,2026-07-24T02:46:00,CRUISE,N2,82.08566451739269,pct
SR-000000000155,FS-000000001,EN-000002,AC-00001,2026-07-24T02:46:00,CRUISE,FUEL_FLOW,1325.7431890764947,kg_h
SR-000000000156,FS-000000001,EN-000002,AC-00001,2026-07-24T02:46:00,CRUISE,OIL_TEMP,105.12778489048199,C
SR-000000000157,FS-000000001,EN-000002,AC-00001,2026-07-24T02:46:00,CRUISE,OIL_PRESSURE,56.929018294672616,psi
SR-000000000158,FS-000000001,EN-000002,AC-00001,2026-07-24T02:46:00,CRUISE,VIBRATION,1.2998879212364705,units_0_5
SR-000000000159,FS-000000001,,AC-00001,2026-07-24T02:46:00,CRUISE,APU_EGT,81.60901453751237,C
SR-000000000160,FS-000000001,,AC-00001,2026-07-24T02:46:00,CRUISE,CABIN_ALTITUDE,6359.218801284504,ft
SR-000000000161,FS-000000001,EN-000001,AC-00001,2026-07-24T04:11:01,DESCENT,EGT,807.5972962512448,C
SR-000000000162,FS-000000001,EN-000001,AC-00001,2026-07-24T04:11:01,DESCENT,N1,49.3111317319576,pct
SR-000000000163,FS-000000001,EN-000001,AC-00001,2026-07-24T04:11:01,DESCENT,N2,59.87800290407692,pct
SR-000000000164,FS-000000001,EN-000001,AC-00001,2026-07-24T04:11:01,DESCENT,FUEL_FLOW,493.7410299299931,kg_h
SR-000000000165,FS-000000001,EN-000001,AC-00001,2026-07-24T04:11:01,DESCENT,OIL_TEMP,89.43009374863028,C
SR-000000000166,FS-000000001,EN-000001,AC-00001,2026-07-24T04:11:01,DESCENT,OIL_PRESSURE,58.567340479328735,psi
SR-000000000167,FS-000000001,EN-000001,AC-00001,2026-07-24T04:11:01,DESCENT,VIBRATION,1.3636658525769594,units_0_5
SR-000000000168,FS-000000001,EN-000002,AC-00001,2026-07-24T04:11:01,DESCENT,EGT,467.41687658349025,C
SR-000000000169,FS-000000001,EN-000002,AC-00001,2026-07-24T04:11:01,DESCENT,N1,46.510392514410086,pct
SR-000000000170,FS-000000001,EN-000002,AC-00001,2026-07-24T04:11:01,DESCENT,N2,63.45653148707643,pct
SR-000000000171,FS-000000001,EN-000002,AC-00001,2026-07-24T04:11:01,DESCENT,FUEL_FLOW,329.5067291364396,kg_h
SR-000000000172,FS-000000001,EN-000002,AC-00001,2026-07-24T04:11:01,DESCENT,OIL_TEMP,89.58345374601846,C
SR-000000000173,FS-000000001,EN-000002,AC-00001,2026-07-24T04:11:01,DESCENT,OIL_PRESSURE,49.65284463877465,psi
SR-000000000174,FS-000000001,EN-000002,AC-00001,2026-07-24T04:11:01,DESCENT,VIBRATION,1.2448115246578206,units_0_5
SR-000000000175,FS-000000001,,AC-00001,2026-07-24T04:11:01,DESCENT,APU_EGT,60.44390411599297,C
SR-000000000176,FS-000000001,,AC-00001,2026-07-24T04:11:01,DESCENT,CABIN_ALTITUDE,5556.974391354488,ft
SR-000000000177,FS-000000001,EN-000001,AC-00001,2026-07-24T05:19:24,APPROACH,EGT,461.06009421774974,C
SR-000000000178,FS-000000001,EN-000001,AC-00001,2026-07-24T05:19:24,APPROACH,N1,56.13904228087347,pct
SR-000000000179,FS-000000001,EN-000001,AC-00001,2026-07-24T05:19:24,APPROACH,N2,71.30033139894486,pct
SR-000000000180,FS-000000001,EN-000001,AC-00001,2026-07-24T05:19:24,APPROACH,FUEL_FLOW,576.7774972241689,kg_h
SR-000000000181,FS-000000001,EN-000001,AC-00001,2026-07-24T05:19:24,APPROACH,OIL_TEMP,80.48396125639708,C
SR-000000000182,FS-000000001,EN-000001,AC-00001,2026-07-24T05:19:24,APPROACH,OIL_PRESSURE,52.13765010866302,psi
SR-000000000183,FS-000000001,EN-000001,AC-00001,2026-07-24T05:19:24,APPROACH,VIBRATION,1.3595480103050872,units_0_5
SR-000000000184,FS-000000001,EN-000002,AC-00001,2026-07-24T05:19:24,APPROACH,EGT,433.5955729810792,C
SR-000000000185,FS-000000001,EN-000002,AC-00001,2026-07-24T05:19:24,APPROACH,N1,60.43592608949362,pct
SR-000000000186,FS-000000001,EN-000002,AC-00001,2026-07-24T05:19:24,APPROACH,N2,77.99343338873966,pct
SR-000000000187,FS-000000001,EN-000002,AC-00001,2026-07-24T05:19:24,APPROACH,FUEL_FLOW,598.1603796374401,kg_h
SR-000000000188,FS-000000001,EN-000002,AC-00001,2026-07-24T05:19:24,APPROACH,OIL_TEMP,84.85716598173241,C
SR-000000000189,FS-000000001,EN-000002,AC-00001,2026-07-24T05:19:24,APPROACH,OIL_PRESSURE,52.03590744942481,psi
SR-000000000190,FS-000000001,EN-000002,AC-00001,2026-07-24T05:19:24,APPROACH,VIBRATION,1.4179456123285241,units_0_5
SR-000000000191,FS-000000001,,AC-00001,2026-07-24T05:19:24,APPROACH,APU_EGT,,C
SR-000000000192,FS-000000001,,AC-00001,2026-07-24T05:19:24,APPROACH,CABIN_ALTITUDE,2236.7594287030756,ft
SR-000000000193,FS-000000001,EN-000001,AC-00001,2026-07-24T05:22:54,LANDING,EGT,341.0701645711363,C
SR-000000000194,FS-000000001,EN-000001,AC-00001,2026-07-24T05:22:54,LANDING,N1,35.42519131267429,pct
SR-000000000195,FS-000000001,EN-000001,AC-00001,2026-07-24T05:22:54,LANDING,N2,57.5649172425904,pct
SR-000000000196,FS-000000001,EN-000001,AC-00001,2026-07-24T05:22:54,LANDING,FUEL_FLOW,471.3000567725752,kg_h
SR-000000000197,FS-000000001,EN-000001,AC-00001,2026-07-24T05:22:54,LANDING,OIL_TEMP,75.7379335339186,C
SR-000000000198,FS-000000001,EN-000001,AC-00001,2026-07-24T05:22:54,LANDING,OIL_PRESSURE,55.03332761629133,psi
SR-000000000199,FS-000000001,EN-000001,AC-00001,2026-07-24T05:22:54,LANDING,VIBRATION,1.4405529337281424,units_0_5
SR-000000000200,FS-000000001,EN-000002,AC-00001,2026-07-24T05:22:54,LANDING,EGT,377.61403662664037,C
SR-000000000201,FS-000000001,EN-000002,AC-00001,2026-07-24T05:22:54,LANDING,N1,34.285346251668365,pct
SR-000000000202,FS-000000001,EN-000002,AC-00001,2026-07-24T05:22:54,LANDING,N2,54.233309392383035,pct
SR-000000000203,FS-000000001,EN-000002,AC-00001,2026-07-24T05:22:54,LANDING,FUEL_FLOW,352.48267497857216,kg_h
SR-000000000204,FS-000000001,EN-000002,AC-00001,2026-07-24T05:22:54,LANDING,OIL_TEMP,78.22634058257769,C
SR-000000000205,FS-000000001,EN-000002,AC-00001,2026-07-24T05:22:54,LANDING,OIL_PRESSURE,59.24782099761682,psi
SR-000000000206,FS-000000001,EN-000002,AC-00001,2026-07-24T05:22:54,LANDING,VIBRATION,1.3242552061572754,units_0_5
SR-000000000207,FS-000000001,,AC-00001,2026-07-24T05:22:54,LANDING,APU_EGT,68.24090323710321,C
SR-000000000208,FS-000000001,,AC-00001,2026-07-24T05:22:54,LANDING,CABIN_ALTITUDE,-287.5453033229758,ft
SR-000000000209,FS-000000001,,AC-00001,2026-07-24T05:22:54,LANDING,BRAKE_TEMPERATURE,1027.1894441929219,C
SR-000000000210,FS-000000001,EN-000001,AC-00001,2026-07-24T05:25:24,TAXI,EGT,345.0106264116305,C
SR-000000000211,FS-000000001,EN-000001,AC-00001,2026-07-24T05:25:24,TAXI,N1,16.778074471518025,pct
SR-000000000212,FS-000000001,EN-000001,AC-00001,2026-07-24T05:25:24,TAXI,N2,50.25795206812793,pct
SR-000000000213,FS-000000001,EN-000001,AC-00001,2026-07-24T05:25:24,TAXI,FUEL_FLOW,186.01229029278497,kg_h
SR-000000000214,FS-000000001,EN-000001,AC-00001,2026-07-24T05:25:24,TAXI,OIL_TEMP,55.33088701659355,C
SR-000000000215,FS-000000001,EN-000001,AC-00001,2026-07-24T05:25:24,TAXI,OIL_PRESSURE,17.76012246383789,psi
SR-000000000216,FS-000000001,EN-000001,AC-00001,2026-07-24T05:25:24,TAXI,VIBRATION,1.378059522555407,units_0_5
SR-000000000217,FS-000000001,EN-000002,AC-00001,2026-07-24T05:25:24,TAXI,EGT,378.10693335048165,C
SR-000000000218,FS-000000001,EN-000002,AC-00001,2026-07-24T05:25:24,TAXI,N1,21.28519005819441,pct
SR-000000000219,FS-000000001,EN-000002,AC-00001,2026-07-24T05:25:24,TAXI,N2,55.67133484826578,pct
SR-000000000220,FS-000000001,EN-000002,AC-00001,2026-07-24T05:25:24,TAXI,FUEL_FLOW,234.19809736180042,kg_h
SR-000000000221,FS-000000001,EN-000002,AC-00001,2026-07-24T05:25:24,TAXI,OIL_TEMP,56.72716515233886,C
SR-000000000222,FS-000000001,EN-000002,AC-00001,2026-07-24T05:25:24,TAXI,OIL_PRESSURE,15.29270561199944,psi
SR-000000000223,FS-000000001,EN-000002,AC-00001,2026-07-24T05:25:24,TAXI,VIBRATION,1.4415284349246635,units_0_5
SR-000000000224,FS-000000001,,AC-00001,2026-07-24T05:25:24,TAXI,APU_EGT,492.14878813463025,C
SR-000000000225,FS-000000001,,AC-00001,2026-07-24T05:25:24,TAXI,CABIN_ALTITUDE,-284.23326628503946,ft
SR-000000000226,FS-000000002,EN-000001,AC-00001,2026-07-24T01:03:48,TAXI,EGT,359.56183086878576,C
SR-000000000227,FS-000000002,EN-000001,AC-00001,2026-07-24T01:03:48,TAXI,N1,32.08261601816282,pct
SR-000000000228,FS-000000002,EN-000001,AC-00001,2026-07-24T01:03:48,TAXI,N2,49.81792941167804,pct
SR-000000000229,FS-000000002,EN-000001,AC-00001,2026-07-24T01:03:48,TAXI,FUEL_FLOW,175.61842388062948,kg_h
SR-000000000230,FS-000000002,EN-000001,AC-00001,2026-07-24T01:03:48,TAXI,OIL_TEMP,50.318019037718436,C
SR-000000000231,FS-000000002,EN-000001,AC-00001,2026-07-24T01:03:48,TAXI,OIL_PRESSURE,15.79353456757446,psi
SR-000000000232,FS-000000002,EN-000001,AC-00001,2026-07-24T01:03:48,TAXI,VIBRATION,1.461264599011926,units_0_5
SR-000000000233,FS-000000002,EN-000002,AC-00001,2026-07-24T01:03:48,TAXI,EGT,339.33938055991837,C
SR-000000000234,FS-000000002,EN-000002,AC-00001,2026-07-24T01:03:48,TAXI,N1,28.785636517758487,pct
SR-000000000235,FS-000000002,EN-000002,AC-00001,2026-07-24T01:03:48,TAXI,N2,52.28856952153215,pct
SR-000000000236,FS-000000002,EN-000002,AC-00001,2026-07-24T01:03:48,TAXI,FUEL_FLOW,187.16268717292095,kg_h
SR-000000000237,FS-000000002,EN-000002,AC-00001,2026-07-24T01:03:48,TAXI,OIL_TEMP,63.76695785051496,C
SR-000000000238,FS-000000002,EN-000002,AC-00001,2026-07-24T01:03:48,TAXI,OIL_PRESSURE,17.172735045041644,psi
SR-000000000239,FS-000000002,EN-000002,AC-00001,2026-07-24T01:03:48,TAXI,VIBRATION,1.516147947010847,units_0_5
SR-000000000240,FS-000000002,,AC-00001,2026-07-24T01:03:48,TAXI,APU_EGT,455.57995835464783,C
SR-000000000241,FS-000000002,,AC-00001,2026-07-24T01:03:48,TAXI,CABIN_ALTITUDE,27.1438974355328,ft
SR-000000000242,FS-000000002,EN-000001,AC-00001,2026-07-24T01:06:48,TAKEOFF,EGT,908.8778020139608,C
SR-000000000243,FS-000000002,EN-000001,AC-00001,2026-07-24T01:06:48,TAKEOFF,N1,94.92093980175312,pct
SR-000000000244,FS-000000002,EN-000001,AC-00001,2026-07-24T01:06:48,TAKEOFF,N2,96.43885037354563,pct
SR-000000000245,FS-000000002,EN-000001,AC-00001,2026-07-24T01:06:48,TAKEOFF,FUEL_FLOW,3129.628131362127,kg_h
SR-000000000246,FS-000000002,EN-000001,AC-00001,2026-07-24T01:06:48,TAKEOFF,OIL_TEMP,115.50449953472288,C
SR-000000000247,FS-000000002,EN-000001,AC-00001,2026-07-24T01:06:48,TAKEOFF,OIL_PRESSURE,55.77439998022246,psi
SR-000000000248,FS-000000002,EN-000001,AC-00001,2026-07-24T01:06:48,TAKEOFF,VIBRATION,1.4249768359684996,units_0_5
SR-000000000249,FS-000000002,EN-000002,AC-00001,2026-07-24T01:06:48,TAKEOFF,EGT,897.7204217551895,C
SR-000000000250,FS-000000002,EN-000002,AC-00001,2026-07-24T01:06:48,TAKEOFF,N1,91.09970123068736,pct
SR-000000000251,FS-000000002,EN-000002,AC-00001,2026-07-24T01:06:48,TAKEOFF,N2,103.13726479597698,pct
SR-000000000252,FS-000000002,EN-000002,AC-00001,2026-07-24T01:06:48,TAKEOFF,FUEL_FLOW,3032.7895153884165,kg_h
SR-000000000253,FS-000000002,EN-000002,AC-00001,2026-07-24T01:06:48,TAKEOFF,OIL_TEMP,111.9702535101554,C
SR-000000000254,FS-000000002,EN-000002,AC-00001,2026-07-24T01:06:48,TAKEOFF,OIL_PRESSURE,55.898233078776784,psi
SR-000000000255,FS-000000002,EN-000002,AC-00001,2026-07-24T01:06:48,TAKEOFF,VIBRATION,1.2908508129071017,units_0_5
SR-000000000256,FS-000000002,,AC-00001,2026-07-24T01:06:48,TAKEOFF,APU_EGT,79.30781483407655,C
SR-000000000257,FS-000000002,,AC-00001,2026-07-24T01:06:48,TAKEOFF,CABIN_ALTITUDE,,ft
SR-000000000258,FS-000000002,EN-000001,AC-00001,2026-07-24T01:08:48,INITIAL_CLIMB,EGT,858.991054027319,C
SR-000000000259,FS-000000002,EN-000001,AC-00001,2026-07-24T01:08:48,INITIAL_CLIMB,N1,101.54160892617567,pct
SR-000000000260,FS-000000002,EN-000001,AC-00001,2026-07-24T01:08:48,INITIAL_CLIMB,N2,97.20231036246824,pct
SR-000000000261,FS-000000002,EN-000001,AC-00001,2026-07-24T01:08:48,INITIAL_CLIMB,FUEL_FLOW,2602.6678923447294,kg_h
SR-000000000262,FS-000000002,EN-000001,AC-00001,2026-07-24T01:08:48,INITIAL_CLIMB,OIL_TEMP,111.30999033829417,C
SR-000000000263,FS-000000002,EN-000001,AC-00001,2026-07-24T01:08:48,INITIAL_CLIMB,OIL_PRESSURE,55.74159410919246,psi
SR-000000000264,FS-000000002,EN-000001,AC-00001,2026-07-24T01:08:48,INITIAL_CLIMB,VIBRATION,1.2618164200534585,units_0_5
SR-000000000265,FS-000000002,EN-000002,AC-00001,2026-07-24T01:08:48,INITIAL_CLIMB,EGT,824.2259198443677,C
SR-000000000266,FS-000000002,EN-000002,AC-00001,2026-07-24T01:08:48,INITIAL_CLIMB,N1,102.33897217159787,pct
SR-000000000267,FS-000000002,EN-000002,AC-00001,2026-07-24T01:08:48,INITIAL_CLIMB,N2,99.53204751504009,pct
SR-000000000268,FS-000000002,EN-000002,AC-00001,2026-07-24T01:08:48,INITIAL_CLIMB,FUEL_FLOW,2617.057127722169,kg_h
SR-000000000269,FS-000000002,EN-000002,AC-00001,2026-07-24T01:08:48,INITIAL_CLIMB,OIL_TEMP,116.57428293662836,C
SR-000000000270,FS-000000002,EN-000002,AC-00001,2026-07-24T01:08:48,INITIAL_CLIMB,OIL_PRESSURE,50.79677101157715,psi
SR-000000000271,FS-000000002,EN-000002,AC-00001,2026-07-24T01:08:48,INITIAL_CLIMB,VIBRATION,1.3298625643868578,units_0_5
SR-000000000272,FS-000000002,,AC-00001,2026-07-24T01:08:48,INITIAL_CLIMB,APU_EGT,100.20070967194943,C
SR-000000000273,FS-000000002,,AC-00001,2026-07-24T01:08:48,INITIAL_CLIMB,CABIN_ALTITUDE,2201.803370427901,ft
SR-000000000274,FS-000000002,EN-000001,AC-00001,2026-07-24T01:30:30,CLIMB,EGT,743.8677017137531,C
SR-000000000275,FS-000000002,EN-000001,AC-00001,2026-07-24T01:30:30,CLIMB,N1,87.69688541003353,pct
SR-000000000276,FS-000000002,EN-000001,AC-00001,2026-07-24T01:30:30,CLIMB,N2,,pct
SR-000000000277,FS-000000002,EN-000001,AC-00001,2026-07-24T01:30:30,CLIMB,FUEL_FLOW,2048.0281780342843,kg_h
SR-000000000278,FS-000000002,EN-000001,AC-00001,2026-07-24T01:30:30,CLIMB,OIL_TEMP,110.64591482072802,C
SR-000000000279,FS-000000002,EN-000001,AC-00001,2026-07-24T01:30:30,CLIMB,OIL_PRESSURE,55.53505216812059,psi
SR-000000000280,FS-000000002,EN-000001,AC-00001,2026-07-24T01:30:30,CLIMB,VIBRATION,1.420990842544177,units_0_5
SR-000000000281,FS-000000002,EN-000002,AC-00001,2026-07-24T01:30:30,CLIMB,EGT,727.1530867431395,C
SR-000000000282,FS-000000002,EN-000002,AC-00001,2026-07-24T01:30:30,CLIMB,N1,84.00364383796344,pct
SR-000000000283,FS-000000002,EN-000002,AC-00001,2026-07-24T01:30:30,CLIMB,N2,85.9843784287611,pct
SR-000000000284,FS-000000002,EN-000002,AC-00001,2026-07-24T01:30:30,CLIMB,FUEL_FLOW,1915.9334086230194,kg_h
SR-000000000285,FS-000000002,EN-000002,AC-00001,2026-07-24T01:30:30,CLIMB,OIL_TEMP,115.17832663035944,C
SR-000000000286,FS-000000002,EN-000002,AC-00001,2026-07-24T01:30:30,CLIMB,OIL_PRESSURE,52.62780221870092,psi
SR-000000000287,FS-000000002,EN-000002,AC-00001,2026-07-24T01:30:30,CLIMB,VIBRATION,1.3530641062605262,units_0_5
SR-000000000288,FS-000000002,,AC-00001,2026-07-24T01:30:30,CLIMB,APU_EGT,105.00090017058302,C
SR-000000000289,FS-000000002,,AC-00001,2026-07-24T01:30:30,CLIMB,CABIN_ALTITUDE,6051.18524090137,ft
SR-000000000290,FS-000000002,EN-000001,AC-00001,2026-07-24T01:55:45,CRUISE,EGT,625.513877756073,C
SR-000000000291,FS-000000002,EN-000001,AC-00001,2026-07-24T01:55:45,CRUISE,N1,77.62093840380928,pct
SR-000000000292,FS-000000002,EN-000001,AC-00001,2026-07-24T01:55:45,CRUISE,N2,81.7234639363905,pct
SR-000000000293,FS-000000002,EN-000001,AC-00001,2026-07-24T01:55:45,CRUISE,FUEL_FLOW,1287.6091919197509,kg_h
SR-000000000294,FS-000000002,EN-000001,AC-00001,2026-07-24T01:55:45,CRUISE,OIL_TEMP,111.92496538057172,C
SR-000000000295,FS-000000002,EN-000001,AC-00001,2026-07-24T01:55:45,CRUISE,OIL_PRESSURE,59.06065326340237,psi
SR-000000000296,FS-000000002,EN-000002,AC-00001,2026-07-24T01:55:45,CRUISE,VIBRATION,1.337748882298804,units_0_5
SR-000000000297,FS-000000002,EN-000002,AC-00001,2026-07-24T01:55:45,CRUISE,EGT,604.6713602430303,C
SR-000000000298,FS-000000002,EN-000002,AC-00001,2026-07-24T01:55:45,CRUISE,N1,92.78886271188455,pct
SR-000000000299,FS-000000002,EN-000002,AC-00001,2026-07-24T01:55:45,CRUISE,N2,90.84640750421194,pct
SR-000000000300,FS-000000002,EN-000002,AC-00001,2026-07-24T01:55:45,CRUISE,FUEL_FLOW,1120.611359020102,kg_h
SR-000000000301,FS-000000002,EN-000002,AC-00001,2026-07-24T01:55:45,CRUISE,OIL_TEMP,106.59189298321746,C
SR-000000000302,FS-000000002,EN-000002,AC-00001,2026-07-24T01:55:45,CRUISE,OIL_PRESSURE,56.04053353968706,psi
SR-000000000303,FS-000000002,EN-000002,AC-00001,2026-07-24T01:55:45,CRUISE,VIBRATION,1.371865483071532,units_0_5
SR-000000000304,FS-000000002,,AC-00001,2026-07-24T01:55:45,CRUISE,APU_EGT,69.88110858208309,C
SR-000000000305,FS-000000002,,AC-00001,2026-07-24T01:55:45,CRUISE,CABIN_ALTITUDE,7087.589947337366,ft
SR-000000000306,FS-000000002,EN-000001,AC-00001,2026-07-24T02:05:51,CRUISE,EGT,606.971501310872,C
SR-000000000307,FS-000000002,EN-000001,AC-00001,2026-07-24T02:05:51,CRUISE,N1,79.59763640388427,pct
SR-000000000308,FS-000000002,EN-000001,AC-00001,2026-07-24T02:05:51,CRUISE,N2,88.43242025000849,pct
SR-000000000309,FS-000000002,EN-000001,AC-00001,2026-07-24T02:05:51,CRUISE,FUEL_FLOW,1365.582462301555,kg_h
SR-000000000310,FS-000000002,EN-000001,AC-00001,2026-07-24T02:05:51,CRUISE,OIL_TEMP,108.28137790152583,C
SR-000000000311,FS-000000002,EN-000001,AC-00001,2026-07-24T02:05:51,CRUISE,OIL_PRESSURE,55.41610610265694,psi
SR-000000000312,FS-000000002,EN-000001,AC-00001,2026-07-24T02:05:51,CRUISE,VIBRATION,1.3904579194541429,units_0_5
SR-000000000313,FS-000000002,EN-000002,AC-00001,2026-07-24T02:05:51,CRUISE,EGT,662.6482561316585,C
SR-000000000314,FS-000000002,EN-000002,AC-00001,2026-07-24T02:05:51,CRUISE,N1,82.9041969349962,pct
SR-000000000315,FS-000000002,EN-000002,AC-00001,2026-07-24T02:05:51,CRUISE,N2,87.25276613569453,pct
SR-000000000316,FS-000000002,EN-000002,AC-00001,2026-07-24T02:05:51,CRUISE,FUEL_FLOW,1371.0466088459823,kg_h
SR-000000000317,FS-000000002,EN-000002,AC-00001,2026-07-24T02:05:51,CRUISE,OIL_TEMP,,C
SR-000000000318,FS-000000002,EN-000002,AC-00001,2026-07-24T02:05:51,CRUISE,OIL_PRESSURE,54.06391431950981,psi
SR-000000000319,FS-000000002,EN-000002,AC-00001,2026-07-24T02:05:51,CRUISE,VIBRATION,1.3914706728153774,units_0_5
SR-000000000320,FS-000000002,,AC-00001,2026-07-24T02:05:51,CRUISE,APU_EGT,48.91056537347649,C
SR-000000000321,FS-000000002,,AC-00001,2026-07-24T02:05:51,CRUISE,CABIN_ALTITUDE,7230.496522810718,ft
SR-000000000322,FS-000000002,EN-000001,AC-00001,2026-07-24T02:15:58,CRUISE,EGT,684.4634610254608,C
SR-000000000323,FS-000000002,EN-000001,AC-00001,2026-07-24T02:15:58,CRUISE,N1,,pct
SR-000000000324,FS-000000002,EN-000001,AC-00001,2026-07-24T02:15:58,CRUISE,N2,82.64744609210814,pct
SR-000000000325,FS-000000002,EN-000001,AC-00001,2026-07-24T02:15:58,CRUISE,FUEL_FLOW,1334.5981148768833,kg_h
SR-000000000326,FS-000000002,EN-000001,AC-00001,2026-07-24T02:15:58,CRUISE,OIL_TEMP,103.77321797365455,C
SR-000000000327,FS-000000002,EN-000001,AC-00001,2026-07-24T02:15:58,CRUISE,OIL_PRESSURE,52.74576864730887,psi
SR-000000000328,FS-000000002,EN-000001,AC-00001,2026-07-24T02:15:58,CRUISE,VIBRATION,1.3821775199034458,units_0_5
SR-000000000329,FS-000000002,EN-000002,AC-00001,2026-07-24T02:15:58,CRUISE,EGT,661.695572607917,C
SR-000000000330,FS-000000002,EN-000002,AC-00001,2026-07-24T02:15:58,CRUISE,N1,82.81858324614109,pct
SR-000000000331,FS-000000002,EN-000002,AC-00001,2026-07-24T02:15:58,CRUISE,N2,89.42029639809994,pct
SR-000000000332,FS-000000002,EN-000002,AC-00001,2026-07-24T02:15:58,CRUISE,FUEL_FLOW,1155.3273215109257,kg_h
SR-000000000333,FS-000000002,EN-000002,AC-00001,2026-07-24T02:15:58,CRUISE,OIL_TEMP,101.65539893667639,C
SR-000000000334,FS-000000002,EN-000002,AC-00001,2026-07-24T02:15:58,CRUISE,OIL_PRESSURE,51.64535176766385,psi
SR-000000000335,FS-000000002,EN-000002,AC-00001,2026-07-24T02:15:58,CRUISE,VIBRATION,1.240515331206531,units_0_5
SR-000000000336,FS-000000002,,AC-00001,2026-07-24T02:15:58,CRUISE,APU_EGT,65.56528693990663,C
SR-000000000337,FS-000000002,,AC-00001,2026-07-24T02:15:58,CRUISE,CABIN_ALTITUDE,6754.354891823265,ft
SR-000000000338,FS-000000002,EN-000001,AC-00001,2026-07-24T02:26:04,CRUISE,EGT,695.9632494559062,C
SR-000000000339,FS-000000002,EN-000001,AC-00001,2026-07-24T02:26:04,CRUISE,N1,86.97424546943175,pct
SR-000000000340,FS-000000002,EN-000001,AC-00001,2026-07-24T02:26:04,CRUISE,N2,87.09562076428006,pct
SR-000000000341,FS-000000002,EN-000001,AC-00001,2026-07-24T02:26:04,CRUISE,FUEL_FLOW,1364.5403512406226,kg_h
SR-000000000342,FS-000000002,EN-000001,AC-00001,2026-07-24T02:26:04,CRUISE,OIL_TEMP,110.64232756710435,C
SR-000000000343,FS-000000002,EN-000001,AC-00001,2026-07-24T02:26:04,CRUISE,OIL_PRESSURE,55.11590445976547,psi
SR-000000000344,FS-000000002,EN-000001,AC-00001,2026-07-24T02:26:04,CRUISE,VIBRATION,1.4334897701348228,units_0_5
SR-000000000345,FS-000000002,EN-000002,AC-00001,2026-07-24T02:26:04,CRUISE,EGT,666.0558359280847,C
SR-000000000346,FS-000000002,EN-000002,AC-00001,2026-07-24T02:26:04,CRUISE,N1,82.31009354217011,pct
SR-000000000347,FS-000000002,EN-000002,AC-00001,2026-07-24T02:26:04,CRUISE,N2,87.77530885678566,pct
SR-000000000348,FS-000000002,EN-000002,AC-00001,2026-07-24T02:26:04,CRUISE,FUEL_FLOW,1173.8695542847206,kg_h
SR-000000000349,FS-000000002,EN-000002,AC-00001,2026-07-24T02:26:04,CRUISE,OIL_TEMP,103.11876036707406,C
SR-000000000350,FS-000000002,EN-000002,AC-00001,2026-07-24T02:26:04,CRUISE,OIL_PRESSURE,53.61103007330144,psi
SR-000000000351,FS-000000002,EN-000002,AC-00001,2026-07-24T02:26:04,CRUISE,VIBRATION,1.3302014225297363,units_0_5
SR-000000000352,FS-000000002,,AC-00001,2026-07-24T02:26:04,CRUISE,APU_EGT,88.11104997567521,C
SR-000000000353,FS-000000002,,AC-00001,2026-07-24T02:26:04,CRUISE,CABIN_ALTITUDE,7128.554539188315,ft
SR-000000000354,FS-000000002,EN-000001,AC-00001,2026-07-24T02:36:10,CRUISE,EGT,650.2772924261353,C
SR-000000000355,FS-000000002,EN-000001,AC-00001,2026-07-24T02:36:10,CRUISE,N1,80.48812278223083,pct
SR-000000000356,FS-000000002,EN-000001,AC-00001,2026-07-24T02:36:10,CRUISE,N2,,pct
SR-000000000357,FS-000000002,EN-000001,AC-00001,2026-07-24T02:36:10,CRUISE,FUEL_FLOW,1329.6331926250566,kg_h
SR-000000000358,FS-000000002,EN-000001,AC-00001,2026-07-24T02:36:10,CRUISE,OIL_TEMP,109.90594763025804,C
SR-000000000359,FS-000000002,EN-000001,AC-00001,2026-07-24T02:36:10,CRUISE,OIL_PRESSURE,53.3132467188496,psi
SR-000000000360,FS-000000002,EN-000001,AC-00001,2026-07-24T02:36:10,CRUISE,VIBRATION,1.4295723307299126,units_0_5
SR-000000000361,FS-000000002,EN-000002,AC-00001,2026-07-24T02:36:10,CRUISE,EGT,702.6842205660749,C
SR-000000000362,FS-000000002,EN-000002,AC-00001,2026-07-24T02:36:10,CRUISE,N1,80.58782624581606,pct
SR-000000000364,FS-000000002,EN-000002,AC-00001,2026-07-24T02:36:10,CRUISE,FUEL_FLOW,1229.8127437817118,kg_h
SR-000000000363,FS-000000002,EN-000002,AC-00001,2026-07-24T02:36:10,CRUISE,N2,85.75261816793706,pct
SR-000000000365,FS-000000002,EN-000002,AC-00001,2026-07-24T02:36:10,CRUISE,OIL_TEMP,99.97395820653131,C
SR-000000000366,FS-000000002,EN-000002,AC-00001,2026-07-24T02:36:10,CRUISE,OIL_PRESSURE,54.59201697836118,psi
SR-000000000367,FS-000000002,EN-000002,AC-00001,2026-07-24T02:36:10,CRUISE,VIBRATION,1.4475799910440754,units_0_5
SR-000000000368,FS-000000002,,AC-00001,2026-07-24T02:36:10,CRUISE,APU_EGT,40.007191334473646,C
SR-000000000369,FS-000000002,,AC-00001,2026-07-24T02:36:10,CRUISE,CABIN_ALTITUDE,6996.970452715345,ft
SR-000000000370,FS-000000002,EN-000001,AC-00001,2026-07-24T02:46:16,CRUISE,EGT,617.6523731803788,C
SR-000000000371,FS-000000002,EN-000001,AC-00001,2026-07-24T02:46:16,CRUISE,N1,84.18608124905899,pct
SR-000000000372,FS-000000002,EN-000001,AC-00001,2026-07-24T02:46:16,CRUISE,N2,82.80542156094246,pct
SR-000000000373,FS-000000002,EN-000001,AC-00001,2026-07-24T02:46:16,CRUISE,FUEL_FLOW,1357.1470123822996,kg_h
SR-000000000374,FS-000000002,EN-000001,AC-00001,2026-07-24T02:46:16,CRUISE,OIL_TEMP,102.05890314980492,C
SR-000000000375,FS-000000002,EN-000001,AC-00001,2026-07-24T02:46:16,CRUISE,OIL_PRESSURE,,psi
SR-000000000376,FS-000000002,EN-000001,AC-00001,2026-07-24T02:46:16,CRUISE,VIBRATION,1.360879435806044,units_0_5
SR-000000000377,FS-000000002,EN-000002,AC-00001,2026-07-24T02:46:16,CRUISE,EGT,645.9391366692932,C
SR-000000000378,FS-000000002,EN-000002,AC-00001,2026-07-24T02:46:16,CRUISE,N1,81.230197499863,pct
SR-000000000379,FS-000000002,EN-000002,AC-00001,2026-07-24T02:46:16,CRUISE,N2,85.43944957135955,pct
SR-000000000380,FS-000000002,EN-000002,AC-00001,2026-07-24T02:46:16,CRUISE,FUEL_FLOW,1341.0809690047834,kg_h
SR-000000000381,FS-000000002,EN-000002,AC-00001,2026-07-24T02:46:16,CRUISE,OIL_TEMP,112.46033564931643,C
SR-000000000382,FS-000000002,EN-000002,AC-00001,2026-07-24T02:46:16,CRUISE,OIL_PRESSURE,54.10331516668082,psi
SR-000000000383,FS-000000002,EN-000002,AC-00001,2026-07-24T02:46:16,CRUISE,VIBRATION,1.2894266154370906,units_0_5
SR-000000000384,FS-000000002,,AC-00001,2026-07-24T02:46:16,CRUISE,APU_EGT,74.92596152378017,C
SR-000000000385,FS-000000002,,AC-00001,2026-07-24T02:46:16,CRUISE,CABIN_ALTITUDE,6489.075282563236,ft
SR-000000000386,FS-000000002,EN-000001,AC-00001,2026-07-24T03:08:09,DESCENT,EGT,414.2854007642845,C
SR-000000000387,FS-000000002,EN-000001,AC-00001,2026-07-24T03:08:09,DESCENT,N1,53.46441724870387,pct
SR-000000000388,FS-000000002,EN-000001,AC-00001,2026-07-24T03:08:09,DESCENT,N2,56.64471447334987,pct
SR-000000000389,FS-000000002,EN-000001,AC-00001,2026-07-24T03:08:09,DESCENT,FUEL_FLOW,565.9393935962826,kg_h
SR-000000000390,FS-000000002,EN-000001,AC-00001,2026-07-24T03:08:09,DESCENT,OIL_TEMP,89.24068372465578,C
SR-000000000391,FS-000000002,EN-000001,AC-00001,2026-07-24T03:08:09,DESCENT,OIL_PRESSURE,56.98246868316721,psi
SR-000000000392,FS-000000002,EN-000001,AC-00001,2026-07-24T03:08:09,DESCENT,VIBRATION,1.3950840420770048,units_0_5
SR-000000000393,FS-000000002,EN-000002,AC-00001,2026-07-24T03:08:09,DESCENT,EGT,461.90906725745543,C
SR-000000000394,FS-000000002,EN-000002,AC-00001,2026-07-24T03:08:09,DESCENT,N1,50.23977349300307,pct
SR-000000000395,FS-000000002,EN-000002,AC-00001,2026-07-24T03:08:09,DESCENT,N2,65.11932388454174,pct
SR-000000000396,FS-000000002,EN-000002,AC-00001,2026-07-24T03:08:09,DESCENT,FUEL_FLOW,587.9768667634316,kg_h
SR-000000000397,FS-000000002,EN-000002,AC-00001,2026-07-24T03:08:09,DESCENT,OIL_TEMP,90.30240466729586,C
SR-000000000398,FS-000000002,EN-000002,AC-00001,2026-07-24T03:08:09,DESCENT,OIL_PRESSURE,49.17332919881501,psi
SR-000000000399,FS-000000002,EN-000002,AC-00001,2026-07-24T03:08:09,DESCENT,VIBRATION,1.4697974754831151,units_0_5
SR-000000000400,FS-000000002,,AC-00001,2026-07-24T03:08:09,DESCENT,APU_EGT,79.91749334924505,C
SR-000000000401,FS-000000002,,AC-00001,2026-07-24T03:08:09,DESCENT,CABIN_ALTITUDE,5447.350377816557,ft
SR-000000000402,FS-000000002,EN-000001,AC-00001,2026-07-24T03:28:00,APPROACH,EGT,475.55162165905864,C
SR-000000000403,FS-000000002,EN-000001,AC-00001,2026-07-24T03:28:00,APPROACH,N1,55.12738553657795,pct
SR-000000000404,FS-000000002,EN-000001,AC-00001,2026-07-24T03:28:00,APPROACH,N2,75.23008279209714,pct
SR-000000000405,FS-000000002,EN-000001,AC-00001,2026-07-24T03:28:00,APPROACH,FUEL_FLOW,654.0248080519036,kg_h
SR-000000000406,FS-000000002,EN-000001,AC-00001,2026-07-24T03:28:00,APPROACH,OIL_TEMP,82.12201165204729,C
SR-000000000407,FS-000000002,EN-000001,AC-00001,2026-07-24T03:28:00,APPROACH,OIL_PRESSURE,51.174358793688434,psi
SR-000000000408,FS-000000002,EN-000001,AC-00001,2026-07-24T03:28:00,APPROACH,VIBRATION,1.3493161673037999,units_0_5
SR-000000000409,FS-000000002,EN-000002,AC-00001,2026-07-24T03:28:00,APPROACH,EGT,460.3849133243061,C
SR-000000000410,FS-000000002,EN-000002,AC-00001,2026-07-24T03:28:00,APPROACH,N1,56.225236023769774,pct
SR-000000000411,FS-000000002,EN-000002,AC-00001,2026-07-24T03:28:00,APPROACH,N2,69.9576516850654,pct
SR-000000000412,FS-000000002,EN-000002,AC-00001,2026-07-24T03:28:00,APPROACH,FUEL_FLOW,512.017283695263,kg_h
SR-000000000413,FS-000000002,EN-000002,AC-00001,2026-07-24T03:28:00,APPROACH,OIL_TEMP,89.27020728547858,C
SR-000000000414,FS-000000002,EN-000002,AC-00001,2026-07-24T03:28:00,APPROACH,OIL_PRESSURE,51.1652705180416,psi
SR-000000000415,FS-000000002,EN-000002,AC-00001,2026-07-24T03:28:00,APPROACH,VIBRATION,1.2435297445091424,units_0_5
SR-000000000416,FS-000000002,,AC-00001,2026-07-24T03:28:00,APPROACH,APU_EGT,63.8878772828651,C
SR-000000000417,FS-000000002,,AC-00001,2026-07-24T03:28:00,APPROACH,CABIN_ALTITUDE,1929.9682155297573,ft
SR-000000000418,FS-000000002,EN-000001,AC-00001,2026-07-24T03:31:30,LANDING,EGT,315.9491115439975,C
SR-000000000419,FS-000000002,EN-000001,AC-00001,2026-07-24T03:31:30,LANDING,N1,38.806217822973274,pct
SR-000000000420,FS-000000002,EN-000001,AC-00001,2026-07-24T03:31:30,LANDING,N2,56.972090845277656,pct
SR-000000000421,FS-000000002,EN-000001,AC-00001,2026-07-24T03:31:30,LANDING,FUEL_FLOW,490.64890905380076,kg_h
SR-000000000422,FS-000000002,EN-000001,AC-00001,2026-07-24T03:31:30,LANDING,OIL_TEMP,,C
SR-000000000423,FS-000000002,EN-000001,AC-00001,2026-07-24T03:31:30,LANDING,OIL_PRESSURE,59.12281042123621,psi
SR-000000000424,FS-000000002,EN-000001,AC-00001,2026-07-24T03:31:30,LANDING,VIBRATION,1.3627090135900264,units_0_5
SR-000000000425,FS-000000002,EN-000002,AC-00001,2026-07-24T03:31:30,LANDING,EGT,360.6833515767133,C
SR-000000000426,FS-000000002,EN-000002,AC-00001,2026-07-24T03:31:30,LANDING,N1,,pct
SR-000000000427,FS-000000002,EN-000002,AC-00001,2026-07-24T03:31:30,LANDING,N2,62.65386681261784,pct
SR-000000000428,FS-000000002,EN-000002,AC-00001,2026-07-24T03:31:30,LANDING,FUEL_FLOW,429.6490700382699,kg_h
SR-000000000429,FS-000000002,EN-000002,AC-00001,2026-07-24T03:31:30,LANDING,OIL_TEMP,68.52250942895371,C
SR-000000000430,FS-000000002,EN-000002,AC-00001,2026-07-24T03:31:30,LANDING,OIL_PRESSURE,54.27764320988889,psi
SR-000000000431,FS-000000002,EN-000002,AC-00001,2026-07-24T03:31:30,LANDING,VIBRATION,1.2378597319202054,units_0_5
SR-000000000432,FS-000000002,,AC-00001,2026-07-24T03:31:30,LANDING,APU_EGT,45.40800375652041,C
SR-000000000433,FS-000000002,,AC-00001,2026-07-24T03:31:30,LANDING,CABIN_ALTITUDE,-224.30353613396565,ft
SR-000000000434,FS-000000002,,AC-00001,2026-07-24T03:31:30,LANDING,BRAKE_TEMPERATURE,1059.6487567200863,C
SR-000000000435,FS-000000002,EN-000001,AC-00001,2026-07-24T03:34:00,TAXI,EGT,346.2121164082637,C
SR-000000000436,FS-000000002,EN-000001,AC-00001,2026-07-24T03:34:00,TAXI,N1,17.568860279887186,pct
SR-000000000437,FS-000000002,EN-000001,AC-00001,2026-07-24T03:34:00,TAXI,N2,49.233984354758434,pct
SR-000000000438,FS-000000002,EN-000001,AC-00001,2026-07-24T03:34:00,TAXI,FUEL_FLOW,,kg_h
SR-000000000439,FS-000000002,EN-000001,AC-00001,2026-07-24T03:34:00,TAXI,OIL_TEMP,56.152153925761866,C
SR-000000000440,FS-000000002,EN-000001,AC-00001,2026-07-24T03:34:00,TAXI,OIL_PRESSURE,17.13206812362355,psi
SR-000000000441,FS-000000002,EN-000001,AC-00001,2026-07-24T03:34:00,TAXI,VIBRATION,1.4308660452132596,units_0_5
SR-000000000442,FS-000000002,EN-000002,AC-00001,2026-07-24T03:34:00,TAXI,EGT,382.1441605756966,C
SR-000000000443,FS-000000002,EN-000002,AC-00001,2026-07-24T03:34:00,TAXI,N1,30.568522200925557,pct
SR-000000000444,FS-000000002,EN-000002,AC-00001,2026-07-24T03:34:00,TAXI,N2,56.464064969795174,pct
SR-000000000445,FS-000000002,EN-000002,AC-00001,2026-07-24T03:34:00,TAXI,FUEL_FLOW,280.4735003624926,kg_h
SR-000000000446,FS-000000002,EN-000002,AC-00001,2026-07-24T03:34:00,TAXI,OIL_TEMP,61.1068292771041,C
SR-000000000447,FS-000000002,EN-000002,AC-00001,2026-07-24T03:34:00,TAXI,OIL_PRESSURE,,psi
SR-000000000448,FS-000000002,EN-000002,AC-00001,2026-07-24T03:34:00,TAXI,VIBRATION,1.2038016503088018,units_0_5
SR-000000000449,FS-000000002,,AC-00001,2026-07-24T03:34:00,TAXI,APU_EGT,469.39908944673783,C
SR-000000000450,FS-000000002,,AC-00001,2026-07-24T03:34:00,TAXI,CABIN_ALTITUDE,6329.150650098007,ft
SR-000000000451,FS-000000003,EN-000001,AC-00001,2026-07-24T05:50:15,TAXI,EGT,338.966966192357,C
SR-000000000452,FS-000000003,EN-000001,AC-00001,2026-07-24T05:50:15,TAXI,N1,24.115267030985287,pct
SR-000000000453,FS-000000003,EN-000001,AC-00001,2026-07-24T05:50:15,TAXI,N2,52.50266376479877,pct
SR-000000000454,FS-000000003,EN-000001,AC-00001,2026-07-24T05:50:15,TAXI,FUEL_FLOW,215.32264346012056,kg_h
SR-000000000455,FS-000000003,EN-000001,AC-00001,2026-07-24T05:50:15,TAXI,OIL_TEMP,,C
SR-000000000456,FS-000000003,EN-000001,AC-00001,2026-07-24T05:50:15,TAXI,OIL_PRESSURE,15.655851413759283,psi
SR-000000000457,FS-000000003,EN-000001,AC-00001,2026-07-24T05:50:15,TAXI,VIBRATION,,units_0_5
SR-000000000458,FS-000000003,EN-000002,AC-00001,2026-07-24T05:50:15,TAXI,EGT,372.26914681154807,C
SR-000000000459,FS-000000003,EN-000002,AC-00001,2026-07-24T05:50:15,TAXI,N1,22.474087385896492,pct
SR-000000000460,FS-000000003,EN-000002,AC-00001,2026-07-24T05:50:15,TAXI,N2,57.22292842011719,pct
SR-000000000461,FS-000000003,EN-000002,AC-00001,2026-07-24T05:50:15,TAXI,FUEL_FLOW,414.71123569555937,kg_h
SR-000000000462,FS-000000003,EN-000002,AC-00001,2026-07-24T05:50:15,TAXI,OIL_TEMP,55.03591995477058,C
SR-000000000463,FS-000000003,EN-000002,AC-00001,2026-07-24T05:50:15,TAXI,OIL_PRESSURE,21.5033280270214,psi
SR-000000000464,FS-000000003,EN-000002,AC-00001,2026-07-24T05:50:15,TAXI,VIBRATION,1.327827144523524,units_0_5
SR-000000000465,FS-000000003,,AC-00001,2026-07-24T05:50:15,TAXI,APU_EGT,469.6894484112945,C
SR-000000000466,FS-000000003,,AC-00001,2026-07-24T05:50:15,TAXI,CABIN_ALTITUDE,-57.33699708797755,ft
SR-000000000467,FS-000000003,EN-000001,AC-00001,2026-07-24T05:53:15,TAKEOFF,EGT,890.9410028524691,C
SR-000000000468,FS-000000003,EN-000001,AC-00001,2026-07-24T05:53:15,TAKEOFF,N1,91.6440569383037,pct
SR-000000000469,FS-000000003,EN-000001,AC-00001,2026-07-24T05:53:15,TAKEOFF,N2,98.95849727907273,pct
SR-000000000470,FS-000000003,EN-000001,AC-00001,2026-07-24T05:53:15,TAKEOFF,FUEL_FLOW,3214.885575131635,kg_h
SR-000000000471,FS-000000003,EN-000001,AC-00001,2026-07-24T05:53:15,TAKEOFF,OIL_TEMP,104.89307173343845,C
SR-000000000472,FS-000000003,EN-000001,AC-00001,2026-07-24T05:53:15,TAKEOFF,OIL_PRESSURE,54.401989734373444,psi
SR-000000000473,FS-000000003,EN-000001,AC-00001,2026-07-24T05:53:15,TAKEOFF,VIBRATION,1.5108683846324815,units_0_5
SR-000000000474,FS-000000003,EN-000002,AC-00001,2026-07-24T05:53:15,TAKEOFF,EGT,871.3017364009803,C
SR-000000000475,FS-000000003,EN-000002,AC-00001,2026-07-24T05:53:15,TAKEOFF,N1,99.54498154799771,pct
SR-000000000476,FS-000000003,EN-000002,AC-00001,2026-07-24T05:53:15,TAKEOFF,N2,97.73527081601812,pct
SR-000000000477,FS-000000003,EN-000002,AC-00001,2026-07-24T05:53:15,TAKEOFF,FUEL_FLOW,3142.9673509093145,kg_h
SR-000000000478,FS-000000003,EN-000002,AC-00001,2026-07-24T05:53:15,TAKEOFF,OIL_TEMP,118.72899547199677,C
SR-000000000479,FS-000000003,EN-000002,AC-00001,2026-07-24T05:53:15,TAKEOFF,OIL_PRESSURE,53.190279407459194,psi
SR-000000000480,FS-000000003,EN-000002,AC-00001,2026-07-24T05:53:15,TAKEOFF,VIBRATION,1.4277222308717064,units_0_5
SR-000000000481,FS-000000003,EN-000001,AC-00001,2026-07-24T05:53:15,TAKEOFF,APU_EGT,65.80388903662788,C
SR-000000000482,FS-000000003,,AC-00001,2026-07-24T05:53:15,TAKEOFF,CABIN_ALTITUDE,181.0723655049918,ft
SR-000000000483,FS-000000003,EN-000001,AC-00001,2026-07-24T05:55:15,INITIAL_CLIMB,EGT,786.4142815192645,C
SR-000000000484,FS-000000003,EN-000001,AC-00001,2026-07-24T05:55:15,INITIAL_CLIMB,N1,87.89474220365778,pct
SR-000000000485,FS-000000003,EN-000001,AC-00001,2026-07-24T05:55:15,INITIAL_CLIMB,N2,97.26261877804562,pct
SR-000000000486,FS-000000003,EN-000001,AC-00001,2026-07-24T05:55:15,INITIAL_CLIMB,FUEL_FLOW,2697.2919908093913,kg_h
SR-000000000487,FS-000000003,EN-000001,AC-00001,2026-07-24T05:55:15,INITIAL_CLIMB,OIL_TEMP,111.6890733473843,C
SR-000000000488,FS-000000003,EN-000001,AC-00001,2026-07-24T05:55:15,INITIAL_CLIMB,OIL_PRESSURE,56.836935294008896,psi
SR-000000000489,FS-000000003,EN-000001,AC-00001,2026-07-24T05:55:15,INITIAL_CLIMB,VIBRATION,1.2910616808509232,units_0_5
SR-000000000490,FS-000000003,EN-000002,AC-00001,2026-07-24T05:55:15,INITIAL_CLIMB,EGT,877.0602042178832,C
SR-000000000491,FS-000000003,EN-000001,AC-00001,2026-07-24T05:55:15,INITIAL_CLIMB,N1,91.92133626292275,pct
SR-000000000492,FS-000000003,EN-000002,AC-00001,2026-07-24T05:55:15,INITIAL_CLIMB,N2,98.90840258199532,pct
SR-000000000493,FS-000000003,EN-000002,AC-00001,2026-07-24T05:55:15,INITIAL_CLIMB,FUEL_FLOW,2530.0764473370696,kg_h
SR-000000000494,FS-000000003,EN-000002,AC-00001,2026-07-24T05:55:15,INITIAL_CLIMB,OIL_TEMP,116.89597892575196,C
SR-000000000495,FS-000000003,EN-000002,AC-00001,2026-07-24T05:55:15,INITIAL_CLIMB,OIL_PRESSURE,46.50245312425227,psi
SR-000000000496,FS-000000003,EN-000002,AC-00001,2026-07-24T05:55:15,INITIAL_CLIMB,VIBRATION,1.3812605383387997,units_0_5
SR-000000000497,FS-000000003,,AC-00001,2026-07-24T05:55:15,INITIAL_CLIMB,APU_EGT,56.742877781650996,C
SR-000000000498,FS-000000003,,AC-00001,2026-07-24T05:55:15,INITIAL_CLIMB,CABIN_ALTITUDE,2225.5054683287944,ft
SR-000000000499,FS-000000003,EN-000001,AC-00001,2026-07-24T06:16:57,CLIMB,EGT,757.3505024771574,C
SR-000000000500,FS-000000003,EN-000001,AC-00001,2026-07-24T06:16:57,CLIMB,N1,77.53706773901304,pct
SR-000000000501,FS-000000003,EN-000001,AC-00001,2026-07-24T06:16:57,CLIMB,N2,88.77325672457415,pct
SR-000000000502,FS-000000003,EN-000001,AC-00001,2026-07-24T06:16:57,CLIMB,FUEL_FLOW,2005.1365883426797,kg_h
SR-000000000503,FS-000000003,EN-000001,AC-00001,2026-07-24T06:16:57,CLIMB,OIL_TEMP,111.42512798366629,C
SR-000000000504,FS-000000003,EN-000001,AC-00001,2026-07-24T06:16:57,CLIMB,OIL_PRESSURE,55.37876993089988,psi
SR-000000000505,FS-000000003,EN-000001,AC-00001,2026-07-24T06:16:57,CLIMB,VIBRATION,1.326535508048061,units_0_5
SR-000000000506,FS-000000003,EN-000002,AC-00001,2026-07-24T06:16:57,CLIMB,EGT,755.0616207307321,C
SR-000000000507,FS-000000003,EN-000002,AC-00001,2026-07-24T06:16:57,CLIMB,N1,83.3581643086775,pct
SR-000000000508,FS-000000003,EN-000002,AC-00001,2026-07-24T06:16:57,CLIMB,N2,94.12685966905552,pct
SR-000000000509,FS-000000003,EN-000002,AC-00001,2026-07-24T06:16:57,CLIMB,FUEL_FLOW,2009.9947892167504,kg_h
SR-000000000510,FS-000000003,EN-000002,AC-00001,2026-07-24T06:16:57,CLIMB,OIL_TEMP,116.41280814210897,C
SR-000000000511,FS-000000003,EN-000002,AC-00001,2026-07-24T06:16:57,CLIMB,OIL_PRESSURE,53.672510374555834,psi
SR-000000000512,FS-000000003,EN-000002,AC-00001,2026-07-24T06:16:57,CLIMB,VIBRATION,1.3471627328687308,units_0_5
SR-000000000513,FS-000000003,,AC-00001,2026-07-24T06:16:57,CLIMB,APU_EGT,,C
SR-000000000514,FS-000000003,,AC-00001,2026-07-24T06:16:57,CLIMB,CABIN_ALTITUDE,5571.782408191104,ft
SR-000000000515,FS-000000003,EN-000001,AC-00001,2026-07-24T06:42:13,CRUISE,EGT,663.7332712527576,C
SR-000000000516,FS-000000003,EN-000001,AC-00001,2026-07-24T06:42:13,CRUISE,N1,69.36057720274444,pct
SR-000000000517,FS-000000003,EN-000001,AC-00001,2026-07-24T06:42:13,CRUISE,N2,84.55368954333271,pct
SR-000000000518,FS-000000003,EN-000001,AC-00001,2026-07-24T06:42:13,CRUISE,FUEL_FLOW,1262.0714526172767,kg_h
SR-000000000519,FS-000000003,EN-000001,AC-00001,2026-07-24T06:42:13,CRUISE,OIL_TEMP,106.75800051185149,C
SR-000000000520,FS-000000003,EN-000001,AC-00001,2026-07-24T06:42:13,CRUISE,OIL_PRESSURE,54.9588662004281,psi
SR-000000000521,FS-000000003,EN-000001,AC-00001,2026-07-24T06:42:13,CRUISE,VIBRATION,1.3352938551252618,units_0_5
SR-000000000522,FS-000000003,EN-000002,AC-00001,2026-07-24T06:42:13,CRUISE,EGT,626.7198298667346,C
SR-000000000523,FS-000000003,EN-000002,AC-00001,2026-07-24T06:42:13,CRUISE,N1,83.70920843369588,pct
SR-000000000524,FS-000000003,EN-000002,AC-00001,2026-07-24T06:42:13,CRUISE,N2,81.61557902516486,pct
SR-000000000525,FS-000000003,EN-000002,AC-00001,2026-07-24T06:42:13,CRUISE,FUEL_FLOW,1326.6038548191225,kg_h
SR-000000000526,FS-000000003,EN-000002,AC-00001,2026-07-24T06:42:13,CRUISE,OIL_TEMP,104.77992075366043,C
SR-000000000527,FS-000000003,EN-000002,AC-00001,2026-07-24T06:42:13,CRUISE,OIL_PRESSURE,60.72925015468076,psi
SR-000000000528,FS-000000003,EN-000002,AC-00001,2026-07-24T06:42:13,CRUISE,VIBRATION,1.485654320374744,units_0_5
SR-000000000529,FS-000000003,,AC-00001,2026-07-24T06:42:13,CRUISE,APU_EGT,17.058984158738653,C
SR-000000000530,FS-000000003,,AC-00001,2026-07-24T06:42:13,CRUISE,CABIN_ALTITUDE,6869.786261550504,ft
SR-000000000531,FS-000000003,EN-000001,AC-00001,2026-07-24T06:52:19,CRUISE,EGT,700.527522034445,C
SR-000000000532,FS-000000003,EN-000001,AC-00001,2026-07-24T06:52:19,CRUISE,N1,81.78370190391753,pct
SR-000000000533,FS-000000003,EN-000001,AC-00001,2026-07-24T06:52:19,CRUISE,N2,77.1556217694765,pct
SR-000000000534,FS-000000003,EN-000001,AC-00001,2026-07-24T06:52:19,CRUISE,FUEL_FLOW,1422.9224854585266,kg_h
SR-000000000535,FS-000000003,EN-000001,AC-00001,2026-07-24T06:52:19,CRUISE,OIL_TEMP,109.84925017301774,C
SR-000000000536,FS-000000003,EN-000001,AC-00001,2026-07-24T06:52:19,CRUISE,OIL_PRESSURE,50.74975909356301,psi
SR-000000000537,FS-000000003,EN-000001,AC-00001,2026-07-24T06:52:19,CRUISE,VIBRATION,1.2293837700670494,units_0_5
SR-000000000538,FS-000000003,EN-000002,AC-00001,2026-07-24T06:52:19,CRUISE,EGT,689.4737032056651,C
SR-000000000539,FS-000000003,EN-000002,AC-00001,2026-07-24T06:52:19,CRUISE,N1,79.4949657556517,pct
SR-000000000540,FS-000000003,EN-000002,AC-00001,2026-07-24T06:52:19,CRUISE,N2,86.5329969146811,pct
SR-000000000541,FS-000000003,EN-000002,AC-00001,2026-07-24T06:52:19,CRUISE,FUEL_FLOW,1279.9362718947862,kg_h
SR-000000000542,FS-000000003,EN-000002,AC-00001,2026-07-24T06:52:19,CRUISE,OIL_TEMP,110.5370908171547,C
SR-000000000543,FS-000000003,EN-000002,AC-00001,2026-07-24T06:52:19,CRUISE,OIL_PRESSURE,59.1824304911518,psi
SR-000000000544,FS-000000003,EN-000002,AC-00001,2026-07-24T06:52:19,CRUISE,VIBRATION,1.3664787920100818,units_0_5
SR-000000000545,FS-000000003,,AC-00001,2026-07-24T06:52:19,CRUISE,APU_EGT,99.37032309236007,C
SR-000000000546,FS-000000003,,AC-00001,2026-07-24T06:52:19,CRUISE,CABIN_ALTITUDE,6961.621141204426,ft
SR-000000000547,FS-000000003,EN-000001,AC-00001,2026-07-24T07:02:25,CRUISE,EGT,667.3419261332092,C
SR-000000000548,FS-000000003,EN-000001,AC-00001,2026-07-24T07:02:25,CRUISE,N1,79.14157263910927,pct
SR-000000000549,FS-000000003,EN-000001,AC-00001,2026-07-24T07:02:25,CRUISE,N2,81.8619824014821,pct
SR-000000000550,FS-000000003,EN-000001,AC-00001,2026-07-24T07:02:25,CRUISE,FUEL_FLOW,1212.971543929717,kg_h
SR-000000000551,FS-000000003,EN-000001,AC-00001,2026-07-24T07:02:25,CRUISE,OIL_TEMP,109.94800327114909,C
SR-000000000552,FS-000000003,EN-000001,AC-00001,2026-07-24T07:02:25,CRUISE,OIL_PRESSURE,48.22723505519196,psi
SR-000000000553,FS-000000003,EN-000002,AC-00001,2026-07-24T07:02:25,CRUISE,VIBRATION,1.427990685887691,units_0_5
SR-000000000554,FS-000000003,EN-000002,AC-00001,2026-07-24T07:02:25,CRUISE,EGT,610.7515407862471,C
SR-000000000555,FS-000000003,EN-000002,AC-00001,2026-07-24T07:02:25,CRUISE,N1,75.54185996332255,pct
SR-000000000556,FS-000000003,EN-000002,AC-00001,2026-07-24T07:02:25,CRUISE,N2,81.42310736863003,pct
SR-000000000557,FS-000000003,EN-000002,AC-00001,2026-07-24T07:02:25,CRUISE,FUEL_FLOW,1371.6660811937536,kg_h
SR-000000000558,FS-000000003,EN-000002,AC-00001,2026-07-24T07:02:25,CRUISE,OIL_TEMP,105.33294446441246,C
SR-000000000559,FS-000000003,EN-000002,AC-00001,2026-07-24T07:02:25,CRUISE,OIL_PRESSURE,54.833431736700945,psi
SR-000000000561,FS-000000003,,AC-00001,2026-07-24T07:02:25,CRUISE,APU_EGT,93.00237178959328,C
SR-000000000560,FS-000000003,EN-000002,AC-00001,2026-07-24T07:02:25,CRUISE,VIBRATION,1.326021647771489,units_0_5
SR-000000000562,FS-000000003,,AC-00001,2026-07-24T07:02:25,CRUISE,CABIN_ALTITUDE,6385.3511944667,ft
SR-000000000563,FS-000000003,EN-000001,AC-00001,2026-07-24T07:12:31,CRUISE,EGT,682.1101232508056,C
SR-000000000564,FS-000000003,EN-000001,AC-00001,2026-07-24T07:12:31,CRUISE,N1,78.0248063391515,pct
SR-000000000565,FS-000000003,EN-000001,AC-00001,2026-07-24T07:12:31,CRUISE,N2,79.26638543632285,pct
SR-000000000566,FS-000000003,EN-000001,AC-00001,2026-07-24T07:12:31,CRUISE,FUEL_FLOW,1271.169664198527,kg_h
SR-000000000567,FS-000000003,EN-000001,AC-00001,2026-07-24T07:12:31,CRUISE,OIL_TEMP,106.41069764976507,C
SR-000000000568,FS-000000003,EN-000001,AC-00001,2026-07-24T07:12:31,CRUISE,OIL_PRESSURE,52.485056857670315,psi
SR-000000000569,FS-000000003,EN-000001,AC-00001,2026-07-24T07:12:31,CRUISE,VIBRATION,1.5120584818846696,units_0_5
SR-000000000570,FS-000000003,EN-000002,AC-00001,2026-07-24T07:12:31,CRUISE,EGT,667.0135990080341,C
SR-000000000571,FS-000000003,EN-000002,AC-00001,2026-07-24T07:12:31,CRUISE,N1,77.94139001927469,pct
SR-000000000572,FS-000000003,EN-000002,AC-00001,2026-07-24T07:12:31,CRUISE,N2,84.94307736270927,pct
SR-000000000573,FS-000000003,EN-000002,AC-00001,2026-07-24T07:12:31,CRUISE,FUEL_FLOW,1352.2013849001323,kg_h
SR-000000000574,FS-000000003,EN-000002,AC-00001,2026-07-24T07:12:31,CRUISE,OIL_TEMP,101.87635765989064,C
SR-000000000575,FS-000000003,EN-000002,AC-00001,2026-07-24T07:12:31,CRUISE,OIL_PRESSURE,48.80140688566666,psi
SR-000000000576,FS-000000003,EN-000002,AC-00001,2026-07-24T07:12:31,CRUISE,VIBRATION,1.4266336098818435,units_0_5
SR-000000000577,FS-000000003,,AC-00001,2026-07-24T07:12:31,CRUISE,APU_EGT,70.65247654030746,C
SR-000000000578,FS-000000003,,AC-00001,2026-07-24T07:12:31,CRUISE,CABIN_ALTITUDE,7285.060079131118,ft
SR-000000000579,FS-000000003,EN-000001,AC-00001,2026-07-24T07:22:37,CRUISE,EGT,605.2986225977795,C
SR-000000000580,FS-000000003,EN-000001,AC-00001,2026-07-24T07:22:37,CRUISE,N1,79.84799984424704,pct
SR-000000000581,FS-000000003,EN-000001,AC-00001,2026-07-24T07:22:37,CRUISE,N2,91.51577804462471,pct
SR-000000000582,FS-000000003,EN-000001,AC-00001,2026-07-24T07:22:37,CRUISE,FUEL_FLOW,1232.7655261961852,kg_h
SR-000000000583,FS-000000003,EN-000001,AC-00001,2026-07-24T07:22:37,CRUISE,OIL_TEMP,106.11894560783072,C
SR-000000000584,FS-000000003,EN-000001,AC-00001,2026-07-24T07:22:37,CRUISE,OIL_PRESSURE,55.874108802485736,psi
SR-000000000585,FS-000000003,EN-000001,AC-00001,2026-07-24T07:22:37,CRUISE,VIBRATION,1.4596802196493048,units_0_5
SR-000000000586,FS-000000003,EN-000002,AC-00001,2026-07-24T07:22:37,CRUISE,EGT,677.6825437902403,C
SR-000000000587,FS-000000003,EN-000002,AC-00001,2026-07-24T07:22:37,CRUISE,N1,78.03033864641365,pct
SR-000000000588,FS-000000003,EN-000002,AC-00001,2026-07-24T07:22:37,CRUISE,N2,86.86340698486607,pct
SR-000000000589,FS-000000003,EN-000002,AC-00001,2026-07-24T07:22:37,CRUISE,FUEL_FLOW,1281.4604320527349,kg_h
SR-000000000590,FS-000000003,EN-000002,AC-00001,2026-07-24T07:22:37,CRUISE,OIL_TEMP,106.2539558624462,C
SR-000000000591,FS-000000003,EN-000002,AC-00001,2026-07-24T07:22:37,CRUISE,OIL_PRESSURE,56.08175063692827,psi
SR-000000000592,FS-000000003,EN-000002,AC-00001,2026-07-24T07:22:37,CRUISE,VIBRATION,1.3702492214681852,units_0_5
SR-000000000593,FS-000000003,,AC-00001,2026-07-24T07:22:37,CRUISE,APU_EGT,73.78781362557322,C
SR-000000000594,FS-000000003,,AC-00001,2026-07-24T07:22:37,CRUISE,CABIN_ALTITUDE,6133.019472652066,ft
SR-000000000595,FS-000000003,EN-000001,AC-00001,2026-07-24T07:32:43,CRUISE,EGT,643.2215682111266,C
SR-000000000596,FS-000000003,EN-000001,AC-00001,2026-07-24T07:32:43,CRUISE,N1,77.51609692040728,pct
SR-000000000597,FS-000000003,EN-000001,AC-00001,2026-07-24T07:32:43,CRUISE,N2,87.98609353374971,pct
SR-000000000598,FS-000000003,EN-000001,AC-00001,2026-07-24T07:32:43,CRUISE,FUEL_FLOW,1375.5870449844238,kg_h
SR-000000000599,FS-000000003,EN-000001,AC-00001,2026-07-24T07:32:43,CRUISE,OIL_TEMP,111.01856871156433,C
SR-000000000600,FS-000000003,EN-000001,AC-00001,2026-07-24T07:32:43,CRUISE,OIL_PRESSURE,48.938509837190196,psi
SR-000000000601,FS-000000003,EN-000001,AC-00001,2026-07-24T07:32:43,CRUISE,VIBRATION,1.3635955175275272,units_0_5
SR-000000000602,FS-000000003,EN-000002,AC-00001,2026-07-24T07:32:43,CRUISE,EGT,686.2996328794715,C
SR-000000000603,FS-000000003,EN-000002,AC-00001,2026-07-24T07:32:43,CRUISE,N1,83.18459075574368,pct
SR-000000000604,FS-000000003,EN-000002,AC-00001,2026-07-24T07:32:43,CRUISE,N2,87.36817327411491,pct
SR-000000000605,FS-000000003,EN-000002,AC-00001,2026-07-24T07:32:43,CRUISE,FUEL_FLOW,1296.3933962987649,kg_h
SR-000000000606,FS-000000003,EN-000002,AC-00001,2026-07-24T07:32:43,CRUISE,OIL_TEMP,106.88736973567845,C
SR-000000000607,FS-000000003,EN-000002,AC-00001,2026-07-24T07:32:43,CRUISE,OIL_PRESSURE,55.623159465527095,psi
SR-000000000608,FS-000000003,EN-000002,AC-00001,2026-07-24T07:32:43,CRUISE,VIBRATION,1.3446325704537803,units_0_5
SR-000000000609,FS-000000003,,AC-00001,2026-07-24T07:32:43,CRUISE,APU_EGT,88.78062672336215,C
SR-000000000610,FS-000000003,,AC-00001,2026-07-24T07:32:43,CRUISE,CABIN_ALTITUDE,6268.506120788242,ft
SR-000000000611,FS-000000003,EN-000001,AC-00001,2026-07-24T07:54:37,DESCENT,EGT,462.4230752150045,C
SR-000000000612,FS-000000003,EN-000001,AC-00001,2026-07-24T07:54:37,DESCENT,N1,48.69490798567969,pct
SR-000000000613,FS-000000003,EN-000001,AC-00001,2026-07-24T07:54:37,DESCENT,N2,61.31182666840249,pct
SR-000000000614,FS-000000003,EN-000001,AC-00001,2026-07-24T07:54:37,DESCENT,FUEL_FLOW,620.2285892939533,kg_h
SR-000000000615,FS-000000003,EN-000001,AC-00001,2026-07-24T07:54:37,DESCENT,OIL_TEMP,190.70534312795218,C
SR-000000000616,FS-000000003,EN-000001,AC-00001,2026-07-24T07:54:37,DESCENT,OIL_PRESSURE,53.24255259061351,psi
SR-000000000617,FS-000000003,EN-000001,AC-00001,2026-07-24T07:54:37,DESCENT,VIBRATION,1.384322718659061,units_0_5
SR-000000000618,FS-000000003,EN-000002,AC-00001,2026-07-24T07:54:37,DESCENT,EGT,470.0726820559384,C
SR-000000000619,FS-000000003,EN-000002,AC-00001,2026-07-24T07:54:37,DESCENT,N1,50.74894001009993,pct
SR-000000000620,FS-000000003,EN-000002,AC-00001,2026-07-24T07:54:37,DESCENT,N2,61.80297458173842,pct
SR-000000000621,FS-000000003,EN-000002,AC-00001,2026-07-24T07:54:37,DESCENT,FUEL_FLOW,,kg_h
SR-000000000622,FS-000000003,EN-000002,AC-00001,2026-07-24T07:54:37,DESCENT,OIL_TEMP,88.14721047060186,C
SR-000000000623,FS-000000003,EN-000002,AC-00001,2026-07-24T07:54:37,DESCENT,OIL_PRESSURE,50.89073710379181,psi
SR-000000000624,FS-000000003,EN-000002,AC-00001,2026-07-24T07:54:37,DESCENT,VIBRATION,1.3576661636481393,units_0_5
SR-000000000625,FS-000000003,,AC-00001,2026-07-24T07:54:37,DESCENT,APU_EGT,75.87334104973777,C
SR-000000000626,FS-000000003,,AC-00001,2026-07-24T07:54:37,DESCENT,CABIN_ALTITUDE,5660.318357033112,ft
SR-000000000627,FS-000000003,EN-000001,AC-00001,2026-07-24T08:14:27,APPROACH,EGT,444.1403635575439,C
SR-000000000628,FS-000000003,EN-000001,AC-00001,2026-07-24T08:14:27,APPROACH,N1,50.6849159191339,pct
SR-000000000629,FS-000000003,EN-000001,AC-00001,2026-07-24T08:14:27,APPROACH,N2,70.3425464824542,pct
SR-000000000630,FS-000000003,EN-000001,AC-00001,2026-07-24T08:14:27,APPROACH,FUEL_FLOW,737.9551296746918,kg_h
SR-000000000631,FS-000000003,EN-000001,AC-00001,2026-07-24T08:14:27,APPROACH,OIL_TEMP,87.73270655023826,C
SR-000000000632,FS-000000003,EN-000001,AC-00001,2026-07-24T08:14:27,APPROACH,OIL_PRESSURE,54.19807801405771,psi
SR-000000000633,FS-000000003,EN-000001,AC-00001,2026-07-24T08:14:27,APPROACH,VIBRATION,1.374257438867187,units_0_5
SR-000000000634,FS-000000003,EN-000002,AC-00001,2026-07-24T08:14:27,APPROACH,EGT,507.5336485636218,C
SR-000000000635,FS-000000003,EN-000002,AC-00001,2026-07-24T08:14:27,APPROACH,N1,51.64162457100676,pct
SR-000000000636,FS-000000003,EN-000002,AC-00001,2026-07-24T08:14:27,APPROACH,N2,71.76560620234703,pct
SR-000000000638,FS-000000003,EN-000002,AC-00001,2026-07-24T08:14:27,APPROACH,OIL_TEMP,88.34037042328488,C
SR-000000000637,FS-000000003,EN-000002,AC-00001,2026-07-24T08:14:27,APPROACH,FUEL_FLOW,575.8392502063328,kg_h
SR-000000000639,FS-000000003,EN-000002,AC-00001,2026-07-24T08:14:27,APPROACH,OIL_PRESSURE,52.419724335777396,psi
SR-000000000640,FS-000000003,EN-000002,AC-00001,2026-07-24T08:14:27,APPROACH,VIBRATION,1.3573662908962627,units_0_5
SR-000000000641,FS-000000003,,AC-00001,2026-07-24T08:14:27,APPROACH,APU_EGT,103.0791887826454,C
SR-000000000642,FS-000000003,,AC-00001,2026-07-24T08:14:27,APPROACH,CABIN_ALTITUDE,2381.2773458645984,ft
SR-000000000643,FS-000000003,EN-000001,AC-00001,2026-07-24T08:17:57,LANDING,EGT,391.0679380899166,C
SR-000000000644,FS-000000003,EN-000001,AC-00001,2026-07-24T08:17:57,LANDING,N1,32.779965822690215,pct
SR-000000000645,FS-000000003,EN-000001,AC-00001,2026-07-24T08:17:57,LANDING,N2,51.02300620109189,pct
SR-000000000646,FS-000000003,EN-000001,AC-00001,2026-07-24T08:17:57,LANDING,FUEL_FLOW,308.7304794222873,kg_h
SR-000000000647,FS-000000003,EN-000001,AC-00001,2026-07-24T08:17:57,LANDING,OIL_TEMP,75.71527822984376,C
SR-000000000648,FS-000000003,EN-000001,AC-00001,2026-07-24T08:17:57,LANDING,OIL_PRESSURE,57.57157028464861,psi
SR-000000000649,FS-000000003,EN-000001,AC-00001,2026-07-24T08:17:57,LANDING,VIBRATION,1.2869645810740051,units_0_5
SR-000000000650,FS-000000003,EN-000002,AC-00001,2026-07-24T08:17:57,LANDING,EGT,417.7748367271668,C
SR-000000000651,FS-000000003,EN-000002,AC-00001,2026-07-24T08:17:57,LANDING,N1,44.27339847375074,pct
SR-000000000652,FS-000000003,EN-000002,AC-00001,2026-07-24T08:17:57,LANDING,N2,57.76246555683751,pct
SR-000000000653,FS-000000003,EN-000002,AC-00001,2026-07-24T08:17:57,LANDING,FUEL_FLOW,335.3100995838145,kg_h
SR-000000000654,FS-000000003,EN-000002,AC-00001,2026-07-24T08:17:57,LANDING,OIL_TEMP,72.21923452647998,C
SR-000000000655,FS-000000003,EN-000002,AC-00001,2026-07-24T08:17:57,LANDING,OIL_PRESSURE,51.46019825426811,psi
SR-000000000656,FS-000000003,EN-000002,AC-00001,2026-07-24T08:17:57,LANDING,VIBRATION,1.3710419704531123,units_0_5
SR-000000000657,FS-000000003,,AC-00001,2026-07-24T08:17:57,LANDING,APU_EGT,117.78194829919018,C
SR-000000000658,FS-000000003,,AC-00001,2026-07-24T08:17:57,LANDING,CABIN_ALTITUDE,351.3679974095329,ft
SR-000000000659,FS-000000003,,AC-00001,2026-07-24T08:17:57,LANDING,BRAKE_TEMPERATURE,1083.3324083796626,C
SR-000000000660,FS-000000003,EN-000001,AC-00001,2026-07-24T08:20:27,TAXI,EGT,388.4689998496783,C
SR-000000000661,FS-000000003,EN-000001,AC-00001,2026-07-24T08:20:27,TAXI,N1,17.19846293826351,pct
SR-000000000662,FS-000000003,EN-000001,AC-00001,2026-07-24T08:20:27,TAXI,N2,51.25028582197355,pct
SR-000000000663,FS-000000003,EN-000001,AC-00001,2026-07-24T08:20:27,TAXI,FUEL_FLOW,387.3152183610369,kg_h
SR-000000000664,FS-000000003,EN-000001,AC-00001,2026-07-24T08:20:27,TAXI,OIL_TEMP,56.879628581587426,C
SR-000000000665,FS-000000003,EN-000001,AC-00001,2026-07-24T08:20:27,TAXI,OIL_PRESSURE,18.285961270352047,psi
SR-000000000666,FS-000000003,EN-000001,AC-00001,2026-07-24T08:20:27,TAXI,VIBRATION,1.3241540342789906,units_0_5
SR-000000000667,FS-000000003,EN-000002,AC-00001,2026-07-24T08:20:27,TAXI,EGT,371.86116343877137,C
SR-000000000668,FS-000000003,EN-000002,AC-00001,2026-07-24T08:20:27,TAXI,N1,28.113134211687434,pct
SR-000000000669,FS-000000003,EN-000002,AC-00001,2026-07-24T08:20:27,TAXI,N2,50.46225978981389,pct
SR-000000000670,FS-000000003,EN-000002,AC-00001,2026-07-24T08:20:27,TAXI,FUEL_FLOW,286.270104260028,kg_h
SR-000000000671,FS-000000003,EN-000002,AC-00001,2026-07-24T08:20:27,TAXI,OIL_TEMP,64.24788414934646,C
SR-000000000672,FS-000000003,EN-000002,AC-00001,2026-07-24T08:20:27,TAXI,OIL_PRESSURE,14.727472242421191,psi
SR-000000000673,FS-000000003,EN-000002,AC-00001,2026-07-24T08:20:27,TAXI,VIBRATION,1.334102190645243,units_0_5
SR-000000000674,FS-000000003,,AC-00001,2026-07-24T08:20:27,TAXI,APU_EGT,504.21506935866984,C
SR-000000000675,FS-000000003,,AC-00001,2026-07-24T08:20:27,TAXI,CABIN_ALTITUDE,-255.0287990950485,ft
SR-000000000676,FS-000000004,EN-000001,AC-00001,2026-07-24T09:53:34,TAXI,EGT,377.9802951936947,C
SR-000000000677,FS-000000004,EN-000001,AC-00001,2026-07-24T09:53:34,TAXI,N1,15.453921647205155,pct
SR-000000000678,FS-000000004,EN-000001,AC-00001,2026-07-24T09:53:34,TAXI,N2,56.02251445541303,pct
SR-000000000679,FS-000000004,EN-000001,AC-00001,2026-07-24T09:53:34,TAXI,FUEL_FLOW,198.9546863758185,kg_h
SR-000000000680,FS-000000004,EN-000001,AC-00001,2026-07-24T09:53:34,TAXI,OIL_TEMP,65.16923082011516,C
SR-000000000681,FS-000000004,EN-000001,AC-00001,2026-07-24T09:53:34,TAXI,OIL_PRESSURE,10.412029413370151,psi
SR-000000000682,FS-000000004,EN-000001,AC-00001,2026-07-24T09:53:34,TAXI,VIBRATION,1.406802883925234,units_0_5
SR-000000000683,FS-000000004,EN-000002,AC-00001,2026-07-24T09:53:34,TAXI,EGT,396.8734978281475,C
SR-000000000684,FS-000000004,EN-000002,AC-00001,2026-07-24T09:53:34,TAXI,N1,24.75884822777438,pct
SR-000000000685,FS-000000004,EN-000002,AC-00001,2026-07-24T09:53:34,TAXI,N2,53.94030192587936,pct
SR-000000000686,FS-000000004,EN-000002,AC-00001,2026-07-24T09:53:34,TAXI,FUEL_FLOW,259.8688867354273,kg_h
SR-000000000687,FS-000000004,EN-000002,AC-00001,2026-07-24T09:53:34,TAXI,OIL_TEMP,55.064642507037284,C
SR-000000000688,FS-000000004,EN-000002,AC-00001,2026-07-24T09:53:34,TAXI,OIL_PRESSURE,14.712995166061122,psi
SR-000000000689,FS-000000004,EN-000002,AC-00001,2026-07-24T09:53:34,TAXI,VIBRATION,1.4097115777476126,units_0_5
SR-000000000690,FS-000000004,,AC-00001,2026-07-24T09:53:34,TAXI,APU_EGT,481.6492083429376,C
SR-000000000691,FS-000000004,,AC-00001,2026-07-24T09:53:34,TAXI,CABIN_ALTITUDE,552.3310034360732,ft
SR-000000000692,FS-000000004,EN-000001,AC-00001,2026-07-24T09:56:34,TAKEOFF,EGT,912.4950477751778,C
SR-000000000693,FS-000000004,EN-000001,AC-00001,2026-07-24T09:56:34,TAKEOFF,N1,99.8962413453089,pct
SR-000000000694,FS-000000004,EN-000001,AC-00001,2026-07-24T09:56:34,TAKEOFF,N2,93.6416328977172,pct
SR-000000000695,FS-000000004,EN-000001,AC-00001,2026-07-24T09:56:34,TAKEOFF,FUEL_FLOW,3181.166735765776,kg_h
SR-000000000696,FS-000000004,EN-000001,AC-00001,2026-07-24T09:56:34,TAKEOFF,OIL_TEMP,113.81882152129629,C
SR-000000000697,FS-000000004,EN-000001,AC-00001,2026-07-24T09:56:34,TAKEOFF,OIL_PRESSURE,58.543007815223014,psi
SR-000000000698,FS-000000004,EN-000001,AC-00001,2026-07-24T09:56:34,TAKEOFF,VIBRATION,1.535898386240207,units_0_5
SR-000000000699,FS-000000004,EN-000002,AC-00001,2026-07-24T09:56:34,TAKEOFF,EGT,872.5320694690806,C
SR-000000000700,FS-000000004,EN-000002,AC-00001,2026-07-24T09:56:34,TAKEOFF,N1,95.05306273915716,pct
SR-000000000701,FS-000000004,EN-000002,AC-00001,2026-07-24T09:56:34,TAKEOFF,N2,96.20861227790532,pct
SR-000000000702,FS-000000004,EN-000002,AC-00001,2026-07-24T09:56:34,TAKEOFF,FUEL_FLOW,3039.6534979832904,kg_h
SR-000000000703,FS-000000004,EN-000002,AC-00001,2026-07-24T09:56:34,TAKEOFF,OIL_TEMP,108.20251032442965,C
SR-000000000704,FS-000000004,EN-000002,AC-00001,2026-07-24T09:56:34,TAKEOFF,OIL_PRESSURE,54.90780792545104,psi
SR-000000000705,FS-000000004,EN-000002,AC-00001,2026-07-24T09:56:34,TAKEOFF,VIBRATION,1.3491488791665864,units_0_5
SR-000000000706,FS-000000004,,AC-00001,2026-07-24T09:56:34,TAKEOFF,APU_EGT,90.82113738022038,C
SR-000000000707,FS-000000004,,AC-00001,2026-07-24T09:56:34,TAKEOFF,CABIN_ALTITUDE,0.5445030032793738,ft
SR-000000000708,FS-000000004,EN-000001,AC-00001,2026-07-24T09:58:34,INITIAL_CLIMB,EGT,782.2795637490781,C
SR-000000000709,FS-000000004,EN-000001,AC-00001,2026-07-24T09:58:34,INITIAL_CLIMB,N1,97.07208505155434,pct
SR-000000000710,FS-000000004,EN-000001,AC-00001,2026-07-24T09:58:34,INITIAL_CLIMB,N2,97.24660078179562,pct
SR-000000000711,FS-000000004,EN-000001,AC-00001,2026-07-24T09:58:34,INITIAL_CLIMB,FUEL_FLOW,2660.918389529765,kg_h
SR-000000000712,FS-000000004,EN-000001,AC-00001,2026-07-24T09:58:34,INITIAL_CLIMB,OIL_TEMP,117.06667865806992,C
SR-000000000713,FS-000000004,EN-000001,AC-00001,2026-07-24T09:58:34,INITIAL_CLIMB,OIL_PRESSURE,56.24213488924157,psi
SR-000000000714,FS-000000004,EN-000001,AC-00001,2026-07-24T09:58:34,INITIAL_CLIMB,VIBRATION,1.4525322538186514,units_0_5
SR-000000000715,FS-000000004,EN-000002,AC-00001,2026-07-24T09:58:34,INITIAL_CLIMB,EGT,788.1874222469756,C
SR-000000000716,FS-000000004,EN-000002,AC-00001,2026-07-24T09:58:34,INITIAL_CLIMB,N1,91.88501956129468,pct
SR-000000000717,FS-000000004,EN-000002,AC-00001,2026-07-24T09:58:34,INITIAL_CLIMB,N2,96.30259956062106,pct
SR-000000000718,FS-000000004,EN-000002,AC-00001,2026-07-24T09:58:34,INITIAL_CLIMB,FUEL_FLOW,2495.6822760418895,kg_h
SR-000000000719,FS-000000004,EN-000002,AC-00001,2026-07-24T09:58:34,INITIAL_CLIMB,OIL_TEMP,118.25410983142763,C
SR-000000000720,FS-000000004,EN-000002,AC-00001,2026-07-24T09:58:34,INITIAL_CLIMB,OIL_PRESSURE,55.12538471326073,psi
SR-000000000721,FS-000000004,EN-000002,AC-00001,2026-07-24T09:58:34,INITIAL_CLIMB,VIBRATION,,units_0_5
SR-000000000722,FS-000000004,,AC-00001,2026-07-24T09:58:34,INITIAL_CLIMB,APU_EGT,126.89470611309906,C
SR-000000000723,FS-000000004,,AC-00001,2026-07-24T09:58:34,INITIAL_CLIMB,CABIN_ALTITUDE,2223.4047793662244,ft
SR-000000000724,FS-000000004,EN-000001,AC-00001,2026-07-24T10:20:17,CLIMB,EGT,722.0812021006074,C
SR-000000000725,FS-000000004,EN-000001,AC-00001,2026-07-24T10:20:17,CLIMB,N1,88.18765087348844,pct
SR-000000000726,FS-000000004,EN-000001,AC-00001,2026-07-24T10:20:17,CLIMB,N2,84.49000680379817,pct
SR-000000000727,FS-000000004,EN-000001,AC-00001,2026-07-24T10:20:17,CLIMB,FUEL_FLOW,1965.8492383208797,kg_h
SR-000000000728,FS-000000004,EN-000001,AC-00001,2026-07-24T10:20:17,CLIMB,OIL_TEMP,113.95266995645427,C
SR-000000000729,FS-000000004,EN-000001,AC-00001,2026-07-24T10:20:17,CLIMB,OIL_PRESSURE,53.398811497422834,psi
SR-000000000730,FS-000000004,EN-000001,AC-00001,2026-07-24T10:20:17,CLIMB,VIBRATION,1.3902845857594797,units_0_5
SR-000000000731,FS-000000004,EN-000002,AC-00001,2026-07-24T10:20:17,CLIMB,EGT,760.2544962940692,C
SR-000000000732,FS-000000004,EN-000002,AC-00001,2026-07-24T10:20:17,CLIMB,N1,78.22919089555238,pct
SR-000000000733,FS-000000004,EN-000002,AC-00001,2026-07-24T10:20:17,CLIMB,N2,89.90639747617654,pct
SR-000000000734,FS-000000004,EN-000002,AC-00001,2026-07-24T10:20:17,CLIMB,FUEL_FLOW,2118.443795347536,kg_h
SR-000000000735,FS-000000004,EN-000002,AC-00001,2026-07-24T10:20:17,CLIMB,OIL_TEMP,113.07363588224676,C
SR-000000000736,FS-000000004,EN-000002,AC-00001,2026-07-24T10:20:17,CLIMB,OIL_PRESSURE,54.01397669515897,psi
SR-000000000737,FS-000000004,EN-000002,AC-00001,2026-07-24T10:20:17,CLIMB,VIBRATION,1.3607702877587364,units_0_5
SR-000000000738,FS-000000004,,AC-00001,2026-07-24T10:20:17,CLIMB,APU_EGT,58.81674007561631,C
SR-000000000739,FS-000000004,,AC-00001,2026-07-24T10:20:17,CLIMB,CABIN_ALTITUDE,5897.284319068427,ft
SR-000000000740,FS-000000004,EN-000001,AC-00001,2026-07-24T10:45:32,CRUISE,EGT,647.6817512599872,C
SR-000000000741,FS-000000004,EN-000001,AC-00001,2026-07-24T10:45:32,CRUISE,N1,82.61669359317567,pct
SR-000000000742,FS-000000004,EN-000001,AC-00001,2026-07-24T10:45:32,CRUISE,N2,81.11661749545989,pct
SR-000000000743,FS-000000004,EN-000001,AC-00001,2026-07-24T10:45:32,CRUISE,FUEL_FLOW,1457.2694856973924,kg_h
SR-000000000744,FS-000000004,EN-000001,AC-00001,2026-07-24T10:45:32,CRUISE,OIL_TEMP,107.70619939798587,C
SR-000000000745,FS-000000004,EN-000001,AC-00001,2026-07-24T10:45:32,CRUISE,OIL_PRESSURE,52.6062429229918,psi
SR-000000000746,FS-000000004,EN-000001,AC-00001,2026-07-24T10:45:32,CRUISE,VIBRATION,1.3372381093072403,units_0_5
SR-000000000747,FS-000000004,EN-000002,AC-00001,2026-07-24T10:45:32,CRUISE,EGT,685.4986967335317,C
SR-000000000748,FS-000000004,EN-000002,AC-00001,2026-07-24T10:45:32,CRUISE,N1,79.1510241555224,pct
SR-000000000749,FS-000000004,EN-000002,AC-00001,2026-07-24T10:45:32,CRUISE,N2,81.09262167333279,pct
SR-000000000750,FS-000000004,EN-000002,AC-00001,2026-07-24T10:45:32,CRUISE,FUEL_FLOW,1548.7419588689427,kg_h
SR-000000000751,FS-000000004,EN-000002,AC-00001,2026-07-24T10:45:32,CRUISE,OIL_TEMP,100.42772160334226,C
SR-000000000752,FS-000000004,EN-000002,AC-00001,2026-07-24T10:45:32,CRUISE,OIL_PRESSURE,51.33534646825089,psi
SR-000000000753,FS-000000004,EN-000002,AC-00001,2026-07-24T10:45:32,CRUISE,VIBRATION,1.3169376985968841,units_0_5
SR-000000000754,FS-000000004,,AC-00001,2026-07-24T10:45:32,CRUISE,APU_EGT,73.38458461215616,C
SR-000000000755,FS-000000004,,AC-00001,2026-07-24T10:45:32,CRUISE,CABIN_ALTITUDE,7079.172339630671,ft
SR-000000000756,FS-000000004,EN-000001,AC-00001,2026-07-24T10:55:38,CRUISE,EGT,679.923845330312,C
SR-000000000757,FS-000000004,EN-000001,AC-00001,2026-07-24T10:55:38,CRUISE,N1,75.05025020683128,pct
SR-000000000758,FS-000000004,EN-000001,AC-00001,2026-07-24T10:55:38,CRUISE,N2,77.58312591136149,pct
SR-000000000759,FS-000000004,EN-000001,AC-00001,2026-07-24T10:55:38,CRUISE,FUEL_FLOW,1365.933431118781,kg_h
SR-000000000760,FS-000000004,EN-000001,AC-00001,2026-07-24T10:55:38,CRUISE,OIL_TEMP,105.83176555251991,C
SR-000000000761,FS-000000004,EN-000001,AC-00001,2026-07-24T10:55:38,CRUISE,OIL_PRESSURE,52.37947865518742,psi
SR-000000000762,FS-000000004,EN-000001,AC-00001,2026-07-24T10:55:38,CRUISE,VIBRATION,1.3418463097949422,units_0_5
SR-000000000763,FS-000000004,EN-000002,AC-00001,2026-07-24T10:55:38,CRUISE,EGT,655.5337648315544,C
SR-000000000764,FS-000000004,EN-000002,AC-00001,2026-07-24T10:55:38,CRUISE,N1,72.7205258567101,pct
SR-000000000765,FS-000000004,EN-000002,AC-00001,2026-07-24T10:55:38,CRUISE,N2,80.12304996380016,pct
SR-000000000766,FS-000000004,EN-000002,AC-00001,2026-07-24T10:55:38,CRUISE,FUEL_FLOW,1256.2783728293043,kg_h
SR-000000000767,FS-000000004,EN-000002,AC-00001,2026-07-24T10:55:38,CRUISE,OIL_TEMP,110.58189507529428,C
SR-000000000768,FS-000000004,EN-000002,AC-00001,2026-07-24T10:55:38,CRUISE,OIL_PRESSURE,54.365611757604086,psi
SR-000000000769,FS-000000004,EN-000002,AC-00001,2026-07-24T10:55:38,CRUISE,VIBRATION,1.317535232589424,units_0_5
SR-000000000770,FS-000000004,,AC-00001,2026-07-24T10:55:38,CRUISE,APU_EGT,57.53677816351566,C
SR-000000000771,FS-000000004,,AC-00001,2026-07-24T10:55:38,CRUISE,CABIN_ALTITUDE,6738.086546158308,ft
SR-000000000772,FS-000000004,EN-000001,AC-00001,2026-07-24T11:05:44,CRUISE,EGT,631.5754618634684,C
SR-000000000773,FS-000000004,EN-000001,AC-00001,2026-07-24T11:05:44,CRUISE,N1,76.6680138037717,pct
SR-000000000774,FS-000000004,EN-000001,AC-00001,2026-07-24T11:05:44,CRUISE,N2,78.67634349487784,pct
SR-000000000775,FS-000000004,EN-000001,AC-00001,2026-07-24T11:05:44,CRUISE,FUEL_FLOW,1320.543465758713,kg_h
SR-000000000776,FS-000000004,EN-000001,AC-00001,2026-07-24T11:05:44,CRUISE,OIL_TEMP,105.76745817769486,C
SR-000000000777,FS-000000004,EN-000001,AC-00001,2026-07-24T11:05:44,CRUISE,OIL_PRESSURE,52.04864529784422,psi
SR-000000000778,FS-000000004,EN-000001,AC-00001,2026-07-24T11:05:44,CRUISE,VIBRATION,1.3036892647667835,units_0_5
SR-000000000779,FS-000000004,EN-000002,AC-00001,2026-07-24T11:05:44,CRUISE,EGT,632.548093236299,C
SR-000000000780,FS-000000004,EN-000002,AC-00001,2026-07-24T11:05:44,CRUISE,N1,76.46420238346411,pct
SR-000000000781,FS-000000004,EN-000002,AC-00001,2026-07-24T11:05:44,CRUISE,N2,79.59898246481676,pct
SR-000000000782,FS-000000004,EN-000002,AC-00001,2026-07-24T11:05:44,CRUISE,FUEL_FLOW,1347.3021491336224,kg_h
SR-000000000783,FS-000000004,EN-000002,AC-00001,2026-07-24T11:05:44,CRUISE,OIL_TEMP,106.077747146402,C
SR-000000000784,FS-000000004,EN-000002,AC-00001,2026-07-24T11:05:44,CRUISE,OIL_PRESSURE,48.07185158665654,psi
SR-000000000785,FS-000000004,EN-000002,AC-00001,2026-07-24T11:05:44,CRUISE,VIBRATION,1.314753576693487,units_0_5
SR-000000000786,FS-000000004,,AC-00001,2026-07-24T11:05:44,CRUISE,APU_EGT,57.214322897723314,C
SR-000000000787,FS-000000004,,AC-00001,2026-07-24T11:05:44,CRUISE,CABIN_ALTITUDE,6857.12960873829,ft
SR-000000000788,FS-000000004,EN-000001,AC-00001,2026-07-24T11:15:50,CRUISE,EGT,674.5670563361938,C
SR-000000000789,FS-000000004,EN-000001,AC-00001,2026-07-24T11:15:50,CRUISE,N1,77.2858283999339,pct
SR-000000000790,FS-000000004,EN-000001,AC-00001,2026-07-24T11:15:50,CRUISE,N2,77.7940790985062,pct
SR-000000000791,FS-000000004,EN-000001,AC-00001,2026-07-24T11:15:50,CRUISE,FUEL_FLOW,,kg_h
SR-000000000792,FS-000000004,EN-000001,AC-00001,2026-07-24T11:15:50,CRUISE,OIL_TEMP,107.19733559054262,C
SR-000000000793,FS-000000004,EN-000002,AC-00001,2026-07-24T11:15:50,CRUISE,OIL_PRESSURE,52.70006853566526,psi
SR-000000000794,FS-000000004,EN-000001,AC-00001,2026-07-24T11:15:50,CRUISE,VIBRATION,1.556850791879514,units_0_5
SR-000000000795,FS-000000004,EN-000002,AC-00001,2026-07-24T11:15:50,CRUISE,EGT,666.7591203031375,C
SR-000000000796,FS-000000004,EN-000002,AC-00001,2026-07-24T11:15:50,CRUISE,N1,78.88153683380476,pct
SR-000000000797,FS-000000004,EN-000002,AC-00001,2026-07-24T11:15:50,CRUISE,N2,86.08064189182592,pct
SR-000000000798,FS-000000004,EN-000002,AC-00001,2026-07-24T11:15:50,CRUISE,FUEL_FLOW,1420.8710553608032,kg_h
SR-000000000799,FS-000000004,EN-000002,AC-00001,2026-07-24T11:15:50,CRUISE,OIL_TEMP,106.75584171182004,C
SR-000000000801,FS-000000004,EN-000002,AC-00001,2026-07-24T11:15:50,CRUISE,VIBRATION,1.5998022584938496,units_0_5
SR-000000000800,FS-000000004,EN-000002,AC-00001,2026-07-24T11:15:50,CRUISE,OIL_PRESSURE,50.10586694042883,psi
SR-000000000802,FS-000000004,,AC-00001,2026-07-24T11:15:50,CRUISE,APU_EGT,121.8238939498386,C
SR-000000000803,FS-000000004,,AC-00001,2026-07-24T11:15:50,CRUISE,CABIN_ALTITUDE,6602.052545127666,ft
SR-000000000804,FS-000000004,EN-000001,AC-00001,2026-07-24T11:25:57,CRUISE,EGT,697.746091967035,C
SR-000000000805,FS-000000004,EN-000001,AC-00001,2026-07-24T11:25:57,CRUISE,N1,81.36432671590485,pct
SR-000000000806,FS-000000004,EN-000001,AC-00001,2026-07-24T11:25:57,CRUISE,N2,81.40870478838667,pct
SR-000000000807,FS-000000004,EN-000001,AC-00001,2026-07-24T11:25:57,CRUISE,FUEL_FLOW,1259.9242487396282,kg_h
SR-000000000808,FS-000000004,EN-000001,AC-00001,2026-07-24T11:25:57,CRUISE,OIL_TEMP,104.10921494941121,C
SR-000000000809,FS-000000004,EN-000001,AC-00001,2026-07-24T11:25:57,CRUISE,OIL_PRESSURE,52.2625133304101,psi
SR-000000000810,FS-000000004,EN-000001,AC-00001,2026-07-24T11:25:57,CRUISE,VIBRATION,1.4619207283973554,units_0_5
SR-000000000811,FS-000000004,EN-000002,AC-00001,2026-07-24T11:25:57,CRUISE,EGT,653.2994774740038,C
SR-000000000812,FS-000000004,EN-000002,AC-00001,2026-07-24T11:25:57,CRUISE,N1,81.77571717482955,pct
SR-000000000813,FS-000000004,EN-000002,AC-00001,2026-07-24T11:25:57,CRUISE,N2,81.40123956979244,pct
SR-000000000814,FS-000000004,EN-000002,AC-00001,2026-07-24T11:25:57,CRUISE,FUEL_FLOW,1348.101191162674,kg_h
SR-000000000815,FS-000000004,EN-000002,AC-00001,2026-07-24T11:25:57,CRUISE,OIL_TEMP,104.48348675959387,C
SR-000000000816,FS-000000004,EN-000002,AC-00001,2026-07-24T11:25:57,CRUISE,OIL_PRESSURE,51.24086242266945,psi
SR-000000000817,FS-000000004,EN-000002,AC-00001,2026-07-24T11:25:57,CRUISE,VIBRATION,1.29680109488486,units_0_5
SR-000000000818,FS-000000004,,AC-00001,2026-07-24T11:25:57,CRUISE,APU_EGT,125.3509772148416,C
SR-000000000819,FS-000000004,,AC-00001,2026-07-24T11:25:57,CRUISE,CABIN_ALTITUDE,7251.212663728256,ft
SR-000000000820,FS-000000004,EN-000001,AC-00001,2026-07-24T11:36:03,CRUISE,EGT,670.8643345820484,C
SR-000000000821,FS-000000004,EN-000001,AC-00001,2026-07-24T11:36:03,CRUISE,N1,77.12011830410438,pct
SR-000000000822,FS-000000004,EN-000001,AC-00001,2026-07-24T11:36:03,CRUISE,N2,84.8371452352392,pct
SR-000000000823,FS-000000004,EN-000001,AC-00001,2026-07-24T11:36:03,CRUISE,FUEL_FLOW,1486.335307208958,kg_h
SR-000000000824,FS-000000004,EN-000001,AC-00001,2026-07-24T11:36:03,CRUISE,OIL_TEMP,106.35092318346868,C
SR-000000000825,FS-000000004,EN-000001,AC-00001,2026-07-24T11:36:03,CRUISE,OIL_PRESSURE,51.279587065295146,psi
SR-000000000826,FS-000000004,EN-000001,AC-00001,2026-07-24T11:36:03,CRUISE,VIBRATION,1.4193668830631243,units_0_5
SR-000000000827,FS-000000004,EN-000002,AC-00001,2026-07-24T11:36:03,CRUISE,EGT,627.6664195993435,C
SR-000000000828,FS-000000004,EN-000002,AC-00001,2026-07-24T11:36:03,CRUISE,N1,82.56117202522238,pct
SR-000000000829,FS-000000004,EN-000002,AC-00001,2026-07-24T11:36:03,CRUISE,N2,85.31404495409683,pct
SR-000000000830,FS-000000004,EN-000002,AC-00001,2026-07-24T11:36:03,CRUISE,FUEL_FLOW,1329.1526800488537,kg_h
SR-000000000831,FS-000000004,EN-000002,AC-00001,2026-07-24T11:36:03,CRUISE,OIL_TEMP,102.56497126037013,C
SR-000000000832,FS-000000004,EN-000002,AC-00001,2026-07-24T11:36:03,CRUISE,OIL_PRESSURE,52.23376191915914,psi
SR-000000000833,FS-000000004,EN-000002,AC-00001,2026-07-24T11:36:03,CRUISE,VIBRATION,1.3987101602434655,units_0_5
SR-000000000834,FS-000000004,,AC-00001,2026-07-24T11:36:03,CRUISE,APU_EGT,136.8314601607202,C
SR-000000000835,FS-000000004,,AC-00001,2026-07-24T11:36:03,CRUISE,CABIN_ALTITUDE,7695.128332847122,ft
SR-000000000836,FS-000000004,EN-000001,AC-00001,2026-07-24T11:57:56,DESCENT,EGT,454.5582719853627,C
SR-000000000837,FS-000000004,EN-000001,AC-00001,2026-07-24T11:57:56,DESCENT,N1,47.46468747551726,pct
SR-000000000838,FS-000000004,EN-000001,AC-00001,2026-07-24T11:57:56,DESCENT,N2,58.000311696297906,pct
SR-000000000839,FS-000000004,EN-000001,AC-00001,2026-07-24T11:57:56,DESCENT,FUEL_FLOW,475.78552657336627,kg_h
SR-000000000840,FS-000000004,EN-000001,AC-00001,2026-07-24T11:57:56,DESCENT,OIL_TEMP,92.96318814379917,C
SR-000000000841,FS-000000004,EN-000001,AC-00001,2026-07-24T11:57:56,DESCENT,OIL_PRESSURE,46.48807622058296,psi
SR-000000000842,FS-000000004,EN-000001,AC-00001,2026-07-24T11:57:56,DESCENT,VIBRATION,1.3205124847330965,units_0_5
SR-000000000843,FS-000000004,EN-000002,AC-00001,2026-07-24T11:57:56,DESCENT,EGT,429.58326194307966,C
SR-000000000844,FS-000000004,EN-000002,AC-00001,2026-07-24T11:57:56,DESCENT,N1,49.630368710945845,pct
SR-000000000845,FS-000000004,EN-000002,AC-00001,2026-07-24T11:57:56,DESCENT,N2,61.34243486665246,pct
SR-000000000846,FS-000000004,EN-000002,AC-00001,2026-07-24T11:57:56,DESCENT,FUEL_FLOW,542.9947151399439,kg_h
SR-000000000847,FS-000000004,EN-000002,AC-00001,2026-07-24T11:57:56,DESCENT,OIL_TEMP,84.26794178191032,C
SR-000000000848,FS-000000004,EN-000002,AC-00001,2026-07-24T11:57:56,DESCENT,OIL_PRESSURE,55.816934376325115,psi
SR-000000000849,FS-000000004,EN-000002,AC-00001,2026-07-24T11:57:56,DESCENT,VIBRATION,1.2841912718512536,units_0_5
SR-000000000850,FS-000000004,,AC-00001,2026-07-24T11:57:56,DESCENT,APU_EGT,119.31037563017159,C
SR-000000000851,FS-000000004,,AC-00001,2026-07-24T11:57:56,DESCENT,CABIN_ALTITUDE,5462.713220269546,ft
SR-000000000852,FS-000000004,EN-000001,AC-00001,2026-07-24T12:17:46,APPROACH,EGT,472.6721915982347,C
SR-000000000853,FS-000000004,EN-000001,AC-00001,2026-07-24T12:17:46,APPROACH,N1,56.20060276008746,pct
SR-000000000854,FS-000000004,EN-000001,AC-00001,2026-07-24T12:17:46,APPROACH,N2,65.7582116752685,pct
SR-000000000855,FS-000000004,EN-000001,AC-00001,2026-07-24T12:17:46,APPROACH,FUEL_FLOW,766.7656371878795,kg_h
SR-000000000856,FS-000000004,EN-000001,AC-00001,2026-07-24T12:17:46,APPROACH,OIL_TEMP,84.29022580735686,C
SR-000000000857,FS-000000004,EN-000001,AC-00001,2026-07-24T12:17:46,APPROACH,OIL_PRESSURE,55.17942748929481,psi
SR-000000000858,FS-000000004,EN-000001,AC-00001,2026-07-24T12:17:46,APPROACH,VIBRATION,1.366345917234493,units_0_5
SR-000000000859,FS-000000004,EN-000002,AC-00001,2026-07-24T12:17:46,APPROACH,EGT,457.33461050205864,C
SR-000000000860,FS-000000004,EN-000002,AC-00001,2026-07-24T12:17:46,APPROACH,N1,55.175262670017766,pct
SR-000000000861,FS-000000004,EN-000002,AC-00001,2026-07-24T12:17:46,APPROACH,N2,71.18314306367417,pct
SR-000000000862,FS-000000004,EN-000002,AC-00001,2026-07-24T12:17:46,APPROACH,FUEL_FLOW,535.3383142742389,kg_h
SR-000000000863,FS-000000004,EN-000002,AC-00001,2026-07-24T12:17:46,APPROACH,OIL_TEMP,83.53345727271683,C
SR-000000000864,FS-000000004,EN-000002,AC-00001,2026-07-24T12:17:46,APPROACH,OIL_PRESSURE,51.62275811272996,psi
SR-000000000865,FS-000000004,EN-000002,AC-00001,2026-07-24T12:17:46,APPROACH,VIBRATION,1.5127278778117224,units_0_5
SR-000000000866,FS-000000004,,AC-00001,2026-07-24T12:17:46,APPROACH,APU_EGT,84.14956562006668,C
SR-000000000867,FS-000000004,,AC-00001,2026-07-24T12:17:46,APPROACH,CABIN_ALTITUDE,2667.1139859705945,ft
SR-000000000868,FS-000000004,EN-000001,AC-00001,2026-07-24T12:21:16,LANDING,EGT,369.4532801720323,C
SR-000000000869,FS-000000004,EN-000001,AC-00001,2026-07-24T12:21:16,LANDING,N1,34.74246395462374,pct
SR-000000000870,FS-000000004,EN-000001,AC-00001,2026-07-24T12:21:16,LANDING,N2,54.309422699135276,pct
SR-000000000871,FS-000000004,EN-000001,AC-00001,2026-07-24T12:21:16,LANDING,FUEL_FLOW,521.0455283938255,kg_h
SR-000000000872,FS-000000004,EN-000001,AC-00001,2026-07-24T12:21:16,LANDING,OIL_TEMP,75.11753655156743,C
SR-000000000873,FS-000000004,EN-000001,AC-00001,2026-07-24T12:21:16,LANDING,OIL_PRESSURE,54.54454954120456,psi
SR-000000000874,FS-000000004,EN-000001,AC-00001,2026-07-24T12:21:16,LANDING,VIBRATION,1.5062949212370536,units_0_5
SR-000000000875,FS-000000004,EN-000002,AC-00001,2026-07-24T12:21:16,LANDING,EGT,395.6308594873574,C
SR-000000000876,FS-000000004,EN-000002,AC-00001,2026-07-24T12:21:16,LANDING,N1,35.60336585612986,pct
SR-000000000877,FS-000000004,EN-000002,AC-00001,2026-07-24T12:21:16,LANDING,N2,56.877185601423484,pct
SR-000000000878,FS-000000004,EN-000002,AC-00001,2026-07-24T12:21:16,LANDING,FUEL_FLOW,442.00237952497207,kg_h
SR-000000000879,FS-000000004,EN-000002,AC-00001,2026-07-24T12:21:16,LANDING,OIL_TEMP,69.69441330962835,C
SR-000000000880,FS-000000004,EN-000002,AC-00001,2026-07-24T12:21:16,LANDING,OIL_PRESSURE,53.29966178728709,psi
SR-000000000881,FS-000000004,EN-000002,AC-00001,2026-07-24T12:21:16,LANDING,VIBRATION,1.3941651405589537,units_0_5
SR-000000000882,FS-000000004,,AC-00001,2026-07-24T12:21:16,LANDING,APU_EGT,79.80792477426488,C
SR-000000000883,FS-000000004,,AC-00001,2026-07-24T12:21:16,LANDING,CABIN_ALTITUDE,250.9551434829753,ft
SR-000000000884,FS-000000004,,AC-00001,2026-07-24T12:21:16,LANDING,BRAKE_TEMPERATURE,840.4574876705011,C
SR-000000000885,FS-000000004,EN-000001,AC-00001,2026-07-24T12:23:46,TAXI,EGT,377.9803767573982,C
SR-000000000886,FS-000000004,EN-000001,AC-00001,2026-07-24T12:23:46,TAXI,N1,24.503095631040622,pct
SR-000000000887,FS-000000004,EN-000001,AC-00001,2026-07-24T12:23:46,TAXI,N2,51.6173241657994,pct
SR-000000000888,FS-000000004,EN-000001,AC-00001,2026-07-24T12:23:46,TAXI,FUEL_FLOW,218.99921059058778,kg_h
SR-000000000889,FS-000000004,EN-000001,AC-00001,2026-07-24T12:23:46,TAXI,OIL_TEMP,61.932693613780785,C
SR-000000000890,FS-000000004,EN-000001,AC-00001,2026-07-24T12:23:46,TAXI,OIL_PRESSURE,12.598218170922673,psi
SR-000000000891,FS-000000004,EN-000001,AC-00001,2026-07-24T12:23:46,TAXI,VIBRATION,1.3624907704481573,units_0_5
SR-000000000892,FS-000000004,EN-000002,AC-00001,2026-07-24T12:23:46,TAXI,EGT,379.78029488575913,C
SR-000000000893,FS-000000004,EN-000002,AC-00001,2026-07-24T12:23:46,TAXI,N1,23.18851849361357,pct
SR-000000000894,FS-000000004,EN-000002,AC-00001,2026-07-24T12:23:46,TAXI,N2,55.872722336400635,pct
SR-000000000895,FS-000000004,EN-000002,AC-00001,2026-07-24T12:23:46,TAXI,FUEL_FLOW,268.9310718110149,kg_h
SR-000000000896,FS-000000004,EN-000002,AC-00001,2026-07-24T12:23:46,TAXI,OIL_TEMP,59.1881673326963,C
SR-000000000897,FS-000000004,EN-000002,AC-00001,2026-07-24T12:23:46,TAXI,OIL_PRESSURE,13.924650003610413,psi
SR-000000000898,FS-000000004,EN-000002,AC-00001,2026-07-24T12:23:46,TAXI,VIBRATION,1.3387758351863952,units_0_5
SR-000000000899,FS-000000004,,AC-00001,2026-07-24T12:23:46,TAXI,APU_EGT,528.3685976493368,C
SR-000000000900,FS-000000004,,AC-00001,2026-07-24T12:23:46,TAXI,CABIN_ALTITUDE,-245.28087702045025,ft
SR-000000000901,FS-000000005,EN-000003,AC-00002,2026-07-23T20:27:02,TAXI,EGT,362.19192346371887,C
SR-000000000902,FS-000000005,EN-000003,AC-00002,2026-07-23T20:27:02,TAXI,N1,25.476114561908297,pct
SR-000000000903,FS-000000005,EN-000003,AC-00002,2026-07-23T20:27:02,TAXI,N2,52.70450998318603,pct
SR-000000000904,FS-000000005,EN-000003,AC-00002,2026-07-23T20:27:02,TAXI,FUEL_FLOW,334.8835930307158,kg_h
SR-000000000905,FS-000000005,EN-000003,AC-00002,2026-07-23T20:27:02,TAXI,OIL_TEMP,59.94263327248329,C
SR-000000000906,FS-000000005,EN-000003,AC-00002,2026-07-23T20:27:02,TAXI,OIL_PRESSURE,15.142203757026047,psi
SR-000000000907,FS-000000005,EN-000003,AC-00002,2026-07-23T20:27:02,TAXI,VIBRATION,,units_0_5
SR-000000000908,FS-000000005,EN-000004,AC-00002,2026-07-23T20:27:02,TAXI,EGT,337.89526494465014,C
SR-000000000909,FS-000000005,EN-000004,AC-00002,2026-07-23T20:27:02,TAXI,N1,30.484894619112264,pct
SR-000000000910,FS-000000005,EN-000004,AC-00002,2026-07-23T20:27:02,TAXI,N2,54.60474513834074,pct
SR-000000000911,FS-000000005,EN-000004,AC-00002,2026-07-23T20:27:02,TAXI,FUEL_FLOW,91.04880153898114,kg_h
SR-000000000912,FS-000000005,EN-000004,AC-00002,2026-07-23T20:27:02,TAXI,OIL_TEMP,57.48853116048855,C
SR-000000000913,FS-000000005,EN-000004,AC-00002,2026-07-23T20:27:02,TAXI,OIL_PRESSURE,12.589653771153026,psi
SR-000000000914,FS-000000005,EN-000004,AC-00002,2026-07-23T20:27:02,TAXI,VIBRATION,0.958477125130395,units_0_5
SR-000000000915,FS-000000005,,AC-00002,2026-07-23T20:27:02,TAXI,APU_EGT,476.58663387964197,C
SR-000000000916,FS-000000005,,AC-00002,2026-07-23T20:27:02,TAXI,CABIN_ALTITUDE,58.32644532465342,ft
SR-000000000917,FS-000000005,EN-000003,AC-00002,2026-07-23T20:30:02,TAKEOFF,EGT,818.7697371033508,C
SR-000000000918,FS-000000005,EN-000003,AC-00002,2026-07-23T20:30:02,TAKEOFF,N1,96.32747824809636,pct
SR-000000000919,FS-000000005,EN-000003,AC-00002,2026-07-23T20:30:02,TAKEOFF,N2,98.6548627713566,pct
SR-000000000920,FS-000000005,EN-000003,AC-00002,2026-07-23T20:30:02,TAKEOFF,FUEL_FLOW,2908.894928238234,kg_h
SR-000000000921,FS-000000005,EN-000003,AC-00002,2026-07-23T20:30:02,TAKEOFF,OIL_TEMP,110.35752398390937,C
SR-000000000922,FS-000000005,EN-000003,AC-00002,2026-07-23T20:30:02,TAKEOFF,OIL_PRESSURE,57.11839933268433,psi
SR-000000000923,FS-000000005,EN-000003,AC-00002,2026-07-23T20:30:02,TAKEOFF,VIBRATION,0.8161413279333073,units_0_5
SR-000000000924,FS-000000005,EN-000004,AC-00002,2026-07-23T20:30:02,TAKEOFF,EGT,826.734214592003,C
SR-000000000925,FS-000000005,EN-000004,AC-00002,2026-07-23T20:30:02,TAKEOFF,N1,93.99999571052894,pct
SR-000000000926,FS-000000005,EN-000004,AC-00002,2026-07-23T20:30:02,TAKEOFF,N2,97.97978032019685,pct
SR-000000000927,FS-000000005,EN-000004,AC-00002,2026-07-23T20:30:02,TAKEOFF,FUEL_FLOW,2867.048227742591,kg_h
SR-000000000928,FS-000000005,EN-000004,AC-00002,2026-07-23T20:30:02,TAKEOFF,OIL_TEMP,113.24004751315978,C
SR-000000000929,FS-000000005,EN-000004,AC-00002,2026-07-23T20:30:02,TAKEOFF,OIL_PRESSURE,55.41363799853555,psi
SR-000000000930,FS-000000005,EN-000004,AC-00002,2026-07-23T20:30:02,TAKEOFF,VIBRATION,0.8558543030944615,units_0_5
SR-000000000931,FS-000000005,,AC-00002,2026-07-23T20:30:02,TAKEOFF,APU_EGT,47.845379225319036,C
SR-000000000932,FS-000000005,,AC-00002,2026-07-23T20:30:02,TAKEOFF,CABIN_ALTITUDE,-138.6353408657996,ft
SR-000000000933,FS-000000005,EN-000003,AC-00002,2026-07-23T20:32:02,INITIAL_CLIMB,EGT,793.2384473014721,C
SR-000000000934,FS-000000005,EN-000003,AC-00002,2026-07-23T20:32:02,INITIAL_CLIMB,N1,92.15391706718522,pct
SR-000000000935,FS-000000005,EN-000003,AC-00002,2026-07-23T20:32:02,INITIAL_CLIMB,N2,94.7052193671167,pct
SR-000000000936,FS-000000005,EN-000003,AC-00002,2026-07-23T20:32:02,INITIAL_CLIMB,FUEL_FLOW,2617.865718971982,kg_h
SR-000000000937,FS-000000005,EN-000003,AC-00002,2026-07-23T20:32:02,INITIAL_CLIMB,OIL_TEMP,116.50908041182032,C
SR-000000000938,FS-000000005,EN-000003,AC-00002,2026-07-23T20:32:02,INITIAL_CLIMB,OIL_PRESSURE,52.095141736294195,psi
SR-000000000939,FS-000000005,EN-000003,AC-00002,2026-07-23T20:32:02,INITIAL_CLIMB,VIBRATION,0.5843444002637699,units_0_5
SR-000000000940,FS-000000005,EN-000004,AC-00002,2026-07-23T20:32:02,INITIAL_CLIMB,EGT,817.0060803395316,C
SR-000000000941,FS-000000005,EN-000004,AC-00002,2026-07-23T20:32:02,INITIAL_CLIMB,N1,99.45257192294432,pct
SR-000000000942,FS-000000005,EN-000004,AC-00002,2026-07-23T20:32:02,INITIAL_CLIMB,N2,94.73844028794512,pct
SR-000000000943,FS-000000005,EN-000004,AC-00002,2026-07-23T20:32:02,INITIAL_CLIMB,FUEL_FLOW,2335.4817340024747,kg_h
SR-000000000944,FS-000000005,EN-000004,AC-00002,2026-07-23T20:32:02,INITIAL_CLIMB,OIL_TEMP,116.03503100464883,C
SR-000000000945,FS-000000005,EN-000004,AC-00002,2026-07-23T20:32:02,INITIAL_CLIMB,OIL_PRESSURE,57.70797577188345,psi
SR-000000000946,FS-000000005,EN-000004,AC-00002,2026-07-23T20:32:02,INITIAL_CLIMB,VIBRATION,0.7750999483764547,units_0_5
SR-000000000947,FS-000000005,,AC-00002,2026-07-23T20:32:02,INITIAL_CLIMB,APU_EGT,83.53634809624437,C
SR-000000000948,FS-000000005,,AC-00002,2026-07-23T20:32:02,INITIAL_CLIMB,CABIN_ALTITUDE,2097.132675848515,ft
SR-000000000949,FS-000000005,EN-000003,AC-00002,2026-07-23T23:15:24,CLIMB,EGT,761.1597644929153,C
SR-000000000950,FS-000000005,EN-000003,AC-00002,2026-07-23T23:15:24,CLIMB,N1,85.47899167914139,pct
SR-000000000951,FS-000000005,EN-000003,AC-00002,2026-07-23T23:15:24,CLIMB,N2,88.19320896848612,pct
SR-000000000952,FS-000000005,EN-000003,AC-00002,2026-07-23T23:15:24,CLIMB,FUEL_FLOW,2012.6670102547366,kg_h
SR-000000000953,FS-000000005,EN-000003,AC-00002,2026-07-23T23:15:24,CLIMB,OIL_TEMP,115.34409629788247,C
SR-000000000954,FS-000000005,EN-000003,AC-00002,2026-07-23T23:15:24,CLIMB,OIL_PRESSURE,60.00783182820212,psi
SR-000000000955,FS-000000005,EN-000003,AC-00002,2026-07-23T23:15:24,CLIMB,VIBRATION,0.6389607928745641,units_0_5
SR-000000000956,FS-000000005,EN-000004,AC-00002,2026-07-23T23:15:24,CLIMB,EGT,705.1279207879314,C
SR-000000000957,FS-000000005,EN-000004,AC-00002,2026-07-23T23:15:24,CLIMB,N1,85.32982304289474,pct
SR-000000000958,FS-000000005,EN-000004,AC-00002,2026-07-23T23:15:24,CLIMB,N2,89.27881422615224,pct
SR-000000000959,FS-000000005,EN-000004,AC-00002,2026-07-23T23:15:24,CLIMB,FUEL_FLOW,1695.9532489802837,kg_h
SR-000000000960,FS-000000005,EN-000004,AC-00002,2026-07-23T23:15:24,CLIMB,OIL_TEMP,113.8497680783018,C
SR-000000000961,FS-000000005,EN-000004,AC-00002,2026-07-23T23:15:24,CLIMB,OIL_PRESSURE,52.3106130955078,psi
SR-000000000962,FS-000000005,EN-000004,AC-00002,2026-07-23T23:15:24,CLIMB,VIBRATION,0.8271098423115995,units_0_5
SR-000000000963,FS-000000005,,AC-00002,2026-07-23T23:15:24,CLIMB,APU_EGT,53.666779313472034,C
SR-000000000964,FS-000000005,,AC-00002,2026-07-23T23:15:24,CLIMB,CABIN_ALTITUDE,6148.657584412196,ft
SR-000000000965,FS-000000005,EN-000003,AC-00002,2026-07-24T02:37:44,CRUISE,EGT,640.3617289751191,C
SR-000000000966,FS-000000005,EN-000003,AC-00002,2026-07-24T02:37:44,CRUISE,N1,83.04085089146058,pct
SR-000000000967,FS-000000005,EN-000003,AC-00002,2026-07-24T02:37:44,CRUISE,N2,91.58712990387717,pct
SR-000000000968,FS-000000005,EN-000003,AC-00002,2026-07-24T02:37:44,CRUISE,FUEL_FLOW,1325.3727009926306,kg_h
SR-000000000969,FS-000000005,EN-000003,AC-00002,2026-07-24T02:37:44,CRUISE,OIL_TEMP,107.84634496448862,C
SR-000000000970,FS-000000005,EN-000003,AC-00002,2026-07-24T02:37:44,CRUISE,OIL_PRESSURE,52.1894329653661,psi
SR-000000000971,FS-000000005,EN-000003,AC-00002,2026-07-24T02:37:44,CRUISE,VIBRATION,0.6516014232672733,units_0_5
SR-000000000972,FS-000000005,EN-000004,AC-00002,2026-07-24T02:37:44,CRUISE,EGT,613.3578530634911,C
SR-000000000973,FS-000000005,EN-000004,AC-00002,2026-07-24T02:37:44,CRUISE,N1,85.45904999456575,pct
SR-000000000974,FS-000000005,EN-000004,AC-00002,2026-07-24T02:37:44,CRUISE,N2,84.30889986043967,pct
SR-000000000975,FS-000000005,EN-000004,AC-00002,2026-07-24T02:37:44,CRUISE,FUEL_FLOW,1125.403126878674,kg_h
SR-000000000976,FS-000000005,EN-000004,AC-00002,2026-07-24T02:37:44,CRUISE,OIL_TEMP,107.119024177449,C
SR-000000000977,FS-000000005,EN-000004,AC-00002,2026-07-24T02:37:44,CRUISE,OIL_PRESSURE,60.17222395199858,psi
SR-000000000978,FS-000000005,EN-000004,AC-00002,2026-07-24T02:37:44,CRUISE,VIBRATION,1.0077598389021223,units_0_5
SR-000000000979,FS-000000005,,AC-00002,2026-07-24T02:37:44,CRUISE,APU_EGT,52.40502117826765,C
SR-000000000980,FS-000000005,,AC-00002,2026-07-24T02:37:44,CRUISE,CABIN_ALTITUDE,,ft
SR-000000000981,FS-000000005,EN-000003,AC-00002,2026-07-24T03:58:40,CRUISE,EGT,,C
SR-000000000982,FS-000000005,EN-000003,AC-00002,2026-07-24T03:58:40,CRUISE,N1,86.30606206369154,pct
SR-000000000983,FS-000000005,EN-000003,AC-00002,2026-07-24T03:58:40,CRUISE,N2,83.12220485792298,pct
SR-000000000984,FS-000000005,EN-000003,AC-00002,2026-07-24T03:58:40,CRUISE,FUEL_FLOW,1359.0786457073914,kg_h
SR-000000000985,FS-000000005,EN-000003,AC-00002,2026-07-24T03:58:40,CRUISE,OIL_TEMP,103.5294039190921,C
SR-000000000986,FS-000000005,EN-000003,AC-00002,2026-07-24T03:58:40,CRUISE,OIL_PRESSURE,46.41525362243814,psi
SR-000000000987,FS-000000005,EN-000003,AC-00002,2026-07-24T03:58:40,CRUISE,VIBRATION,0.8253934163565918,units_0_5
SR-000000000988,FS-000000005,EN-000004,AC-00002,2026-07-24T03:58:40,CRUISE,EGT,617.2327611765558,C
SR-000000000989,FS-000000005,EN-000004,AC-00002,2026-07-24T03:58:40,CRUISE,N1,80.8029285934716,pct
SR-000000000990,FS-000000005,EN-000004,AC-00002,2026-07-24T03:58:40,CRUISE,N2,88.65785937814249,pct
SR-000000000991,FS-000000005,EN-000004,AC-00002,2026-07-24T03:58:40,CRUISE,FUEL_FLOW,1263.7750140827654,kg_h
SR-000000000992,FS-000000005,EN-000004,AC-00002,2026-07-24T03:58:40,CRUISE,OIL_TEMP,110.67346925623582,C
SR-000000000993,FS-000000005,EN-000004,AC-00002,2026-07-24T03:58:40,CRUISE,OIL_PRESSURE,54.065354330752776,psi
SR-000000000994,FS-000000005,EN-000004,AC-00002,2026-07-24T03:58:40,CRUISE,VIBRATION,0.8454897989840735,units_0_5
SR-000000000995,FS-000000005,,AC-00002,2026-07-24T03:58:40,CRUISE,APU_EGT,111.31411426773145,C
SR-000000000996,FS-000000005,,AC-00002,2026-07-24T03:58:40,CRUISE,CABIN_ALTITUDE,7282.4812492693345,ft
SR-000000000997,FS-000000005,EN-000003,AC-00002,2026-07-24T05:19:36,CRUISE,EGT,691.098786022702,C
SR-000000000998,FS-000000005,EN-000003,AC-00002,2026-07-24T05:19:36,CRUISE,N1,79.52442089268096,pct
SR-000000000999,FS-000000005,EN-000003,AC-00002,2026-07-24T05:19:36,CRUISE,N2,92.16497676998691,pct
SR-000000001000,FS-000000005,EN-000003,AC-00002,2026-07-24T05:19:36,CRUISE,FUEL_FLOW,4393.12050726068,kg_h
SR-000000001001,FS-000000005,EN-000003,AC-00002,2026-07-24T05:19:36,CRUISE,OIL_TEMP,106.41130759901513,C
SR-000000001002,FS-000000005,EN-000003,AC-00002,2026-07-24T05:19:36,CRUISE,OIL_PRESSURE,51.02184727583601,psi
SR-000000001003,FS-000000005,EN-000003,AC-00002,2026-07-24T05:19:36,CRUISE,VIBRATION,0.8087019624886215,units_0_5
SR-000000001004,FS-000000005,EN-000004,AC-00002,2026-07-24T05:19:36,CRUISE,EGT,601.8219334375852,C
SR-000000001005,FS-000000005,EN-000004,AC-00002,2026-07-24T05:19:36,CRUISE,N1,80.99102593642877,pct
SR-000000001006,FS-000000005,EN-000004,AC-00002,2026-07-24T05:19:36,CRUISE,N2,81.51874062433129,pct
SR-000000001007,FS-000000005,EN-000004,AC-00002,2026-07-24T05:19:36,CRUISE,FUEL_FLOW,1278.0073436937778,kg_h
SR-000000001008,FS-000000005,EN-000004,AC-00002,2026-07-24T05:19:36,CRUISE,OIL_TEMP,109.8593602670901,C
SR-000000001009,FS-000000005,EN-000004,AC-00002,2026-07-24T05:19:36,CRUISE,OIL_PRESSURE,57.323586725092994,psi
SR-000000001010,FS-000000005,EN-000004,AC-00002,2026-07-24T05:19:36,CRUISE,VIBRATION,0.847288724149195,units_0_5
SR-000000001011,FS-000000005,,AC-00002,2026-07-24T05:19:36,CRUISE,APU_EGT,67.83076743680459,C
SR-000000001012,FS-000000005,,AC-00002,2026-07-24T05:19:36,CRUISE,CABIN_ALTITUDE,6744.949118483953,ft
SR-000000001013,FS-000000005,EN-000003,AC-00002,2026-07-24T06:40:32,CRUISE,EGT,672.6733450055067,C
SR-000000001014,FS-000000005,EN-000003,AC-00002,2026-07-24T06:40:32,CRUISE,N1,86.32337602541263,pct
SR-000000001015,FS-000000005,EN-000003,AC-00002,2026-07-24T06:40:32,CRUISE,N2,90.41378351701555,pct
SR-000000001016,FS-000000005,EN-000003,AC-00002,2026-07-24T06:40:32,CRUISE,FUEL_FLOW,1203.4489789425852,kg_h
SR-000000001017,FS-000000005,EN-000003,AC-00002,2026-07-24T06:40:32,CRUISE,OIL_TEMP,105.96416828228749,C
SR-000000001018,FS-000000005,EN-000003,AC-00002,2026-07-24T06:40:32,CRUISE,OIL_PRESSURE,54.97597482944531,psi
SR-000000001019,FS-000000005,EN-000003,AC-00002,2026-07-24T06:40:32,CRUISE,VIBRATION,0.9812598023718385,units_0_5
SR-000000001020,FS-000000005,EN-000004,AC-00002,2026-07-24T06:40:32,CRUISE,EGT,616.0200500773416,C
SR-000000001021,FS-000000005,EN-000004,AC-00002,2026-07-24T06:40:32,CRUISE,N1,84.72599955970786,pct
SR-000000001022,FS-000000005,EN-000004,AC-00002,2026-07-24T06:40:32,CRUISE,N2,81.7638333299623,pct
SR-000000001023,FS-000000005,EN-000004,AC-00002,2026-07-24T06:40:32,CRUISE,FUEL_FLOW,1245.4497276601087,kg_h
SR-000000001024,FS-000000005,EN-000004,AC-00002,2026-07-24T06:40:32,CRUISE,OIL_TEMP,106.06930054044078,C
SR-000000001025,FS-000000005,EN-000004,AC-00002,2026-07-24T06:40:32,CRUISE,OIL_PRESSURE,52.021709660437175,psi
SR-000000001026,FS-000000005,EN-000004,AC-00002,2026-07-24T06:40:32,CRUISE,VIBRATION,0.8939251899857865,units_0_5
SR-000000001027,FS-000000005,,AC-00002,2026-07-24T06:40:32,CRUISE,APU_EGT,52.04917422996085,C
SR-000000001028,FS-000000005,,AC-00002,2026-07-24T06:40:32,CRUISE,CABIN_ALTITUDE,6624.464756662385,ft
SR-000000001029,FS-000000005,EN-000003,AC-00002,2026-07-24T08:01:28,CRUISE,EGT,671.5807052034868,C
SR-000000001030,FS-000000005,EN-000003,AC-00002,2026-07-24T08:01:28,CRUISE,N1,80.7806077641924,pct
SR-000000001031,FS-000000005,EN-000003,AC-00002,2026-07-24T08:01:28,CRUISE,N2,94.1993576569507,pct
SR-000000001032,FS-000000005,EN-000003,AC-00002,2026-07-24T08:01:28,CRUISE,FUEL_FLOW,1376.0032811941376,kg_h
SR-000000001033,FS-000000005,EN-000003,AC-00002,2026-07-24T08:01:28,CRUISE,OIL_TEMP,111.43231607995406,C
SR-000000001034,FS-000000005,EN-000003,AC-00002,2026-07-24T08:01:28,CRUISE,OIL_PRESSURE,53.64776698790436,psi
SR-000000001035,FS-000000005,EN-000003,AC-00002,2026-07-24T08:01:28,CRUISE,VIBRATION,0.6754929807715491,units_0_5
SR-000000001036,FS-000000005,EN-000004,AC-00002,2026-07-24T08:01:28,CRUISE,EGT,567.4677373408203,C
SR-000000001037,FS-000000005,EN-000004,AC-00002,2026-07-24T08:01:28,CRUISE,N1,82.5610798276405,pct
SR-000000001038,FS-000000005,EN-000004,AC-00002,2026-07-24T08:01:28,CRUISE,N2,85.31275897299261,pct
SR-000000001039,FS-000000005,EN-000004,AC-00002,2026-07-24T08:01:28,CRUISE,FUEL_FLOW,1142.6955493413511,kg_h
SR-000000001040,FS-000000005,EN-000004,AC-00002,2026-07-24T08:01:28,CRUISE,OIL_TEMP,107.16010188770326,C
SR-000000001041,FS-000000005,EN-000004,AC-00002,2026-07-24T08:01:28,CRUISE,OIL_PRESSURE,54.89255874259454,psi
SR-000000001042,FS-000000005,EN-000004,AC-00002,2026-07-24T08:01:28,CRUISE,VIBRATION,0.9243898351665518,units_0_5
SR-000000001043,FS-000000005,,AC-00002,2026-07-24T08:01:28,CRUISE,APU_EGT,67.28800493662345,C
SR-000000001044,FS-000000005,,AC-00002,2026-07-24T08:01:28,CRUISE,CABIN_ALTITUDE,7021.029078577231,ft
SR-000000001045,FS-000000005,EN-000003,AC-00002,2026-07-24T09:22:24,CRUISE,EGT,629.6127095103615,C
SR-000000001046,FS-000000005,EN-000003,AC-00002,2026-07-24T09:22:24,CRUISE,N1,86.01948307115362,pct
SR-000000001047,FS-000000005,EN-000003,AC-00002,2026-07-24T09:22:24,CRUISE,N2,93.9202581716626,pct
SR-000000001048,FS-000000005,EN-000003,AC-00002,2026-07-24T09:22:24,CRUISE,FUEL_FLOW,1305.7162223924079,kg_h
SR-000000001049,FS-000000005,EN-000003,AC-00002,2026-07-24T09:22:24,CRUISE,OIL_TEMP,108.26121104592173,C
SR-000000001050,FS-000000005,EN-000003,AC-00002,2026-07-24T09:22:24,CRUISE,OIL_PRESSURE,53.20860716770755,psi
SR-000000001051,FS-000000005,EN-000003,AC-00002,2026-07-24T09:22:24,CRUISE,VIBRATION,0.7425750369819314,units_0_5
SR-000000001052,FS-000000005,EN-000004,AC-00002,2026-07-24T09:22:24,CRUISE,EGT,585.1013315699174,C
SR-000000001053,FS-000000005,EN-000004,AC-00002,2026-07-24T09:22:24,CRUISE,N1,81.69560477830001,pct
SR-000000001054,FS-000000005,EN-000004,AC-00002,2026-07-24T09:22:24,CRUISE,N2,85.02119538904283,pct
SR-000000001055,FS-000000005,EN-000004,AC-00002,2026-07-24T09:22:24,CRUISE,FUEL_FLOW,1026.9900924649855,kg_h
SR-000000001056,FS-000000005,EN-000004,AC-00002,2026-07-24T09:22:24,CRUISE,OIL_TEMP,107.02849667148747,C
SR-000000001057,FS-000000005,EN-000004,AC-00002,2026-07-24T09:22:24,CRUISE,OIL_PRESSURE,55.43991793801438,psi
SR-000000001058,FS-000000005,EN-000004,AC-00002,2026-07-24T09:22:24,CRUISE,VIBRATION,0.9455402667251601,units_0_5
SR-000000001059,FS-000000005,,AC-00002,2026-07-24T09:22:24,CRUISE,APU_EGT,74.38738061765478,C
SR-000000001060,FS-000000005,,AC-00002,2026-07-24T09:22:24,CRUISE,CABIN_ALTITUDE,6786.815230931484,ft
SR-000000001061,FS-000000005,EN-000003,AC-00002,2026-07-24T12:17:45,DESCENT,EGT,437.6563651030026,C
SR-000000001062,FS-000000005,EN-000003,AC-00002,2026-07-24T12:17:45,DESCENT,N1,48.742657837000266,pct
SR-000000001063,FS-000000005,EN-000003,AC-00002,2026-07-24T12:17:45,DESCENT,N2,68.28803951146237,pct
SR-000000001064,FS-000000005,EN-000003,AC-00002,2026-07-24T12:17:45,DESCENT,FUEL_FLOW,613.0575215429941,kg_h
SR-000000001065,FS-000000005,EN-000003,AC-00002,2026-07-24T12:17:45,DESCENT,OIL_TEMP,88.97562787567206,C
SR-000000001066,FS-000000005,EN-000003,AC-00002,2026-07-24T12:17:45,DESCENT,OIL_PRESSURE,58.05100947548786,psi
SR-000000001067,FS-000000005,EN-000003,AC-00002,2026-07-24T12:17:45,DESCENT,VIBRATION,0.7746966455342343,units_0_5
SR-000000001068,FS-000000005,EN-000004,AC-00002,2026-07-24T12:17:45,DESCENT,EGT,410.2514330922778,C
SR-000000001069,FS-000000005,EN-000004,AC-00002,2026-07-24T12:17:45,DESCENT,N1,51.708375813225565,pct
SR-000000001070,FS-000000005,EN-000004,AC-00002,2026-07-24T12:17:45,DESCENT,N2,58.441436975909085,pct
SR-000000001071,FS-000000005,EN-000004,AC-00002,2026-07-24T12:17:45,DESCENT,FUEL_FLOW,389.78526792974304,kg_h
SR-000000001072,FS-000000005,EN-000004,AC-00002,2026-07-24T12:17:45,DESCENT,OIL_TEMP,99.00905337636004,C
SR-000000001073,FS-000000005,EN-000004,AC-00002,2026-07-24T12:17:45,DESCENT,OIL_PRESSURE,55.43606242575156,psi
SR-000000001074,FS-000000005,EN-000004,AC-00002,2026-07-24T12:17:45,DESCENT,VIBRATION,0.7542043090131259,units_0_5
SR-000000001075,FS-000000005,,AC-00002,2026-07-24T12:17:45,DESCENT,APU_EGT,47.64612188299709,C
SR-000000001076,FS-000000005,,AC-00002,2026-07-24T12:17:45,DESCENT,CABIN_ALTITUDE,5294.309122616263,ft
SR-000000001077,FS-000000005,EN-000003,AC-00002,2026-07-24T14:35:38,APPROACH,EGT,949.0452041623614,C
SR-000000001078,FS-000000005,EN-000003,AC-00002,2026-07-24T14:35:38,APPROACH,N1,67.0393703108295,pct
SR-000000001079,FS-000000005,EN-000003,AC-00002,2026-07-24T14:35:38,APPROACH,N2,77.73168427805288,pct
SR-000000001080,FS-000000005,EN-000003,AC-00002,2026-07-24T14:35:38,APPROACH,FUEL_FLOW,538.8808303965017,kg_h
SR-000000001081,FS-000000005,EN-000003,AC-00002,2026-07-24T14:35:38,APPROACH,OIL_TEMP,,C
SR-000000001082,FS-000000005,EN-000003,AC-00002,2026-07-24T14:35:38,APPROACH,OIL_PRESSURE,54.70913266321774,psi
SR-000000001083,FS-000000005,EN-000003,AC-00002,2026-07-24T14:35:38,APPROACH,VIBRATION,0.5818712084553731,units_0_5
SR-000000001084,FS-000000005,EN-000004,AC-00002,2026-07-24T14:35:38,APPROACH,EGT,456.01407849099206,C
SR-000000001085,FS-000000005,EN-000004,AC-00002,2026-07-24T14:35:38,APPROACH,N1,56.16477462738535,pct
SR-000000001086,FS-000000005,EN-000004,AC-00002,2026-07-24T14:35:38,APPROACH,N2,70.0239170412309,pct
SR-000000001087,FS-000000005,EN-000004,AC-00002,2026-07-24T14:35:38,APPROACH,FUEL_FLOW,541.8000818262175,kg_h
SR-000000001088,FS-000000005,EN-000004,AC-00002,2026-07-24T14:35:38,APPROACH,OIL_TEMP,91.35959413951777,C
SR-000000001089,FS-000000005,EN-000004,AC-00002,2026-07-24T14:35:38,APPROACH,OIL_PRESSURE,51.66618776496556,psi
SR-000000001090,FS-000000005,EN-000004,AC-00002,2026-07-24T14:35:38,APPROACH,VIBRATION,0.8422649572877526,units_0_5
SR-000000001091,FS-000000005,,AC-00002,2026-07-24T14:35:38,APPROACH,APU_EGT,-6.377159896359995,C
SR-000000001092,FS-000000005,,AC-00002,2026-07-24T14:35:38,APPROACH,CABIN_ALTITUDE,1864.0627969967554,ft
SR-000000001093,FS-000000005,EN-000003,AC-00002,2026-07-24T14:39:08,LANDING,EGT,354.71974087766773,C
SR-000000001094,FS-000000005,EN-000003,AC-00002,2026-07-24T14:39:08,LANDING,N1,42.8941502525173,pct
SR-000000001095,FS-000000005,EN-000003,AC-00002,2026-07-24T14:39:08,LANDING,N2,54.983790617706504,pct
SR-000000001096,FS-000000005,EN-000003,AC-00002,2026-07-24T14:39:08,LANDING,FUEL_FLOW,393.9350227176792,kg_h
SR-000000001097,FS-000000005,EN-000003,AC-00002,2026-07-24T14:39:08,LANDING,OIL_TEMP,79.18068788329992,C
SR-000000001098,FS-000000005,EN-000003,AC-00002,2026-07-24T14:39:08,LANDING,OIL_PRESSURE,58.168663057595886,psi
SR-000000001099,FS-000000005,EN-000003,AC-00002,2026-07-24T14:39:08,LANDING,VIBRATION,0.7517499310628015,units_0_5
SR-000000001100,FS-000000005,EN-000004,AC-00002,2026-07-24T14:39:08,LANDING,EGT,386.8595290844553,C
SR-000000001101,FS-000000005,EN-000004,AC-00002,2026-07-24T14:39:08,LANDING,N1,38.54187210989029,pct
SR-000000001102,FS-000000005,EN-000004,AC-00002,2026-07-24T14:39:08,LANDING,N2,58.69695050144592,pct
SR-000000001103,FS-000000005,EN-000004,AC-00002,2026-07-24T14:39:08,LANDING,FUEL_FLOW,311.9210714965842,kg_h
SR-000000001104,FS-000000005,EN-000004,AC-00002,2026-07-24T14:39:08,LANDING,OIL_TEMP,74.72574391016919,C
SR-000000001105,FS-000000005,EN-000004,AC-00002,2026-07-24T14:39:08,LANDING,OIL_PRESSURE,56.50654802235316,psi
SR-000000001106,FS-000000005,EN-000004,AC-00002,2026-07-24T14:39:08,LANDING,VIBRATION,0.9206664387528989,units_0_5
SR-000000001107,FS-000000005,,AC-00002,2026-07-24T14:39:08,LANDING,APU_EGT,40.99463678866787,C
SR-000000001108,FS-000000005,,AC-00002,2026-07-24T14:39:08,LANDING,CABIN_ALTITUDE,-133.0332173994436,ft
SR-000000001109,FS-000000005,,AC-00002,2026-07-24T14:39:08,LANDING,BRAKE_TEMPERATURE,126.33173081786707,C
SR-000000001110,FS-000000005,EN-000003,AC-00002,2026-07-24T14:41:38,TAXI,EGT,366.1518120110718,C
SR-000000001111,FS-000000005,EN-000003,AC-00002,2026-07-24T14:41:38,TAXI,N1,28.004376057815357,pct
SR-000000001112,FS-000000005,EN-000003,AC-00002,2026-07-24T14:41:38,TAXI,N2,54.08667067562173,pct
SR-000000001113,FS-000000005,EN-000003,AC-00002,2026-07-24T14:41:38,TAXI,FUEL_FLOW,338.6555430224774,kg_h
SR-000000001114,FS-000000005,EN-000003,AC-00002,2026-07-24T14:41:38,TAXI,OIL_TEMP,58.73777303812273,C
SR-000000001115,FS-000000005,EN-000003,AC-00002,2026-07-24T14:41:38,TAXI,OIL_PRESSURE,19.430830900637186,psi
SR-000000001116,FS-000000005,EN-000003,AC-00002,2026-07-24T14:41:38,TAXI,VIBRATION,0.6951202547341087,units_0_5
SR-000000001117,FS-000000005,EN-000004,AC-00002,2026-07-24T14:41:38,TAXI,EGT,373.2466517702778,C
SR-000000001118,FS-000000005,EN-000004,AC-00002,2026-07-24T14:41:38,TAXI,N1,,pct
SR-000000001119,FS-000000005,EN-000004,AC-00002,2026-07-24T14:41:38,TAXI,N2,52.171288593868525,pct
SR-000000001120,FS-000000005,EN-000004,AC-00002,2026-07-24T14:41:38,TAXI,FUEL_FLOW,233.92519394083664,kg_h
SR-000000001121,FS-000000005,EN-000004,AC-00002,2026-07-24T14:41:38,TAXI,OIL_TEMP,62.228609744616534,C
SR-000000001122,FS-000000005,EN-000004,AC-00002,2026-07-24T14:41:38,TAXI,OIL_PRESSURE,15.60770695760841,psi
SR-000000001123,FS-000000005,EN-000004,AC-00002,2026-07-24T14:41:38,TAXI,VIBRATION,0.8433747833546454,units_0_5
SR-000000001124,FS-000000005,,AC-00002,2026-07-24T14:41:38,TAXI,APU_EGT,467.2586403523973,C
SR-000000001125,FS-000000005,,AC-00002,2026-07-24T14:41:38,TAXI,CABIN_ALTITUDE,6.774176088395848,ft
SR-000000001126,FS-000000006,EN-000003,AC-00002,2026-07-24T02:26:46,TAXI,EGT,333.81927728786957,C
SR-000000001127,FS-000000006,EN-000003,AC-00002,2026-07-24T02:26:46,TAXI,N1,23.74722454610391,pct
SR-000000001128,FS-000000006,EN-000003,AC-00002,2026-07-24T02:26:46,TAXI,N2,60.768636284588645,pct
SR-000000001129,FS-000000006,EN-000003,AC-00002,2026-07-24T02:26:46,TAXI,FUEL_FLOW,320.0040548533748,kg_h
SR-000000001130,FS-000000006,EN-000003,AC-00002,2026-07-24T02:26:46,TAXI,OIL_TEMP,63.200498884764244,C
SR-000000001131,FS-000000006,EN-000003,AC-00002,2026-07-24T02:26:46,TAXI,OIL_PRESSURE,16.879627278228135,psi
SR-000000001132,FS-000000006,EN-000003,AC-00002,2026-07-24T02:26:46,TAXI,VIBRATION,0.831507181990727,units_0_5
SR-000000001133,FS-000000006,EN-000004,AC-00002,2026-07-24T02:26:46,TAXI,EGT,,C
SR-000000001134,FS-000000006,EN-000004,AC-00002,2026-07-24T02:26:46,TAXI,N1,32.43538950249429,pct
SR-000000001135,FS-000000006,EN-000004,AC-00002,2026-07-24T02:26:46,TAXI,N2,50.11472146382893,pct
SR-000000001136,FS-000000006,EN-000004,AC-00002,2026-07-24T02:26:46,TAXI,FUEL_FLOW,167.0688407800566,kg_h
SR-000000001137,FS-000000006,EN-000004,AC-00002,2026-07-24T02:26:46,TAXI,OIL_TEMP,61.91657638210941,C
SR-000000001138,FS-000000006,EN-000004,AC-00002,2026-07-24T02:26:46,TAXI,OIL_PRESSURE,12.724867925935193,psi
SR-000000001139,FS-000000006,EN-000004,AC-00002,2026-07-24T02:26:46,TAXI,VIBRATION,0.8895181031749908,units_0_5
SR-000000001140,FS-000000006,,AC-00002,2026-07-24T02:26:46,TAXI,APU_EGT,540.2149554416603,C
SR-000000001141,FS-000000006,,AC-00002,2026-07-24T02:26:46,TAXI,CABIN_ALTITUDE,9.137951986761998,ft
SR-000000001142,FS-000000006,EN-000003,AC-00002,2026-07-24T02:29:46,TAKEOFF,EGT,879.468363979766,C
SR-000000001143,FS-000000006,EN-000003,AC-00002,2026-07-24T02:29:46,TAKEOFF,N1,102.69943648661034,pct
SR-000000001144,FS-000000006,EN-000003,AC-00002,2026-07-24T02:29:46,TAKEOFF,N2,107.0981591892733,pct
SR-000000001145,FS-000000006,EN-000003,AC-00002,2026-07-24T02:29:46,TAKEOFF,FUEL_FLOW,3048.598872269771,kg_h
SR-000000001146,FS-000000006,EN-000003,AC-00002,2026-07-24T02:29:46,TAKEOFF,OIL_TEMP,109.71270470098803,C
SR-000000001147,FS-000000006,EN-000003,AC-00002,2026-07-24T02:29:46,TAKEOFF,OIL_PRESSURE,51.05943180222008,psi
SR-000000001148,FS-000000006,EN-000003,AC-00002,2026-07-24T02:29:46,TAKEOFF,VIBRATION,0.6972433943687766,units_0_5
SR-000000001149,FS-000000006,EN-000004,AC-00002,2026-07-24T02:29:46,TAKEOFF,EGT,840.8011369274042,C
SR-000000001150,FS-000000006,EN-000004,AC-00002,2026-07-24T02:29:46,TAKEOFF,N1,93.04377930198015,pct
SR-000000001151,FS-000000006,EN-000004,AC-00002,2026-07-24T02:29:46,TAKEOFF,N2,98.31396266587501,pct
SR-000000001152,FS-000000006,EN-000004,AC-00002,2026-07-24T02:29:46,TAKEOFF,FUEL_FLOW,3005.111596265721,kg_h
SR-000000001153,FS-000000006,EN-000004,AC-00002,2026-07-24T02:29:46,TAKEOFF,OIL_TEMP,115.43139501816876,C
SR-000000001154,FS-000000006,EN-000004,AC-00002,2026-07-24T02:29:46,TAKEOFF,OIL_PRESSURE,56.04184917005923,psi
SR-000000001155,FS-000000006,EN-000004,AC-00002,2026-07-24T02:29:46,TAKEOFF,VIBRATION,0.7306661206529822,units_0_5
SR-000000001156,FS-000000006,,AC-00002,2026-07-24T02:29:46,TAKEOFF,APU_EGT,97.7585478336631,C
SR-000000001157,FS-000000006,,AC-00002,2026-07-24T02:29:46,TAKEOFF,CABIN_ALTITUDE,-74.3754985021753,ft
SR-000000001158,FS-000000006,EN-000003,AC-00002,2026-07-24T02:31:46,INITIAL_CLIMB,EGT,849.8501607849231,C
SR-000000001159,FS-000000006,EN-000003,AC-00002,2026-07-24T02:31:46,INITIAL_CLIMB,N1,97.4846538490611,pct
SR-000000001160,FS-000000006,EN-000003,AC-00002,2026-07-24T02:31:46,INITIAL_CLIMB,N2,107.90232352402751,pct
SR-000000001161,FS-000000006,EN-000003,AC-00002,2026-07-24T02:31:46,INITIAL_CLIMB,FUEL_FLOW,2571.793060798545,kg_h
SR-000000001162,FS-000000006,EN-000003,AC-00002,2026-07-24T02:31:46,INITIAL_CLIMB,OIL_TEMP,116.25450270817196,C
SR-000000001163,FS-000000006,EN-000003,AC-00002,2026-07-24T02:31:46,INITIAL_CLIMB,OIL_PRESSURE,55.28210172099855,psi
SR-000000001164,FS-000000006,EN-000003,AC-00002,2026-07-24T02:31:46,INITIAL_CLIMB,VIBRATION,0.7406391488043294,units_0_5
SR-000000001165,FS-000000006,EN-000004,AC-00002,2026-07-24T02:31:46,INITIAL_CLIMB,EGT,822.1651728551648,C
SR-000000001166,FS-000000006,EN-000004,AC-00002,2026-07-24T02:31:46,INITIAL_CLIMB,N1,91.00570533856911,pct
SR-000000001167,FS-000000006,EN-000004,AC-00002,2026-07-24T02:31:46,INITIAL_CLIMB,N2,96.32952959076084,pct
SR-000000001168,FS-000000006,EN-000004,AC-00002,2026-07-24T02:31:46,INITIAL_CLIMB,FUEL_FLOW,2413.4233968639087,kg_h
SR-000000001169,FS-000000006,EN-000004,AC-00002,2026-07-24T02:31:46,INITIAL_CLIMB,OIL_TEMP,121.26626527694765,C
SR-000000001170,FS-000000006,EN-000004,AC-00002,2026-07-24T02:31:46,INITIAL_CLIMB,OIL_PRESSURE,54.5473480256311,psi
SR-000000001171,FS-000000006,EN-000004,AC-00002,2026-07-24T02:31:46,INITIAL_CLIMB,VIBRATION,0.8590404741866624,units_0_5
SR-000000001172,FS-000000006,,AC-00002,2026-07-24T02:31:46,INITIAL_CLIMB,APU_EGT,46.7564048535932,C
SR-000000001173,FS-000000006,,AC-00002,2026-07-24T02:31:46,INITIAL_CLIMB,CABIN_ALTITUDE,1979.9793036656174,ft
SR-000000001174,FS-000000006,EN-000003,AC-00002,2026-07-24T05:16:43,CLIMB,EGT,765.3232034498839,C
SR-000000001175,FS-000000006,EN-000003,AC-00002,2026-07-24T05:16:43,CLIMB,N1,87.09925317429098,pct
SR-000000001176,FS-000000006,EN-000003,AC-00002,2026-07-24T05:16:43,CLIMB,N2,95.04860282318103,pct
SR-000000001177,FS-000000006,EN-000003,AC-00002,2026-07-24T05:16:43,CLIMB,FUEL_FLOW,2027.7784512530159,kg_h
SR-000000001178,FS-000000006,EN-000003,AC-00002,2026-07-24T05:16:43,CLIMB,OIL_TEMP,115.86206172320118,C
SR-000000001180,FS-000000006,EN-000003,AC-00002,2026-07-24T05:16:43,CLIMB,VIBRATION,0.6573407997374158,units_0_5
SR-000000001179,FS-000000006,EN-000003,AC-00002,2026-07-24T05:16:43,CLIMB,OIL_PRESSURE,50.6570987805948,psi
SR-000000001181,FS-000000006,EN-000004,AC-00002,2026-07-24T05:16:43,CLIMB,EGT,700.0434600069057,C
SR-000000001182,FS-000000006,EN-000004,AC-00002,2026-07-24T05:16:43,CLIMB,N1,86.09035646797959,pct
SR-000000001183,FS-000000006,EN-000004,AC-00002,2026-07-24T05:16:43,CLIMB,N2,85.07997229561173,pct
SR-000000001184,FS-000000006,EN-000004,AC-00002,2026-07-24T05:16:43,CLIMB,FUEL_FLOW,1959.0628993312544,kg_h
SR-000000001185,FS-000000006,EN-000004,AC-00002,2026-07-24T05:16:43,CLIMB,OIL_TEMP,118.47313327225434,C
SR-000000001186,FS-000000006,EN-000004,AC-00002,2026-07-24T05:16:43,CLIMB,OIL_PRESSURE,55.662606428180304,psi
SR-000000001187,FS-000000006,EN-000004,AC-00002,2026-07-24T05:16:43,CLIMB,VIBRATION,0.8069372702803329,units_0_5
SR-000000001188,FS-000000006,,AC-00002,2026-07-24T05:16:43,CLIMB,APU_EGT,64.05141411272989,C
SR-000000001189,FS-000000006,,AC-00002,2026-07-24T05:16:43,CLIMB,CABIN_ALTITUDE,5709.955635567955,ft
SR-000000001190,FS-000000006,EN-000003,AC-00002,2026-07-24T08:41:01,CRUISE,EGT,668.9488122710666,C
SR-000000001191,FS-000000006,EN-000003,AC-00002,2026-07-24T08:41:01,CRUISE,N1,86.4806738395539,pct
SR-000000001192,FS-000000006,EN-000003,AC-00002,2026-07-24T08:41:01,CRUISE,N2,94.46192758300398,pct
SR-000000001193,FS-000000006,EN-000003,AC-00002,2026-07-24T08:41:01,CRUISE,FUEL_FLOW,1189.5279477216695,kg_h
SR-000000001194,FS-000000006,EN-000003,AC-00002,2026-07-24T08:41:01,CRUISE,OIL_TEMP,106.04750924782029,C
SR-000000001196,FS-000000006,EN-000003,AC-00002,2026-07-24T08:41:01,CRUISE,VIBRATION,0.6360741163999336,units_0_5
SR-000000001195,FS-000000006,EN-000003,AC-00002,2026-07-24T08:41:01,CRUISE,OIL_PRESSURE,57.00640602039654,psi
SR-000000001197,FS-000000006,EN-000004,AC-00002,2026-07-24T08:41:01,CRUISE,EGT,652.668358738857,C
SR-000000001198,FS-000000006,EN-000004,AC-00002,2026-07-24T08:41:01,CRUISE,N1,90.5493643087521,pct
SR-000000001199,FS-000000006,EN-000004,AC-00002,2026-07-24T08:41:01,CRUISE,N2,83.00375530471129,pct
SR-000000001200,FS-000000006,EN-000004,AC-00002,2026-07-24T08:41:01,CRUISE,FUEL_FLOW,1245.4246595115778,kg_h
SR-000000001201,FS-000000006,EN-000004,AC-00002,2026-07-24T08:41:01,CRUISE,OIL_TEMP,111.20728918590837,C
SR-000000001202,FS-000000006,EN-000004,AC-00002,2026-07-24T08:41:01,CRUISE,OIL_PRESSURE,52.92314548054032,psi
SR-000000001203,FS-000000006,EN-000004,AC-00002,2026-07-24T08:41:01,CRUISE,VIBRATION,0.8564430305946571,units_0_5
SR-000000001204,FS-000000006,,AC-00002,2026-07-24T08:41:01,CRUISE,APU_EGT,,C
SR-000000001205,FS-000000006,,AC-00002,2026-07-24T08:41:01,CRUISE,CABIN_ALTITUDE,6518.4803982896665,ft
SR-000000001206,FS-000000006,EN-000003,AC-00002,2026-07-24T10:02:44,CRUISE,EGT,649.2981358995934,C
SR-000000001207,FS-000000006,EN-000003,AC-00002,2026-07-24T10:02:44,CRUISE,N1,80.39291591243976,pct
SR-000000001208,FS-000000006,EN-000003,AC-00002,2026-07-24T10:02:44,CRUISE,N2,94.58182241792868,pct
SR-000000001209,FS-000000006,EN-000003,AC-00002,2026-07-24T10:02:44,CRUISE,FUEL_FLOW,1336.4163115217316,kg_h
SR-000000001210,FS-000000006,EN-000003,AC-00002,2026-07-24T10:02:44,CRUISE,OIL_TEMP,103.56070775002898,C
SR-000000001211,FS-000000006,EN-000003,AC-00002,2026-07-24T10:02:44,CRUISE,OIL_PRESSURE,55.283898802325275,psi
SR-000000001212,FS-000000006,EN-000003,AC-00002,2026-07-24T10:02:44,CRUISE,VIBRATION,0.6537518917964993,units_0_5
SR-000000001213,FS-000000006,EN-000004,AC-00002,2026-07-24T10:02:44,CRUISE,EGT,633.8450680191218,C
SR-000000001214,FS-000000006,EN-000004,AC-00002,2026-07-24T10:02:44,CRUISE,N1,84.70988766920445,pct
SR-000000001215,FS-000000006,EN-000004,AC-00002,2026-07-24T10:02:44,CRUISE,N2,85.32254018934454,pct
SR-000000001216,FS-000000006,EN-000004,AC-00002,2026-07-24T10:02:44,CRUISE,FUEL_FLOW,1323.3952613183455,kg_h
SR-000000001217,FS-000000006,EN-000004,AC-00002,2026-07-24T10:02:44,CRUISE,OIL_TEMP,115.14011012758759,C
SR-000000001218,FS-000000006,EN-000004,AC-00002,2026-07-24T10:02:44,CRUISE,OIL_PRESSURE,48.89821810407594,psi
SR-000000001219,FS-000000006,EN-000004,AC-00002,2026-07-24T10:02:44,CRUISE,VIBRATION,0.8783977444338928,units_0_5
SR-000000001220,FS-000000006,,AC-00002,2026-07-24T10:02:44,CRUISE,APU_EGT,84.62844576501504,C
SR-000000001221,FS-000000006,,AC-00002,2026-07-24T10:02:44,CRUISE,CABIN_ALTITUDE,6476.512724796763,ft
SR-000000001222,FS-000000006,EN-000003,AC-00002,2026-07-24T11:24:27,CRUISE,EGT,669.8319280171039,C
SR-000000001223,FS-000000006,EN-000003,AC-00002,2026-07-24T11:24:27,CRUISE,N1,85.34134288701755,pct
SR-000000001224,FS-000000006,EN-000003,AC-00002,2026-07-24T11:24:27,CRUISE,N2,93.04611874846839,pct
SR-000000001225,FS-000000006,EN-000003,AC-00002,2026-07-24T11:24:27,CRUISE,FUEL_FLOW,1506.5114968626508,kg_h
SR-000000001226,FS-000000006,EN-000003,AC-00002,2026-07-24T11:24:27,CRUISE,OIL_TEMP,102.85202086828774,C
SR-000000001227,FS-000000006,EN-000003,AC-00002,2026-07-24T11:24:27,CRUISE,OIL_PRESSURE,53.13897619696639,psi
SR-000000001228,FS-000000006,EN-000003,AC-00002,2026-07-24T11:24:27,CRUISE,VIBRATION,0.585951175652731,units_0_5
SR-000000001229,FS-000000006,EN-000004,AC-00002,2026-07-24T11:24:27,CRUISE,EGT,620.2619689371669,C
SR-000000001230,FS-000000006,EN-000004,AC-00002,2026-07-24T11:24:27,CRUISE,N1,86.69714064894785,pct
SR-000000001231,FS-000000006,EN-000004,AC-00002,2026-07-24T11:24:27,CRUISE,N2,91.31852854752388,pct
SR-000000001232,FS-000000006,EN-000004,AC-00002,2026-07-24T11:24:27,CRUISE,FUEL_FLOW,1348.1125719687209,kg_h
SR-000000001233,FS-000000006,EN-000004,AC-00002,2026-07-24T11:24:27,CRUISE,OIL_TEMP,114.02687528261112,C
SR-000000001234,FS-000000006,EN-000004,AC-00002,2026-07-24T11:24:27,CRUISE,OIL_PRESSURE,58.02720434388318,psi
SR-000000001235,FS-000000006,EN-000004,AC-00002,2026-07-24T11:24:27,CRUISE,VIBRATION,0.8707198655652919,units_0_5
SR-000000001236,FS-000000006,,AC-00002,2026-07-24T11:24:27,CRUISE,APU_EGT,,C
SR-000000001237,FS-000000006,,AC-00002,2026-07-24T11:24:27,CRUISE,CABIN_ALTITUDE,6590.845846002828,ft
SR-000000001238,FS-000000006,EN-000003,AC-00002,2026-07-24T12:46:10,CRUISE,EGT,658.6273430780534,C
SR-000000001239,FS-000000006,EN-000003,AC-00002,2026-07-24T12:46:10,CRUISE,N1,84.0641153131878,pct
SR-000000001240,FS-000000006,EN-000003,AC-00002,2026-07-24T12:46:10,CRUISE,N2,94.05334281745799,pct
SR-000000001241,FS-000000006,EN-000003,AC-00002,2026-07-24T12:46:10,CRUISE,FUEL_FLOW,1265.0820336768375,kg_h
SR-000000001242,FS-000000006,EN-000003,AC-00002,2026-07-24T12:46:10,CRUISE,OIL_TEMP,114.48457635493308,C
SR-000000001243,FS-000000006,EN-000003,AC-00002,2026-07-24T12:46:10,CRUISE,OIL_PRESSURE,52.81806643265113,psi
SR-000000001244,FS-000000006,EN-000003,AC-00002,2026-07-24T12:46:10,CRUISE,VIBRATION,-7950.021268427399,units_0_5
SR-000000001245,FS-000000006,EN-000004,AC-00002,2026-07-24T12:46:10,CRUISE,EGT,663.026210305964,C
SR-000000001246,FS-000000006,EN-000004,AC-00002,2026-07-24T12:46:10,CRUISE,N1,11510.970527872989,pct
SR-000000001247,FS-000000006,EN-000004,AC-00002,2026-07-24T12:46:10,CRUISE,N2,87.68420343149297,pct
SR-000000001248,FS-000000006,EN-000004,AC-00002,2026-07-24T12:46:10,CRUISE,FUEL_FLOW,1161.2572509454849,kg_h
SR-000000001249,FS-000000006,EN-000004,AC-00002,2026-07-24T12:46:10,CRUISE,OIL_TEMP,106.57731414300297,C
SR-000000001250,FS-000000006,EN-000004,AC-00002,2026-07-24T12:46:10,CRUISE,OIL_PRESSURE,54.85456199017927,psi
SR-000000001251,FS-000000006,EN-000004,AC-00002,2026-07-24T12:46:10,CRUISE,VIBRATION,0.5955185304292595,units_0_5
SR-000000001252,FS-000000006,,AC-00002,2026-07-24T12:46:10,CRUISE,APU_EGT,89.62096848454564,C
SR-000000001253,FS-000000006,,AC-00002,2026-07-24T12:46:10,CRUISE,CABIN_ALTITUDE,6144.267845374518,ft
SR-000000001254,FS-000000006,EN-000003,AC-00002,2026-07-24T14:07:54,CRUISE,EGT,661.1399429684759,C
SR-000000001255,FS-000000006,EN-000003,AC-00002,2026-07-24T14:07:54,CRUISE,N1,83.80873228464476,pct
SR-000000001256,FS-000000006,EN-000003,AC-00002,2026-07-24T14:07:54,CRUISE,N2,99.12597202304843,pct
SR-000000001257,FS-000000006,EN-000003,AC-00002,2026-07-24T14:07:54,CRUISE,FUEL_FLOW,1404.2027304847284,kg_h
SR-000000001258,FS-000000006,EN-000003,AC-00002,2026-07-24T14:07:54,CRUISE,OIL_TEMP,111.40086091353305,C
SR-000000001259,FS-000000006,EN-000003,AC-00002,2026-07-24T14:07:54,CRUISE,OIL_PRESSURE,55.42714091470105,psi
SR-000000001260,FS-000000006,EN-000003,AC-00002,2026-07-24T14:07:54,CRUISE,VIBRATION,0.6818467961376741,units_0_5
SR-000000001261,FS-000000006,EN-000004,AC-00002,2026-07-24T14:07:54,CRUISE,EGT,723.9194036792803,C
SR-000000001262,FS-000000006,EN-000004,AC-00002,2026-07-24T14:07:54,CRUISE,N1,86.04503687887208,pct
SR-000000001263,FS-000000006,EN-000004,AC-00002,2026-07-24T14:07:54,CRUISE,N2,89.84534621084457,pct
SR-000000001264,FS-000000006,EN-000004,AC-00002,2026-07-24T14:07:54,CRUISE,FUEL_FLOW,,kg_h
SR-000000001265,FS-000000006,EN-000004,AC-00002,2026-07-24T14:07:54,CRUISE,OIL_TEMP,109.43167123791667,C
SR-000000001266,FS-000000006,EN-000004,AC-00002,2026-07-24T14:07:54,CRUISE,OIL_PRESSURE,59.86649133761871,psi
SR-000000001267,FS-000000006,EN-000004,AC-00002,2026-07-24T14:07:54,CRUISE,VIBRATION,0.9152826612312449,units_0_5
SR-000000001268,FS-000000006,,AC-00002,2026-07-24T14:07:54,CRUISE,APU_EGT,84.85315218473313,C
SR-000000001269,FS-000000006,,AC-00002,2026-07-24T14:07:54,CRUISE,CABIN_ALTITUDE,7149.31372787939,ft
SR-000000001270,FS-000000006,EN-000003,AC-00002,2026-07-24T15:29:37,CRUISE,EGT,690.6732631800722,C
SR-000000001271,FS-000000006,EN-000003,AC-00002,2026-07-24T15:29:37,CRUISE,N1,83.91949805849288,pct
SR-000000001272,FS-000000006,EN-000004,AC-00002,2026-07-24T15:29:37,CRUISE,N2,88.5621394603631,pct
SR-000000001273,FS-000000006,EN-000003,AC-00002,2026-07-24T15:29:37,CRUISE,FUEL_FLOW,1341.9360324500208,kg_h
SR-000000001274,FS-000000006,EN-000003,AC-00002,2026-07-24T15:29:37,CRUISE,OIL_TEMP,105.7597192096014,C
SR-000000001275,FS-000000006,EN-000003,AC-00002,2026-07-24T15:29:37,CRUISE,OIL_PRESSURE,54.69110381839114,psi
SR-000000001276,FS-000000006,EN-000003,AC-00002,2026-07-24T15:29:37,CRUISE,VIBRATION,0.8375298649239045,units_0_5
SR-000000001277,FS-000000006,EN-000004,AC-00002,2026-07-24T15:29:37,CRUISE,EGT,650.9779853193745,C
SR-000000001278,FS-000000006,EN-000004,AC-00002,2026-07-24T15:29:37,CRUISE,N1,86.01121173261868,pct
SR-000000001279,FS-000000006,EN-000004,AC-00002,2026-07-24T15:29:37,CRUISE,N2,84.93399735067851,pct
SR-000000001280,FS-000000006,EN-000004,AC-00002,2026-07-24T15:29:37,CRUISE,FUEL_FLOW,1116.9512596384081,kg_h
SR-000000001281,FS-000000006,EN-000004,AC-00002,2026-07-24T15:29:37,CRUISE,OIL_TEMP,102.89933847368793,C
SR-000000001282,FS-000000006,EN-000004,AC-00002,2026-07-24T15:29:37,CRUISE,OIL_PRESSURE,53.727665966809724,psi
SR-000000001283,FS-000000006,EN-000004,AC-00002,2026-07-24T15:29:37,CRUISE,VIBRATION,0.8682668602835555,units_0_5
SR-000000001284,FS-000000006,,AC-00002,2026-07-24T15:29:37,CRUISE,APU_EGT,49.25646437790529,C
SR-000000001285,FS-000000006,,AC-00002,2026-07-24T15:29:37,CRUISE,CABIN_ALTITUDE,7121.40214509087,ft
SR-000000001286,FS-000000006,EN-000003,AC-00002,2026-07-24T18:26:40,DESCENT,EGT,431.6325305663636,C
SR-000000001287,FS-000000006,EN-000003,AC-00002,2026-07-24T18:26:40,DESCENT,N1,61.08670438767653,pct
SR-000000001288,FS-000000006,EN-000003,AC-00002,2026-07-24T18:26:40,DESCENT,N2,70.35108822126233,pct
SR-000000001289,FS-000000006,EN-000003,AC-00002,2026-07-24T18:26:40,DESCENT,FUEL_FLOW,412.67350362703246,kg_h
SR-000000001290,FS-000000006,EN-000003,AC-00002,2026-07-24T18:26:40,DESCENT,OIL_TEMP,95.72481954184121,C
SR-000000001291,FS-000000006,EN-000003,AC-00002,2026-07-24T18:26:40,DESCENT,OIL_PRESSURE,52.60413943714108,psi
SR-000000001292,FS-000000006,EN-000003,AC-00002,2026-07-24T18:26:40,DESCENT,VIBRATION,0.545503667712218,units_0_5
SR-000000001293,FS-000000006,EN-000004,AC-00002,2026-07-24T18:26:40,DESCENT,EGT,434.4043347315175,C
SR-000000001294,FS-000000006,EN-000004,AC-00002,2026-07-24T18:26:40,DESCENT,N1,,pct
SR-000000001295,FS-000000006,EN-000004,AC-00002,2026-07-24T18:26:40,DESCENT,N2,67.30876338138047,pct
SR-000000001296,FS-000000006,EN-000004,AC-00002,2026-07-24T18:26:40,DESCENT,FUEL_FLOW,336.9379076057068,kg_h
SR-000000001297,FS-000000006,EN-000004,AC-00002,2026-07-24T18:26:40,DESCENT,OIL_TEMP,92.7658708280771,C
SR-000000001298,FS-000000006,EN-000004,AC-00002,2026-07-24T18:26:40,DESCENT,OIL_PRESSURE,56.348274511609546,psi
SR-000000001299,FS-000000006,EN-000004,AC-00002,2026-07-24T18:26:40,DESCENT,VIBRATION,0.9321756969768773,units_0_5
SR-000000001300,FS-000000006,,AC-00002,2026-07-24T18:26:40,DESCENT,APU_EGT,76.32836700287474,C
SR-000000001301,FS-000000006,,AC-00002,2026-07-24T18:26:40,DESCENT,CABIN_ALTITUDE,5208.575102978539,ft
SR-000000001302,FS-000000006,EN-000003,AC-00002,2026-07-24T20:45:52,APPROACH,EGT,523.6344913010332,C
SR-000000001303,FS-000000006,EN-000003,AC-00002,2026-07-24T20:45:52,APPROACH,N1,64.59398348474258,pct
SR-000000001304,FS-000000006,EN-000003,AC-00002,2026-07-24T20:45:52,APPROACH,N2,84.68066003873747,pct
SR-000000001305,FS-000000006,EN-000003,AC-00002,2026-07-24T20:45:52,APPROACH,FUEL_FLOW,573.9843666353667,kg_h
SR-000000001306,FS-000000006,EN-000003,AC-00002,2026-07-24T20:45:52,APPROACH,OIL_TEMP,87.37026044029528,C
SR-000000001307,FS-000000006,EN-000003,AC-00002,2026-07-24T20:45:52,APPROACH,OIL_PRESSURE,54.10141482358147,psi
SR-000000001308,FS-000000006,EN-000003,AC-00002,2026-07-24T20:45:52,APPROACH,VIBRATION,0.5781088479668205,units_0_5
SR-000000001309,FS-000000006,EN-000004,AC-00002,2026-07-24T20:45:52,APPROACH,EGT,492.6501217230827,C
SR-000000001310,FS-000000006,EN-000004,AC-00002,2026-07-24T20:45:52,APPROACH,N1,57.43681903008829,pct
SR-000000001311,FS-000000006,EN-000004,AC-00002,2026-07-24T20:45:52,APPROACH,N2,66.73132999018726,pct
SR-000000001312,FS-000000006,EN-000004,AC-00002,2026-07-24T20:45:52,APPROACH,FUEL_FLOW,477.70199929048385,kg_h
SR-000000001313,FS-000000006,EN-000004,AC-00002,2026-07-24T20:45:52,APPROACH,OIL_TEMP,84.31721675293116,C
SR-000000001314,FS-000000006,EN-000004,AC-00002,2026-07-24T20:45:52,APPROACH,OIL_PRESSURE,53.7747400124957,psi
SR-000000001315,FS-000000006,EN-000004,AC-00002,2026-07-24T20:45:52,APPROACH,VIBRATION,0.7743550481203256,units_0_5
SR-000000001316,FS-000000006,,AC-00002,2026-07-24T20:45:52,APPROACH,APU_EGT,30.00636703797369,C
SR-000000001317,FS-000000006,,AC-00002,2026-07-24T20:45:52,APPROACH,CABIN_ALTITUDE,1746.6162188432438,ft
SR-000000001318,FS-000000006,EN-000003,AC-00002,2026-07-24T20:49:22,LANDING,EGT,382.8736811022763,C
SR-000000001319,FS-000000006,EN-000003,AC-00002,2026-07-24T20:49:22,LANDING,N1,41.44528281895814,pct
SR-000000001320,FS-000000006,EN-000003,AC-00002,2026-07-24T20:49:22,LANDING,N2,67.75716909638628,pct
SR-000000001321,FS-000000006,EN-000003,AC-00002,2026-07-24T20:49:22,LANDING,FUEL_FLOW,326.4158806926589,kg_h
SR-000000001322,FS-000000006,EN-000003,AC-00002,2026-07-24T20:49:22,LANDING,OIL_TEMP,71.64307432013742,C
SR-000000001323,FS-000000006,EN-000003,AC-00002,2026-07-24T20:49:22,LANDING,OIL_PRESSURE,53.244765564368954,psi
SR-000000001324,FS-000000006,EN-000003,AC-00002,2026-07-24T20:49:22,LANDING,VIBRATION,0.791349954373875,units_0_5
SR-000000001325,FS-000000006,EN-000004,AC-00002,2026-07-24T20:49:22,LANDING,EGT,352.87155664828583,C
SR-000000001326,FS-000000006,EN-000004,AC-00002,2026-07-24T20:49:22,LANDING,N1,41.24919729293545,pct
SR-000000001327,FS-000000006,EN-000004,AC-00002,2026-07-24T20:49:22,LANDING,N2,54.86698299371113,pct
SR-000000001328,FS-000000006,EN-000004,AC-00002,2026-07-24T20:49:22,LANDING,FUEL_FLOW,285.9026364266339,kg_h
SR-000000001329,FS-000000006,EN-000004,AC-00002,2026-07-24T20:49:22,LANDING,OIL_TEMP,77.14722864847309,C
SR-000000001330,FS-000000006,EN-000004,AC-00002,2026-07-24T20:49:22,LANDING,OIL_PRESSURE,58.5678373659879,psi
SR-000000001331,FS-000000006,EN-000004,AC-00002,2026-07-24T20:49:22,LANDING,VIBRATION,0.8893744852205905,units_0_5
SR-000000001332,FS-000000006,,AC-00002,2026-07-24T20:49:22,LANDING,APU_EGT,51.724116502402765,C
SR-000000001333,FS-000000006,,AC-00002,2026-07-24T20:49:22,LANDING,CABIN_ALTITUDE,80.40699098962227,ft
SR-000000001334,FS-000000006,,AC-00002,2026-07-24T20:49:22,LANDING,BRAKE_TEMPERATURE,146.06555737207697,C
SR-000000001335,FS-000000006,EN-000003,AC-00002,2026-07-24T20:51:52,TAXI,EGT,358.10696575675115,C
SR-000000001336,FS-000000006,EN-000003,AC-00002,2026-07-24T20:51:52,TAXI,N1,28.16390434169145,pct
SR-000000001337,FS-000000006,EN-000003,AC-00002,2026-07-24T20:51:52,TAXI,N2,57.597505316126906,pct
SR-000000001338,FS-000000006,EN-000004,AC-00002,2026-07-24T20:51:52,TAXI,FUEL_FLOW,306.36144565219365,kg_h
SR-000000001339,FS-000000006,EN-000003,AC-00002,2026-07-24T20:51:52,TAXI,OIL_TEMP,58.30461694898513,C
SR-000000001340,FS-000000006,EN-000003,AC-00002,2026-07-24T20:51:52,TAXI,OIL_PRESSURE,14.630170030706676,psi
SR-000000001341,FS-000000006,EN-000003,AC-00002,2026-07-24T20:51:52,TAXI,VIBRATION,,units_0_5
SR-000000001342,FS-000000006,EN-000004,AC-00002,2026-07-24T20:51:52,TAXI,EGT,342.8618956221065,C
SR-000000001343,FS-000000006,EN-000004,AC-00002,2026-07-24T20:51:52,TAXI,N1,28.38366803593843,pct
SR-000000001344,FS-000000006,EN-000004,AC-00002,2026-07-24T20:51:52,TAXI,N2,51.10990624082728,pct
SR-000000001345,FS-000000006,EN-000004,AC-00002,2026-07-24T20:51:52,TAXI,FUEL_FLOW,112.28232800774796,kg_h
SR-000000001346,FS-000000006,EN-000004,AC-00002,2026-07-24T20:51:52,TAXI,OIL_TEMP,61.286613106641674,C
SR-000000001347,FS-000000006,EN-000004,AC-00002,2026-07-24T20:51:52,TAXI,OIL_PRESSURE,19.838193362041935,psi
SR-000000001348,FS-000000006,EN-000004,AC-00002,2026-07-24T20:51:52,TAXI,VIBRATION,0.8499733518213962,units_0_5
SR-000000001349,FS-000000006,,AC-00002,2026-07-24T20:51:52,TAXI,APU_EGT,434.4944719243853,C
SR-000000001350,FS-000000006,,AC-00002,2026-07-24T20:51:52,TAXI,CABIN_ALTITUDE,-151.31835333280844,ft
SR-000000001351,FS-000000007,EN-000003,AC-00002,2026-07-24T08:32:55,TAXI,EGT,349.6153786594216,C
SR-000000001352,FS-000000007,EN-000003,AC-00002,2026-07-24T08:32:55,TAXI,N1,24.276853303567464,pct
SR-000000001353,FS-000000007,EN-000003,AC-00002,2026-07-24T08:32:55,TAXI,N2,53.94140795037231,pct
SR-000000001354,FS-000000007,EN-000003,AC-00002,2026-07-24T08:32:55,TAXI,FUEL_FLOW,389.9738560162009,kg_h
SR-000000001355,FS-000000007,EN-000003,AC-00002,2026-07-24T08:32:55,TAXI,OIL_TEMP,59.272930010946084,C
SR-000000001356,FS-000000007,EN-000003,AC-00002,2026-07-24T08:32:55,TAXI,OIL_PRESSURE,19.24226403042801,psi
SR-000000001357,FS-000000007,EN-000003,AC-00002,2026-07-24T08:32:55,TAXI,VIBRATION,0.6895324946418353,units_0_5
SR-000000001358,FS-000000007,EN-000004,AC-00002,2026-07-24T08:32:55,TAXI,EGT,293.46065221979126,C
SR-000000001359,FS-000000007,EN-000004,AC-00002,2026-07-24T08:32:55,TAXI,N1,24.0378215082811,pct
SR-000000001360,FS-000000007,EN-000004,AC-00002,2026-07-24T08:32:55,TAXI,N2,52.00633355266399,pct
SR-000000001361,FS-000000007,EN-000004,AC-00002,2026-07-24T08:32:55,TAXI,FUEL_FLOW,76.4018630056654,kg_h
SR-000000001362,FS-000000007,EN-000004,AC-00002,2026-07-24T08:32:55,TAXI,OIL_TEMP,64.17037933995077,C
SR-000000001363,FS-000000007,EN-000004,AC-00002,2026-07-24T08:32:55,TAXI,OIL_PRESSURE,18.637706038047714,psi
SR-000000001364,FS-000000007,EN-000004,AC-00002,2026-07-24T08:32:55,TAXI,VIBRATION,0.9822763912061081,units_0_5
SR-000000001365,FS-000000007,,AC-00002,2026-07-24T08:32:55,TAXI,APU_EGT,475.79747921725806,C
SR-000000001366,FS-000000007,,AC-00002,2026-07-24T08:32:55,TAXI,CABIN_ALTITUDE,-319.23028402832693,ft
SR-000000001367,FS-000000007,EN-000003,AC-00002,2026-07-24T08:35:55,TAKEOFF,EGT,836.5581000786017,C
SR-000000001368,FS-000000007,EN-000003,AC-00002,2026-07-24T08:35:55,TAKEOFF,N1,90.59346198630755,pct
SR-000000001369,FS-000000007,EN-000003,AC-00002,2026-07-24T08:35:55,TAKEOFF,N2,106.36301053037344,pct
SR-000000001370,FS-000000007,EN-000003,AC-00002,2026-07-24T08:35:55,TAKEOFF,FUEL_FLOW,2942.7141686513874,kg_h
SR-000000001371,FS-000000007,EN-000003,AC-00002,2026-07-24T08:35:55,TAKEOFF,OIL_TEMP,114.87764617130918,C
SR-000000001372,FS-000000007,EN-000003,AC-00002,2026-07-24T08:35:55,TAKEOFF,OIL_PRESSURE,57.97382576697683,psi
SR-000000001373,FS-000000007,EN-000003,AC-00002,2026-07-24T08:35:55,TAKEOFF,VIBRATION,0.9231327475585697,units_0_5
SR-000000001374,FS-000000007,EN-000004,AC-00002,2026-07-24T08:35:55,TAKEOFF,EGT,798.6727213266661,C
SR-000000001375,FS-000000007,EN-000004,AC-00002,2026-07-24T08:35:55,TAKEOFF,N1,91.10768096236714,pct
SR-000000001376,FS-000000007,EN-000004,AC-00002,2026-07-24T08:35:55,TAKEOFF,N2,95.35364450973826,pct
SR-000000001377,FS-000000007,EN-000004,AC-00002,2026-07-24T08:35:55,TAKEOFF,FUEL_FLOW,2964.816335246001,kg_h
SR-000000001378,FS-000000007,EN-000004,AC-00002,2026-07-24T08:35:55,TAKEOFF,OIL_TEMP,114.94566099195183,C
SR-000000001379,FS-000000007,EN-000004,AC-00002,2026-07-24T08:35:55,TAKEOFF,OIL_PRESSURE,60.09297854496502,psi
SR-000000001380,FS-000000007,EN-000004,AC-00002,2026-07-24T08:35:55,TAKEOFF,VIBRATION,0.9744793733926467,units_0_5
SR-000000001381,FS-000000007,,AC-00002,2026-07-24T08:35:55,TAKEOFF,APU_EGT,84.67588374237152,C
SR-000000001382,FS-000000007,,AC-00002,2026-07-24T08:35:55,TAKEOFF,CABIN_ALTITUDE,-372.84005350460984,ft
SR-000000001383,FS-000000007,EN-000003,AC-00002,2026-07-24T08:37:55,INITIAL_CLIMB,EGT,827.5203399870103,C
SR-000000001384,FS-000000007,EN-000003,AC-00002,2026-07-24T08:37:55,INITIAL_CLIMB,N1,92.6797402258283,pct
SR-000000001385,FS-000000007,EN-000003,AC-00002,2026-07-24T08:37:55,INITIAL_CLIMB,N2,101.18624093060599,pct
SR-000000001386,FS-000000007,EN-000003,AC-00002,2026-07-24T08:37:55,INITIAL_CLIMB,FUEL_FLOW,2649.3730142151985,kg_h
SR-000000001387,FS-000000007,EN-000003,AC-00002,2026-07-24T08:37:55,INITIAL_CLIMB,OIL_TEMP,112.11179205306006,C
SR-000000001388,FS-000000007,EN-000003,AC-00002,2026-07-24T08:37:55,INITIAL_CLIMB,OIL_PRESSURE,54.35791506766253,psi
SR-000000001389,FS-000000007,EN-000003,AC-00002,2026-07-24T08:37:55,INITIAL_CLIMB,VIBRATION,0.6959895106158095,units_0_5
SR-000000001390,FS-000000007,EN-000004,AC-00002,2026-07-24T08:37:55,INITIAL_CLIMB,EGT,754.2546553442893,C
SR-000000001391,FS-000000007,EN-000004,AC-00002,2026-07-24T08:37:55,INITIAL_CLIMB,N1,89.42401626122547,pct
SR-000000001392,FS-000000007,EN-000004,AC-00002,2026-07-24T08:37:55,INITIAL_CLIMB,N2,95.00269572663234,pct
SR-000000001393,FS-000000007,EN-000004,AC-00002,2026-07-24T08:37:55,INITIAL_CLIMB,FUEL_FLOW,2381.8275870612424,kg_h
SR-000000001394,FS-000000007,EN-000004,AC-00002,2026-07-24T08:37:55,INITIAL_CLIMB,OIL_TEMP,121.24118459775943,C
SR-000000001395,FS-000000007,EN-000004,AC-00002,2026-07-24T08:37:55,INITIAL_CLIMB,OIL_PRESSURE,59.645653667618795,psi
SR-000000001396,FS-000000007,EN-000004,AC-00002,2026-07-24T08:37:55,INITIAL_CLIMB,VIBRATION,0.9572780272457604,units_0_5
SR-000000001397,FS-000000007,,AC-00002,2026-07-24T08:37:55,INITIAL_CLIMB,APU_EGT,86.28225488555606,C
SR-000000001398,FS-000000007,,AC-00002,2026-07-24T08:37:55,INITIAL_CLIMB,CABIN_ALTITUDE,2101.4574166349576,ft
SR-000000001399,FS-000000007,EN-000003,AC-00002,2026-07-24T11:21:17,CLIMB,EGT,697.9049723498978,C
SR-000000001400,FS-000000007,EN-000003,AC-00002,2026-07-24T11:21:17,CLIMB,N1,83.25096008358027,pct
SR-000000001401,FS-000000007,EN-000003,AC-00002,2026-07-24T11:21:17,CLIMB,N2,95.16624507546335,pct
SR-000000001402,FS-000000007,EN-000003,AC-00002,2026-07-24T11:21:17,CLIMB,FUEL_FLOW,2021.026405715141,kg_h
SR-000000001403,FS-000000007,EN-000003,AC-00002,2026-07-24T11:21:17,CLIMB,OIL_TEMP,109.16748200489764,C
SR-000000001404,FS-000000007,EN-000003,AC-00002,2026-07-24T11:21:17,CLIMB,OIL_PRESSURE,59.250709850596934,psi
SR-000000001405,FS-000000007,EN-000003,AC-00002,2026-07-24T11:21:17,CLIMB,VIBRATION,0.6188298905276669,units_0_5
SR-000000001406,FS-000000007,EN-000004,AC-00002,2026-07-24T11:21:17,CLIMB,EGT,695.3573833827259,C
SR-000000001407,FS-000000007,EN-000004,AC-00002,2026-07-24T11:21:17,CLIMB,N1,81.08494353925767,pct
SR-000000001408,FS-000000007,EN-000004,AC-00002,2026-07-24T11:21:17,CLIMB,N2,84.2652479275512,pct
SR-000000001409,FS-000000007,EN-000004,AC-00002,2026-07-24T11:21:17,CLIMB,FUEL_FLOW,2033.697110615726,kg_h
SR-000000001410,FS-000000007,EN-000004,AC-00002,2026-07-24T11:21:17,CLIMB,OIL_TEMP,120.35621631119888,C
SR-000000001411,FS-000000007,EN-000004,AC-00002,2026-07-24T11:21:17,CLIMB,OIL_PRESSURE,50.875853108401465,psi
SR-000000001412,FS-000000007,EN-000004,AC-00002,2026-07-24T11:21:17,CLIMB,VIBRATION,0.8806902991224819,units_0_5
SR-000000001413,FS-000000007,,AC-00002,2026-07-24T11:21:17,CLIMB,APU_EGT,114.60968588525367,C
SR-000000001414,FS-000000007,,AC-00002,2026-07-24T11:21:17,CLIMB,CABIN_ALTITUDE,5402.058666687696,ft
SR-000000001415,FS-000000007,EN-000003,AC-00002,2026-07-24T14:43:37,CRUISE,EGT,704.1760224934479,C
SR-000000001416,FS-000000007,EN-000003,AC-00002,2026-07-24T14:43:37,CRUISE,N1,88.68242206788317,pct
SR-000000001417,FS-000000007,EN-000003,AC-00002,2026-07-24T14:43:37,CRUISE,N2,96.01506544476233,pct
SR-000000001418,FS-000000007,EN-000003,AC-00002,2026-07-24T14:43:37,CRUISE,FUEL_FLOW,1194.8913597402725,kg_h
SR-000000001419,FS-000000007,EN-000003,AC-00002,2026-07-24T14:43:37,CRUISE,OIL_TEMP,105.98824895321282,C
SR-000000001421,FS-000000007,EN-000003,AC-00002,2026-07-24T14:43:37,CRUISE,VIBRATION,0.7064476447612529,units_0_5
SR-000000001420,FS-000000007,EN-000003,AC-00002,2026-07-24T14:43:37,CRUISE,OIL_PRESSURE,56.41517879446337,psi
SR-000000001422,FS-000000007,EN-000004,AC-00002,2026-07-24T14:43:37,CRUISE,EGT,627.3511270483407,C
SR-000000001423,FS-000000007,EN-000004,AC-00002,2026-07-24T14:43:37,CRUISE,N1,83.46669898641132,pct
SR-000000001424,FS-000000007,EN-000004,AC-00002,2026-07-24T14:43:37,CRUISE,N2,88.82589640566084,pct
SR-000000001425,FS-000000007,EN-000004,AC-00002,2026-07-24T14:43:37,CRUISE,FUEL_FLOW,1211.7304790954956,kg_h
SR-000000001426,FS-000000007,EN-000004,AC-00002,2026-07-24T14:43:37,CRUISE,OIL_TEMP,107.84828451016041,C
SR-000000001427,FS-000000007,EN-000004,AC-00002,2026-07-24T14:43:37,CRUISE,OIL_PRESSURE,53.305105072573525,psi
SR-000000001428,FS-000000007,EN-000004,AC-00002,2026-07-24T14:43:37,CRUISE,VIBRATION,0.7682108423704632,units_0_5
SR-000000001429,FS-000000007,,AC-00002,2026-07-24T14:43:37,CRUISE,APU_EGT,56.283405804168225,C
SR-000000001430,FS-000000007,,AC-00002,2026-07-24T14:43:37,CRUISE,CABIN_ALTITUDE,6459.768170434531,ft
SR-000000001431,FS-000000007,EN-000003,AC-00002,2026-07-24T16:04:33,CRUISE,EGT,663.4416064357679,C
SR-000000001432,FS-000000007,EN-000003,AC-00002,2026-07-24T16:04:33,CRUISE,N1,90.81596905884007,pct
SR-000000001433,FS-000000007,EN-000003,AC-00002,2026-07-24T16:04:33,CRUISE,N2,95.0174672026,pct
SR-000000001434,FS-000000007,EN-000003,AC-00002,2026-07-24T16:04:33,CRUISE,FUEL_FLOW,1231.402988052705,kg_h
SR-000000001435,FS-000000007,EN-000003,AC-00002,2026-07-24T16:04:33,CRUISE,OIL_TEMP,108.88465656881571,C
SR-000000001436,FS-000000007,EN-000003,AC-00002,2026-07-24T16:04:33,CRUISE,OIL_PRESSURE,58.97254494929229,psi
SR-000000001437,FS-000000007,EN-000003,AC-00002,2026-07-24T16:04:33,CRUISE,VIBRATION,0.6667681035696407,units_0_5
SR-000000001438,FS-000000007,EN-000004,AC-00002,2026-07-24T16:04:33,CRUISE,EGT,625.6980006250611,C
SR-000000001439,FS-000000007,EN-000004,AC-00002,2026-07-24T16:04:33,CRUISE,N1,85.54276720031137,pct
SR-000000001440,FS-000000007,EN-000004,AC-00002,2026-07-24T16:04:33,CRUISE,N2,82.97474508101773,pct
SR-000000001441,FS-000000007,EN-000004,AC-00002,2026-07-24T16:04:33,CRUISE,FUEL_FLOW,1130.4803041366433,kg_h
SR-000000001442,FS-000000007,EN-000004,AC-00002,2026-07-24T16:04:33,CRUISE,OIL_TEMP,110.29125963492378,C
SR-000000001443,FS-000000007,EN-000004,AC-00002,2026-07-24T16:04:33,CRUISE,OIL_PRESSURE,54.46406447253458,psi
SR-000000001444,FS-000000007,EN-000004,AC-00002,2026-07-24T16:04:33,CRUISE,VIBRATION,0.9633398987684886,units_0_5
SR-000000001445,FS-000000007,,AC-00002,2026-07-24T16:04:33,CRUISE,APU_EGT,73.45505982739337,C
SR-000000001446,FS-000000007,,AC-00002,2026-07-24T16:04:33,CRUISE,CABIN_ALTITUDE,6487.920511424437,ft
SR-000000001447,FS-000000007,EN-000003,AC-00002,2026-07-24T17:25:29,CRUISE,EGT,686.883736782101,C
SR-000000001448,FS-000000007,EN-000003,AC-00002,2026-07-24T17:25:29,CRUISE,N1,78.57603447072353,pct
SR-000000001449,FS-000000007,EN-000003,AC-00002,2026-07-24T17:25:29,CRUISE,N2,90.41319840905881,pct
SR-000000001450,FS-000000007,EN-000003,AC-00002,2026-07-24T17:25:29,CRUISE,FUEL_FLOW,1145.9297241999016,kg_h
SR-000000001451,FS-000000007,EN-000003,AC-00002,2026-07-24T17:25:29,CRUISE,OIL_TEMP,99.66601657418946,C
SR-000000001452,FS-000000007,EN-000003,AC-00002,2026-07-24T17:25:29,CRUISE,OIL_PRESSURE,54.73368666118566,psi
SR-000000001453,FS-000000007,EN-000003,AC-00002,2026-07-24T17:25:29,CRUISE,VIBRATION,0.71240457580484,units_0_5
SR-000000001454,FS-000000007,EN-000004,AC-00002,2026-07-24T17:25:29,CRUISE,EGT,624.3487007906431,C
SR-000000001455,FS-000000007,EN-000004,AC-00002,2026-07-24T17:25:29,CRUISE,N1,77.09963090934244,pct
SR-000000001456,FS-000000007,EN-000004,AC-00002,2026-07-24T17:25:29,CRUISE,N2,85.10625316346065,pct
SR-000000001457,FS-000000007,EN-000004,AC-00002,2026-07-24T17:25:29,CRUISE,FUEL_FLOW,1028.6428570445962,kg_h
SR-000000001458,FS-000000007,EN-000004,AC-00002,2026-07-24T17:25:29,CRUISE,OIL_TEMP,107.29678834959462,C
SR-000000001459,FS-000000007,EN-000004,AC-00002,2026-07-24T17:25:29,CRUISE,OIL_PRESSURE,54.10478584141362,psi
SR-000000001460,FS-000000007,EN-000004,AC-00002,2026-07-24T17:25:29,CRUISE,VIBRATION,-11113.573476458123,units_0_5
SR-000000001461,FS-000000007,,AC-00002,2026-07-24T17:25:29,CRUISE,APU_EGT,65.47561134193553,C
SR-000000001462,FS-000000007,,AC-00002,2026-07-24T17:25:29,CRUISE,CABIN_ALTITUDE,6272.779944447132,ft
SR-000000001463,FS-000000007,EN-000003,AC-00002,2026-07-24T18:46:25,CRUISE,EGT,673.2682582186762,C
SR-000000001464,FS-000000007,EN-000003,AC-00002,2026-07-24T18:46:25,CRUISE,N1,88.62284642086644,pct
SR-000000001465,FS-000000007,EN-000003,AC-00002,2026-07-24T18:46:25,CRUISE,N2,89.61633026164897,pct
SR-000000001466,FS-000000007,EN-000003,AC-00002,2026-07-24T18:46:25,CRUISE,FUEL_FLOW,1235.7909026819027,kg_h
SR-000000001467,FS-000000007,EN-000003,AC-00002,2026-07-24T18:46:25,CRUISE,OIL_TEMP,100.48765355843088,C
SR-000000001468,FS-000000007,EN-000003,AC-00002,2026-07-24T18:46:25,CRUISE,OIL_PRESSURE,57.064310922131256,psi
SR-000000001469,FS-000000007,EN-000003,AC-00002,2026-07-24T18:46:25,CRUISE,VIBRATION,0.5811515889623579,units_0_5
SR-000000001470,FS-000000007,EN-000004,AC-00002,2026-07-24T18:46:25,CRUISE,EGT,624.4711400592482,C
SR-000000001471,FS-000000007,EN-000004,AC-00002,2026-07-24T18:46:25,CRUISE,N1,93.65190791844799,pct
SR-000000001472,FS-000000007,EN-000004,AC-00002,2026-07-24T18:46:25,CRUISE,N2,85.18848096509181,pct
SR-000000001473,FS-000000007,EN-000004,AC-00002,2026-07-24T18:46:25,CRUISE,FUEL_FLOW,1183.577542562256,kg_h
SR-000000001474,FS-000000007,EN-000004,AC-00002,2026-07-24T18:46:25,CRUISE,OIL_TEMP,104.29811657793934,C
SR-000000001475,FS-000000007,EN-000004,AC-00002,2026-07-24T18:46:25,CRUISE,OIL_PRESSURE,57.35828156647929,psi
SR-000000001476,FS-000000007,EN-000004,AC-00002,2026-07-24T18:46:25,CRUISE,VIBRATION,0.8616888234355767,units_0_5
SR-000000001477,FS-000000007,,AC-00002,2026-07-24T18:46:25,CRUISE,APU_EGT,63.729789438540074,C
SR-000000001478,FS-000000007,,AC-00002,2026-07-24T18:46:25,CRUISE,CABIN_ALTITUDE,6825.55402894379,ft
SR-000000001479,FS-000000007,EN-000003,AC-00002,2026-07-24T20:07:21,CRUISE,EGT,672.5102983980181,C
SR-000000001480,FS-000000007,EN-000003,AC-00002,2026-07-24T20:07:21,CRUISE,N1,88.82994858889859,pct
SR-000000001481,FS-000000007,EN-000003,AC-00002,2026-07-24T20:07:21,CRUISE,N2,96.51849089295068,pct
SR-000000001482,FS-000000007,EN-000003,AC-00002,2026-07-24T20:07:21,CRUISE,FUEL_FLOW,1322.2389805938255,kg_h
SR-000000001483,FS-000000007,EN-000003,AC-00002,2026-07-24T20:07:21,CRUISE,OIL_TEMP,108.06167688919778,C
SR-000000001484,FS-000000007,EN-000003,AC-00002,2026-07-24T20:07:21,CRUISE,OIL_PRESSURE,55.16982681488786,psi
SR-000000001485,FS-000000007,EN-000003,AC-00002,2026-07-24T20:07:21,CRUISE,VIBRATION,0.6117026714611171,units_0_5
SR-000000001486,FS-000000007,EN-000004,AC-00002,2026-07-24T20:07:21,CRUISE,EGT,622.7292302765285,C
SR-000000001487,FS-000000007,EN-000004,AC-00002,2026-07-24T20:07:21,CRUISE,N1,,pct
SR-000000001488,FS-000000007,EN-000004,AC-00002,2026-07-24T20:07:21,CRUISE,N2,85.59004317393597,pct
SR-000000001489,FS-000000007,EN-000004,AC-00002,2026-07-24T20:07:21,CRUISE,FUEL_FLOW,1013.8964726884573,kg_h
SR-000000001490,FS-000000007,EN-000004,AC-00002,2026-07-24T20:07:21,CRUISE,OIL_TEMP,109.48452837585603,C
SR-000000001491,FS-000000007,EN-000004,AC-00002,2026-07-24T20:07:21,CRUISE,OIL_PRESSURE,54.9624090360089,psi
SR-000000001492,FS-000000007,EN-000004,AC-00002,2026-07-24T20:07:21,CRUISE,VIBRATION,0.7814179333743928,units_0_5
SR-000000001493,FS-000000007,,AC-00002,2026-07-24T20:07:21,CRUISE,APU_EGT,60.37844591668583,C
SR-000000001494,FS-000000007,,AC-00002,2026-07-24T20:07:21,CRUISE,CABIN_ALTITUDE,7072.822470107029,ft
SR-000000001495,FS-000000007,EN-000003,AC-00002,2026-07-24T21:28:17,CRUISE,EGT,695.5242743006222,C
SR-000000001496,FS-000000007,EN-000003,AC-00002,2026-07-24T21:28:17,CRUISE,N1,84.41793149035686,pct
SR-000000001497,FS-000000007,EN-000003,AC-00002,2026-07-24T21:28:17,CRUISE,N2,96.03932215504902,pct
SR-000000001498,FS-000000007,EN-000003,AC-00002,2026-07-24T21:28:17,CRUISE,FUEL_FLOW,1242.777124908728,kg_h
SR-000000001499,FS-000000007,EN-000003,AC-00002,2026-07-24T21:28:17,CRUISE,OIL_TEMP,101.60417603642526,C
SR-000000001500,FS-000000007,EN-000003,AC-00002,2026-07-24T21:28:17,CRUISE,OIL_PRESSURE,53.55361194859649,psi
SR-000000001501,FS-000000007,EN-000003,AC-00002,2026-07-24T21:28:17,CRUISE,VIBRATION,0.6478166269427104,units_0_5
SR-000000001502,FS-000000007,EN-000004,AC-00002,2026-07-24T21:28:17,CRUISE,EGT,633.7416656395318,C
SR-000000001503,FS-000000007,EN-000004,AC-00002,2026-07-24T21:28:17,CRUISE,N1,82.25165642484437,pct
SR-000000001504,FS-000000007,EN-000004,AC-00002,2026-07-24T21:28:17,CRUISE,N2,84.14934313214309,pct
SR-000000001505,FS-000000007,EN-000004,AC-00002,2026-07-24T21:28:17,CRUISE,FUEL_FLOW,1158.9187021518712,kg_h
SR-000000001506,FS-000000007,EN-000004,AC-00002,2026-07-24T21:28:17,CRUISE,OIL_TEMP,117.39607949667644,C
SR-000000001507,FS-000000007,EN-000004,AC-00002,2026-07-24T21:28:17,CRUISE,OIL_PRESSURE,52.598403266400275,psi
SR-000000001508,FS-000000007,EN-000004,AC-00002,2026-07-24T21:28:17,CRUISE,VIBRATION,0.9443374967468658,units_0_5
SR-000000001509,FS-000000007,,AC-00002,2026-07-24T21:28:17,CRUISE,APU_EGT,86.27078766304973,C
SR-000000001510,FS-000000007,,AC-00002,2026-07-24T21:28:17,CRUISE,CABIN_ALTITUDE,6729.844535706891,ft
SR-000000001511,FS-000000007,EN-000003,AC-00002,2026-07-25T00:23:38,DESCENT,EGT,517.414619757962,C
SR-000000001512,FS-000000007,EN-000003,AC-00002,2026-07-25T00:23:38,DESCENT,N1,50.47904357462292,pct
SR-000000001513,FS-000000007,EN-000003,AC-00002,2026-07-25T00:23:38,DESCENT,N2,75.47562532790131,pct
SR-000000001514,FS-000000007,EN-000003,AC-00002,2026-07-25T00:23:38,DESCENT,FUEL_FLOW,685.6985448033149,kg_h
SR-000000001515,FS-000000007,EN-000003,AC-00002,2026-07-25T00:23:38,DESCENT,OIL_TEMP,86.45684088592523,C
SR-000000001516,FS-000000007,EN-000003,AC-00002,2026-07-25T00:23:38,DESCENT,OIL_PRESSURE,57.08606712893473,psi
SR-000000001517,FS-000000007,EN-000003,AC-00002,2026-07-25T00:23:38,DESCENT,VIBRATION,0.6361648608751364,units_0_5
SR-000000001518,FS-000000007,EN-000004,AC-00002,2026-07-25T00:23:38,DESCENT,EGT,371.9709279600269,C
SR-000000001519,FS-000000007,EN-000004,AC-00002,2026-07-25T00:23:38,DESCENT,N1,46.108723466560384,pct
SR-000000001520,FS-000000007,EN-000004,AC-00002,2026-07-25T00:23:38,DESCENT,N2,60.478271394553175,pct
SR-000000001521,FS-000000007,EN-000004,AC-00002,2026-07-25T00:23:38,DESCENT,FUEL_FLOW,344.0977690126508,kg_h
SR-000000001522,FS-000000007,EN-000004,AC-00002,2026-07-25T00:23:38,DESCENT,OIL_TEMP,95.69978752366798,C
SR-000000001523,FS-000000007,EN-000004,AC-00002,2026-07-25T00:23:38,DESCENT,OIL_PRESSURE,51.878547863082275,psi
SR-000000001524,FS-000000007,EN-000004,AC-00002,2026-07-25T00:23:38,DESCENT,VIBRATION,0.7954305029828669,units_0_5
SR-000000001525,FS-000000007,,AC-00002,2026-07-25T00:23:38,DESCENT,APU_EGT,68.24886782714401,C
SR-000000001526,FS-000000007,,AC-00002,2026-07-25T00:23:38,DESCENT,CABIN_ALTITUDE,5340.052739416382,ft
SR-000000001527,FS-000000007,EN-000003,AC-00002,2026-07-25T02:41:31,APPROACH,EGT,462.8847654266813,C
SR-000000001528,FS-000000007,EN-000003,AC-00002,2026-07-25T02:41:31,APPROACH,N1,49.8315572298445,pct
SR-000000001529,FS-000000007,EN-000003,AC-00002,2026-07-25T02:41:31,APPROACH,N2,79.97387387952188,pct
SR-000000001530,FS-000000007,EN-000003,AC-00002,2026-07-25T02:41:31,APPROACH,FUEL_FLOW,703.8308007212058,kg_h
SR-000000001531,FS-000000007,EN-000004,AC-00002,2026-07-25T02:41:31,APPROACH,OIL_TEMP,79.7014136338975,C
SR-000000001532,FS-000000007,EN-000003,AC-00002,2026-07-25T02:41:31,APPROACH,OIL_PRESSURE,51.47951580137637,psi
SR-000000001533,FS-000000007,EN-000003,AC-00002,2026-07-25T02:41:31,APPROACH,VIBRATION,0.7731130328348724,units_0_5
SR-000000001534,FS-000000007,EN-000004,AC-00002,2026-07-25T02:41:31,APPROACH,EGT,409.81848160681227,C
SR-000000001535,FS-000000007,EN-000004,AC-00002,2026-07-25T02:41:31,APPROACH,N1,60.491932860327324,pct
SR-000000001536,FS-000000007,EN-000004,AC-00002,2026-07-25T02:41:31,APPROACH,N2,71.14624621417664,pct
SR-000000001537,FS-000000007,EN-000004,AC-00002,2026-07-25T02:41:31,APPROACH,FUEL_FLOW,462.40424806026795,kg_h
SR-000000001538,FS-000000007,EN-000004,AC-00002,2026-07-25T02:41:31,APPROACH,OIL_TEMP,87.4770539179624,C
SR-000000001539,FS-000000007,EN-000004,AC-00002,2026-07-25T02:41:31,APPROACH,OIL_PRESSURE,58.057340206602326,psi
SR-000000001540,FS-000000007,EN-000004,AC-00002,2026-07-25T02:41:31,APPROACH,VIBRATION,0.8503843049429917,units_0_5
SR-000000001541,FS-000000007,,AC-00002,2026-07-25T02:41:31,APPROACH,APU_EGT,33.799909946653656,C
SR-000000001542,FS-000000007,,AC-00002,2026-07-25T02:41:31,APPROACH,CABIN_ALTITUDE,1978.8774926901528,ft
SR-000000001543,FS-000000007,EN-000003,AC-00002,2026-07-25T02:45:01,LANDING,EGT,439.0847837765293,C
SR-000000001544,FS-000000007,EN-000003,AC-00002,2026-07-25T02:45:01,LANDING,N1,40.026968719312144,pct
SR-000000001545,FS-000000007,EN-000003,AC-00002,2026-07-25T02:45:01,LANDING,N2,65.77807754470034,pct
SR-000000001546,FS-000000007,EN-000003,AC-00002,2026-07-25T02:45:01,LANDING,FUEL_FLOW,290.75768295598834,kg_h
SR-000000001547,FS-000000007,EN-000003,AC-00002,2026-07-25T02:45:01,LANDING,OIL_TEMP,76.5109894536064,C
SR-000000001548,FS-000000007,EN-000003,AC-00002,2026-07-25T02:45:01,LANDING,OIL_PRESSURE,54.51028263141226,psi
SR-000000001549,FS-000000007,EN-000003,AC-00002,2026-07-25T02:45:01,LANDING,VIBRATION,0.5428035264694441,units_0_5
SR-000000001550,FS-000000007,EN-000004,AC-00002,2026-07-25T02:45:01,LANDING,EGT,322.3491258172373,C
SR-000000001551,FS-000000007,EN-000004,AC-00002,2026-07-25T02:45:01,LANDING,N1,42.05505625894207,pct
SR-000000001552,FS-000000007,EN-000004,AC-00002,2026-07-25T02:45:01,LANDING,N2,56.86440353949496,pct
SR-000000001553,FS-000000007,EN-000004,AC-00002,2026-07-25T02:45:01,LANDING,FUEL_FLOW,110.03369098388163,kg_h
SR-000000001554,FS-000000007,EN-000004,AC-00002,2026-07-25T02:45:01,LANDING,OIL_TEMP,77.77226700775182,C
SR-000000001555,FS-000000007,EN-000004,AC-00002,2026-07-25T02:45:01,LANDING,OIL_PRESSURE,53.17257419448698,psi
SR-000000001556,FS-000000007,EN-000004,AC-00002,2026-07-25T02:45:01,LANDING,VIBRATION,0.8527916810054993,units_0_5
SR-000000001557,FS-000000007,,AC-00002,2026-07-25T02:45:01,LANDING,APU_EGT,20.962061289261783,C
SR-000000001558,FS-000000007,,AC-00002,2026-07-25T02:45:01,LANDING,CABIN_ALTITUDE,-102.97662874535632,ft
SR-000000001559,FS-000000007,,AC-00002,2026-07-25T02:45:01,LANDING,BRAKE_TEMPERATURE,201.04390972721131,C
SR-000000001560,FS-000000007,EN-000003,AC-00002,2026-07-25T02:47:31,TAXI,EGT,420.22049043574714,C
SR-000000001561,FS-000000007,EN-000003,AC-00002,2026-07-25T02:47:31,TAXI,N1,24.938617919270673,pct
SR-000000001562,FS-000000007,EN-000003,AC-00002,2026-07-25T02:47:31,TAXI,N2,60.573540299040545,pct
SR-000000001563,FS-000000007,EN-000003,AC-00002,2026-07-25T02:47:31,TAXI,FUEL_FLOW,314.10046705435434,kg_h
SR-000000001564,FS-000000007,EN-000003,AC-00002,2026-07-25T02:47:31,TAXI,OIL_TEMP,57.37162977810148,C
SR-000000001565,FS-000000007,EN-000003,AC-00002,2026-07-25T02:47:31,TAXI,OIL_PRESSURE,16.818771155375163,psi
SR-000000001566,FS-000000007,EN-000003,AC-00002,2026-07-25T02:47:31,TAXI,VIBRATION,0.5904968107142406,units_0_5
SR-000000001567,FS-000000007,EN-000004,AC-00002,2026-07-25T02:47:31,TAXI,EGT,300.7703605420919,C
SR-000000001568,FS-000000007,EN-000004,AC-00002,2026-07-25T02:47:31,TAXI,N1,31.437054049912916,pct
SR-000000001569,FS-000000007,EN-000004,AC-00002,2026-07-25T02:47:31,TAXI,N2,50.767557067766965,pct
SR-000000001570,FS-000000007,EN-000004,AC-00002,2026-07-25T02:47:31,TAXI,FUEL_FLOW,59.26663256489974,kg_h
SR-000000001571,FS-000000007,EN-000004,AC-00002,2026-07-25T02:47:31,TAXI,OIL_TEMP,62.494363797650486,C
SR-000000001572,FS-000000007,EN-000004,AC-00002,2026-07-25T02:47:31,TAXI,OIL_PRESSURE,16.29874667611761,psi
SR-000000001573,FS-000000007,EN-000004,AC-00002,2026-07-25T02:47:31,TAXI,VIBRATION,0.8213193977034324,units_0_5
SR-000000001574,FS-000000007,,AC-00002,2026-07-25T02:47:31,TAXI,APU_EGT,475.5561126471424,C
SR-000000001575,FS-000000007,,AC-00002,2026-07-25T02:47:31,TAXI,CABIN_ALTITUDE,-156.08164177879365,ft
SR-000000000858-DUP0,FS-000000004,EN-000001,AC-00001,2026-07-24T12:17:46,APPROACH,VIBRATION,1.366345917234493,units_0_5
