timestamp,system,flight_phase,flight_hours,flight_cycles,egt_margin_c,n1_speed_pct,fuel_flow_kg_h,apu_egt_c,apu_vibration_mm_s,tire_pressure_psi,brake_temp_c,bus_voltage_v,cpu_temp_c,hyd_pressure_psi,hyd_fluid_temp_c,failure,failure_type,maintenance_required
2024-01-01 00:00:00,Engine,cruise,28599.8,10483,17.3,85.7,1217.0,,,,,,,,,no,none,no
2024-01-01 00:10:00,Engine,ground,40271.6,16719,5.4,21.1,246.0,,,,,,,,,no,none,no
2024-01-01 00:20:00,Hydraulics,landing,38008.0,15557,,,,,,,,,,3029.0,56.6,no,none,no
2024-01-01 00:30:00,Engine,cruise,7695.0,3314,16.4,87.8,1202.0,,,,,,,,,no,none,no
2024-01-01 00:40:00,Engine,takeoff,7462.5,2796,54.6,100.0,1422.0,,,,,,,,,no,none,no
2024-01-01 00:50:00,Avionics,takeoff,13408.7,5378,,,,,,,,28.05,55.5,,,no,none,no
2024-01-01 01:00:00,Landing Gear,takeoff,18053.7,6433,,,,,,212.2,23.6,,,,,no,none,no
2024-01-01 01:10:00,Landing Gear,ground,20422.8,8628,,,,,,194.1,134.2,,,,,no,none,no
2024-01-01 01:20:00,Engine,landing,33984.9,14158,23.8,47.1,624.0,,,,,,,,,no,none,no
2024-01-01 01:30:00,Landing Gear,landing,2834.0,1179,,,,,,202.2,486.5,,,,,no,none,no
2024-01-01 01:40:00,Engine,takeoff,1733.6,694,41.7,90.7,1281.0,,,,,,,,,no,none,no
2024-01-01 01:50:00,Engine,ground,19595.5,8098,27.3,18.4,235.0,,,,,,,,,no,none,no
2024-01-01 02:00:00,Hydraulics,ground,34858.2,15733,,,,,,,,,,2939.0,64.2,no,none,no
2024-01-01 02:10:00,Engine,cruise,9671.8,3780,39.7,82.0,1117.0,,,,,,,,,no,none,no
2024-01-01 02:20:00,Landing Gear,takeoff,32075.2,12972,,,,,,205.5,25.1,,,,,no,none,no
2024-01-01 02:30:00,Landing Gear,takeoff,12991.4,4745,,,,,,215.0,23.7,,,,,no,none,no
2024-01-01 02:40:00,Engine,cruise,44304.3,16491,-9.5,82.6,1068.0,,,,,,,,,no,none,no
2024-01-01 02:50:00,Hydraulics,cruise,44784.5,18054,,,,,,,,,,2932.0,60.3,no,none,no
2024-01-01 03:00:00,Engine,cruise,14864.4,6471,37.7,89.1,1297.0,,,,,,,,,no,none,no
2024-01-01 03:10:00,Avionics,cruise,11499.7,4506,,,,,,,,29.07,55.8,,,no,none,no
2024-01-01 03:20:00,Hydraulics,landing,20565.2,8071,,,,,,,,,,3080.0,34.9,no,none,no
2024-01-01 03:30:00,Landing Gear,takeoff,12026.6,4654,,,,,,191.4,38.8,,,,,no,none,no
2024-01-01 03:40:00,Hydraulics,cruise,33619.2,12872,,,,,,,,,,3031.0,95.0,no,none,no
2024-01-01 03:50:00,Engine,cruise,41303.2,16911,8.7,75.2,1104.0,,,,,,,,,no,none,no
2024-01-01 04:00:00,Landing Gear,cruise,33654.6,11849,,,,,,204.1,13.9,,,,,no,none,no
2024-01-01 04:10:00,Engine,landing,41217.5,18177,7.8,55.7,777.0,,,,,,,,,no,none,no
2024-01-01 04:20:00,Avionics,takeoff,19849.6,7517,,,,,,,,28.56,45.4,,,no,none,no
2024-01-01 04:30:00,Hydraulics,cruise,7815.8,3307,,,,,,,,,,3020.0,84.8,no,none,no
2024-01-01 04:40:00,Engine,cruise,36897.5,13260,20.6,88.2,1287.0,,,,,,,,,no,none,no
2024-01-01 04:50:00,Avionics,takeoff,18023.7,7595,,,,,,,,26.86,56.6,,,no,none,no
2024-01-01 05:00:00,Engine,landing,33563.5,14147,13.9,55.2,724.0,,,,,,,,,no,none,no
2024-01-01 05:10:00,Landing Gear,takeoff,13532.2,5579,,,,,,193.2,29.9,,,,,no,none,no
2024-01-01 05:20:00,Landing Gear,takeoff,4061.5,1495,,,,,,198.4,10.4,,,,,no,none,no
2024-01-01 05:30:00,Hydraulics,ground,49629.1,20248,,,,,,,,,,3075.0,57.4,no,none,no
2024-01-01 05:40:00,APU,ground,7810.1,2828,,,,650.7,2.63,,,,,,,no,none,no
2024-01-01 05:50:00,APU,ground,49421.0,19369,,,,659.5,4.09,,,,,,,no,none,no
2024-01-01 06:00:00,Engine,cruise,48864.0,21155,7.5,91.1,1284.0,,,,,,,,,no,none,no
2024-01-01 06:10:00,Engine,takeoff,39690.9,16888,26.4,93.3,1354.0,,,,,,,,,no,none,no
2024-01-01 06:20:00,Engine,landing,32971.1,13204,26.9,53.9,730.0,,,,,,,,,no,none,no
2024-01-01 06:30:00,Engine,cruise,28890.4,10655,33.7,85.3,1271.0,,,,,,,,,no,none,no
2024-01-01 06:40:00,Hydraulics,takeoff,43305.1,18217,,,,,,,,,,2974.0,75.0,no,none,no
2024-01-01 06:50:00,Landing Gear,cruise,14472.0,5798,,,,,,182.4,10.0,,,,,no,none,no
2024-01-01 07:00:00,Landing Gear,takeoff,23384.1,7617,,,,,,208.9,37.6,,,,,no,none,no
2024-01-01 07:10:00,Engine,ground,30969.5,13163,20.8,27.4,337.0,,,,,,,,,no,none,no
2024-01-01 07:20:00,Hydraulics,cruise,20559.5,8208,,,,,,,,,,3077.0,49.0,no,none,no
2024-01-01 07:30:00,Avionics,landing,21374.3,9372,,,,,,,,29.22,64.5,,,no,none,no
2024-01-01 07:40:00,Engine,cruise,16514.2,6027,36.6,88.8,1305.0,,,,,,,,,no,none,no
2024-01-01 07:50:00,Avionics,cruise,28211.6,8417,,,,,,,,27.0,63.1,,,no,none,no
2024-01-01 08:00:00,Landing Gear,cruise,42528.7,17391,,,,,,201.9,30.4,,,,,no,none,no
2024-01-01 08:10:00,Engine,takeoff,10076.4,4125,26.9,96.7,1415.0,,,,,,,,,no,none,no
2024-01-01 08:20:00,APU,ground,46721.7,16161,,,,670.0,2.47,,,,,,,no,none,no
2024-01-01 08:30:00,Landing Gear,landing,34454.4,12703,,,,,,207.2,498.2,,,,,no,none,no
2024-01-01 08:40:00,Engine,ground,41163.7,20095,21.5,26.5,328.0,,,,,,,,,no,none,no
2024-01-01 08:50:00,Hydraulics,ground,27809.5,10852,,,,,,,,,,3109.0,74.2,no,none,no
2024-01-01 09:00:00,Hydraulics,cruise,38975.8,16502,,,,,,,,,,2985.0,89.4,no,none,no
2024-01-01 09:10:00,Landing Gear,ground,810.0,307,,,,,,218.4,152.6,,,,,no,none,no
2024-01-01 09:20:00,Landing Gear,takeoff,40919.0,13631,,,,,,187.8,23.1,,,,,no,none,no
2024-01-01 09:30:00,Landing Gear,takeoff,2006.9,792,,,,,,191.6,30.8,,,,,no,none,no
2024-01-01 09:40:00,Avionics,takeoff,44495.7,17420,,,,,,,,27.55,56.5,,,no,none,no
2024-01-01 09:50:00,Landing Gear,cruise,49598.1,19205,,,,,,189.1,45.0,,,,,no,none,no
2024-01-01 10:00:00,Engine,cruise,14703.4,5827,35.7,89.1,1255.0,,,,,,,,,no,none,no
2024-01-01 10:10:00,Landing Gear,cruise,10515.9,4295,,,,,,216.8,37.0,,,,,no,none,no
2024-01-01 10:20:00,Avionics,ground,38268.2,15123,,,,,,,,28.12,51.0,,,no,none,no
2024-01-01 10:30:00,Landing Gear,cruise,12651.3,4549,,,,,,197.7,31.5,,,,,no,none,no
2024-01-01 10:40:00,Engine,cruise,43278.1,17985,-8.5,90.9,1251.0,,,,,,,,,yes,engine_overheat,yes
2024-01-01 10:50:00,Avionics,cruise,5142.1,1736,,,,,,,,28.63,51.7,,,no,none,no
2024-01-01 11:00:00,Engine,takeoff,6297.8,2106,44.1,95.7,1415.0,,,,,,,,,no,none,no
2024-01-01 11:10:00,Engine,ground,48957.6,20741,10.8,28.5,390.0,,,,,,,,,no,none,no
2024-01-01 11:20:00,Engine,takeoff,33691.9,14023,11.8,92.2,1254.0,,,,,,,,,no,none,no
2024-01-01 11:30:00,APU,ground,42344.4,16860,,,,599.2,3.09,,,,,,,no,none,no
2024-01-01 11:40:00,Avionics,landing,16216.5,5762,,,,,,,,28.28,47.2,,,no,none,no
2024-01-01 11:50:00,Landing Gear,takeoff,33824.2,12763,,,,,,186.6,10.0,,,,,no,none,no
2024-01-01 12:00:00,Engine,takeoff,29712.1,11635,27.7,92.7,1324.0,,,,,,,,,no,none,no
2024-01-01 12:10:00,Avionics,ground,30157.5,10523,,,,,,,,28.45,71.0,,,no,none,no
2024-01-01 12:20:00,Hydraulics,landing,34126.6,12844,,,,,,,,,,2941.0,40.4,no,none,no
2024-01-01 12:30:00,Hydraulics,landing,28768.0,12108,,,,,,,,,,2974.0,74.0,no,none,no
2024-01-01 12:40:00,Engine,landing,21453.1,9561,23.4,52.9,741.0,,,,,,,,,no,none,no
2024-01-01 12:50:00,Landing Gear,takeoff,13796.1,5333,,,,,,183.3,38.2,,,,,no,none,no
2024-01-01 13:00:00,Hydraulics,cruise,38429.1,16302,,,,,,,,,,2871.0,80.9,no,none,no
2024-01-01 13:10:00,Avionics,takeoff,11313.6,3832,,,,,,,,27.26,57.0,,,no,none,no
2024-01-01 13:20:00,Engine,ground,34617.7,14578,14.6,20.6,260.0,,,,,,,,,no,none,no
2024-01-01 13:30:00,Engine,landing,11666.6,4367,40.1,46.2,648.0,,,,,,,,,no,none,no
2024-01-01 13:40:00,Landing Gear,cruise,31266.5,12814,,,,,,187.2,10.0,,,,,no,none,no
2024-01-01 13:50:00,Hydraulics,takeoff,37353.9,14645,,,,,,,,,,2875.0,81.8,no,none,no
2024-01-01 14:00:00,Landing Gear,cruise,10935.7,4836,,,,,,191.8,12.0,,,,,no,none,no
2024-01-01 14:10:00,Landing Gear,cruise,2997.2,1115,,,,,,214.7,35.1,,,,,no,none,no
2024-01-01 14:20:00,Engine,landing,6548.7,2751,43.4,54.8,769.0,,,,,,,,,no,none,no
2024-01-01 14:30:00,Landing Gear,landing,30299.8,11849,,,,,,204.3,433.3,,,,,no,none,no
2024-01-01 14:40:00,Avionics,ground,42472.3,16774,,,,,,,,30.48,34.8,,,no,none,no
2024-01-01 14:50:00,APU,cruise,2249.8,887,,,,613.9,3.43,,,,,,,no,none,no
2024-01-01 15:00:00,Avionics,takeoff,36707.6,13690,,,,,,,,29.15,75.5,,,no,none,no
2024-01-01 15:10:00,Hydraulics,landing,17065.9,6819,,,,,,,,,,2984.0,65.9,no,none,no
2024-01-01 15:20:00,Engine,landing,23926.4,9523,17.2,57.3,818.0,,,,,,,,,no,none,no
2024-01-01 15:30:00,Landing Gear,cruise,46443.0,18936,,,,,,193.4,37.0,,,,,no,none,no
2024-01-01 15:40:00,Engine,landing,16598.6,6684,30.4,48.5,635.0,,,,,,,,,no,none,no
2024-01-01 15:50:00,Avionics,cruise,23266.8,9901,,,,,,,,27.71,60.2,,,no,none,no
2024-01-01 16:00:00,Landing Gear,cruise,684.1,294,,,,,,212.2,30.1,,,,,no,none,no
2024-01-01 16:10:00,Avionics,cruise,4079.9,1495,,,,,,,,28.16,58.8,,,no,none,no
2024-01-01 16:20:00,Avionics,takeoff,12929.6,5531,,,,,,,,27.74,46.8,,,no,none,no
2024-01-01 16:30:00,APU,takeoff,1392.6,504,,,,616.4,1.97,,,,,,,no,none,no
2024-01-01 16:40:00,Hydraulics,takeoff,31568.8,13221,,,,,,,,,,2931.0,69.1,no,none,no
2024-01-01 16:50:00,Landing Gear,landing,21319.9,8951,,,,,,192.8,340.5,,,,,no,none,no
2024-01-01 17:00:00,Engine,cruise,27407.3,9287,35.8,86.7,1252.0,,,,,,,,,no,none,no
2024-01-01 17:10:00,Avionics,cruise,8732.4,3519,,,,,,,,26.37,65.4,,,no,none,no
2024-01-01 17:20:00,Landing Gear,ground,14796.6,5697,,,,,,210.1,99.8,,,,,no,none,no
2024-01-01 17:30:00,Engine,cruise,33191.2,12471,11.3,77.9,1031.0,,,,,,,,,no,none,no
2024-01-01 17:40:00,Hydraulics,cruise,48265.1,21392,,,,,,,,,,2960.0,71.4,no,none,no
2024-01-01 17:50:00,Hydraulics,landing,2520.8,956,,,,,,,,,,2899.0,69.9,no,none,no
2024-01-01 18:00:00,Engine,cruise,44519.2,16659,-4.8,82.1,1118.0,,,,,,,,,yes,engine_overheat,yes
2024-01-01 18:10:00,Hydraulics,takeoff,28844.1,11607,,,,,,,,,,3133.0,41.5,no,none,no
2024-01-01 18:20:00,Engine,cruise,28196.0,11897,15.2,92.6,1300.0,,,,,,,,,no,none,no
2024-01-01 18:30:00,Engine,takeoff,25013.9,9892,29.7,92.8,1291.0,,,,,,,,,no,none,no
2024-01-01 18:40:00,Engine,ground,3469.7,1517,43.5,34.7,471.0,,,,,,,,,no,none,no
2024-01-01 18:50:00,Avionics,ground,4493.8,1874,,,,,,,,30.83,56.8,,,no,none,no
2024-01-01 19:00:00,Landing Gear,landing,30045.6,9924,,,,,,197.6,409.9,,,,,no,none,no
2024-01-01 19:10:00,Engine,ground,17047.9,6530,43.3,26.4,344.0,,,,,,,,,no,none,no
2024-01-01 19:20:00,APU,ground,45863.4,17521,,,,571.3,3.53,,,,,,,no,none,no
2024-01-01 19:30:00,Avionics,takeoff,20329.5,8444,,,,,,,,28.21,63.8,,,no,none,no
2024-01-01 19:40:00,Engine,ground,7164.1,2264,35.9,20.3,273.0,,,,,,,,,no,none,no
2024-01-01 19:50:00,Hydraulics,cruise,35735.9,17209,,,,,,,,,,3098.0,76.6,no,none,no
2024-01-01 20:00:00,Avionics,ground,14667.7,6116,,,,,,,,27.08,55.8,,,no,none,no
2024-01-01 20:10:00,APU,ground,26273.5,10635,,,,627.0,2.04,,,,,,,no,none,no
2024-01-01 20:20:00,Hydraulics,cruise,34891.6,15276,,,,,,,,,,2994.0,39.5,no,none,no
2024-01-01 20:30:00,Landing Gear,takeoff,45013.2,21381,,,,,,197.7,30.9,,,,,no,none,no
2024-01-01 20:40:00,Hydraulics,cruise,39609.6,16948,,,,,,,,,,2795.0,54.8,no,none,no
2024-01-01 20:50:00,Avionics,cruise,33818.1,14554,,,,,,,,26.68,52.0,,,no,none,no
2024-01-01 21:00:00,APU,ground,33981.7,13735,,,,650.5,1.81,,,,,,,no,none,no
2024-01-01 21:10:00,Engine,ground,47296.2,18704,-1.6,27.2,328.0,,,,,,,,,no,none,no
2024-01-01 21:20:00,Hydraulics,takeoff,14791.2,5691,,,,,,,,,,2976.0,87.3,no,none,no
2024-01-01 21:30:00,Landing Gear,cruise,55.6,21,,,,,,209.0,28.8,,,,,no,none,no
2024-01-01 21:40:00,Engine,cruise,13597.7,5140,36.3,93.3,1291.0,,,,,,,,,no,none,no
2024-01-01 21:50:00,Engine,cruise,10894.6,3887,36.5,86.7,1136.0,,,,,,,,,no,none,no
2024-01-01 22:00:00,Landing Gear,takeoff,33091.7,13156,,,,,,187.3,16.3,,,,,no,none,no
2024-01-01 22:10:00,Landing Gear,cruise,31685.6,10966,,,,,,199.6,36.6,,,,,no,none,no
2024-01-01 22:20:00,Landing Gear,ground,29673.1,12051,,,,,,225.3,119.8,,,,,no,none,no
2024-01-01 22:30:00,Hydraulics,cruise,812.2,324,,,,,,,,,,2997.0,50.5,no,none,no
2024-01-01 22:40:00,Engine,cruise,36438.9,14747,7.9,82.8,1163.0,,,,,,,,,no,none,no
2024-01-01 22:50:00,Avionics,landing,16176.5,6200,,,,,,,,28.46,68.2,,,no,none,no
2024-01-01 23:00:00,Engine,cruise,33252.8,16575,27.1,86.6,1268.0,,,,,,,,,no,none,no
2024-01-01 23:10:00,Avionics,ground,27828.9,12343,,,,,,,,26.49,57.5,,,no,none,no
2024-01-01 23:20:00,Avionics,ground,17136.5,6172,,,,,,,,27.0,60.8,,,no,none,no
2024-01-01 23:30:00,Landing Gear,cruise,6728.8,2742,,,,,,212.2,25.9,,,,,no,none,no
2024-01-01 23:40:00,Avionics,cruise,4720.9,1797,,,,,,,,28.44,41.1,,,no,none,no
2024-01-01 23:50:00,Engine,cruise,41575.9,15281,-7.2,81.2,1122.0,,,,,,,,,no,none,no
2024-01-02 00:00:00,Landing Gear,cruise,45919.9,16399,,,,,,179.0,32.3,,,,,no,none,no
2024-01-02 00:10:00,Hydraulics,takeoff,32489.4,13445,,,,,,,,,,3047.0,78.7,no,none,no
2024-01-02 00:20:00,Landing Gear,landing,5171.7,1956,,,,,,217.6,457.1,,,,,no,none,no
2024-01-02 00:30:00,Engine,cruise,20101.4,8663,22.8,78.9,1075.0,,,,,,,,,no,none,no
2024-01-02 00:40:00,Landing Gear,takeoff,36447.0,15738,,,,,,183.1,47.0,,,,,no,none,no
2024-01-02 00:50:00,Hydraulics,cruise,38991.0,17311,,,,,,,,,,2989.0,47.9,no,none,no
2024-01-02 01:00:00,APU,ground,5910.9,2203,,,,598.7,3.21,,,,,,,no,none,no
2024-01-02 01:10:00,Engine,cruise,1.5,1,51.9,85.2,1178.0,,,,,,,,,no,none,no
2024-01-02 01:20:00,Avionics,takeoff,35606.9,14963,,,,,,,,29.58,47.2,,,no,none,no
2024-01-02 01:30:00,Hydraulics,cruise,17829.8,6861,,,,,,,,,,3094.0,76.4,no,none,no
2024-01-02 01:40:00,Engine,ground,12724.1,4775,30.6,18.7,234.0,,,,,,,,,no,none,no
2024-01-02 01:50:00,Engine,cruise,644.9,291,42.6,93.2,1305.0,,,,,,,,,no,none,no
2024-01-02 02:00:00,Engine,landing,27015.0,11003,33.5,51.7,707.0,,,,,,,,,no,none,no
2024-01-02 02:10:00,Engine,landing,42557.5,17889,12.6,53.3,726.0,,,,,,,,,no,none,no
2024-01-02 02:20:00,Landing Gear,cruise,47881.6,17893,,,,,,194.0,30.6,,,,,no,none,no
2024-01-02 02:30:00,Avionics,landing,28287.2,10211,,,,,,,,27.88,52.3,,,no,none,no
2024-01-02 02:40:00,Avionics,cruise,25723.1,9820,,,,,,,,24.74,58.6,,,no,none,no
2024-01-02 02:50:00,Landing Gear,landing,4252.8,1684,,,,,,192.1,452.1,,,,,no,none,no
2024-01-02 03:00:00,APU,landing,27443.6,10043,,,,632.6,1.9,,,,,,,no,none,no
2024-01-02 03:10:00,Hydraulics,cruise,18999.0,7594,,,,,,,,,,2968.0,39.9,no,none,no
2024-01-02 03:20:00,Landing Gear,takeoff,30356.8,10502,,,,,,203.1,24.7,,,,,no,none,no
2024-01-02 03:30:00,Hydraulics,ground,19436.3,7078,,,,,,,,,,3039.0,50.0,no,none,no
2024-01-02 03:40:00,Avionics,cruise,12015.0,5064,,,,,,,,27.78,70.0,,,no,none,no
2024-01-02 03:50:00,Engine,takeoff,4748.3,1991,42.3,91.0,1311.0,,,,,,,,,no,none,no
2024-01-02 04:00:00,Avionics,takeoff,15745.9,6101,,,,,,,,28.32,58.6,,,no,none,no
2024-01-02 04:10:00,Engine,cruise,4832.2,1776,40.9,86.1,1218.0,,,,,,,,,no,none,no
2024-01-02 04:20:00,Landing Gear,landing,8844.8,3247,,,,,,202.0,525.4,,,,,no,none,no
2024-01-02 04:30:00,Engine,takeoff,49366.8,19157,5.0,93.7,1326.0,,,,,,,,,no,none,no
2024-01-02 04:40:00,Engine,cruise,22205.2,9340,27.1,83.9,1156.0,,,,,,,,,no,none,no
2024-01-02 04:50:00,Hydraulics,cruise,26593.6,11427,,,,,,,,,,3152.0,80.2,no,none,no
2024-01-02 05:00:00,Engine,landing,43680.9,16778,-0.4,49.0,691.0,,,,,,,,,no,none,no
2024-01-02 05:10:00,Hydraulics,takeoff,49778.4,18074,,,,,,,,,,3175.0,29.3,no,none,no
2024-01-02 05:20:00,Engine,landing,29135.7,11904,16.5,50.7,711.0,,,,,,,,,no,none,no
2024-01-02 05:30:00,Avionics,cruise,40623.7,15179,,,,,,,,25.45,48.2,,,no,none,no
2024-01-02 05:40:00,Landing Gear,ground,16347.1,6268,,,,,,188.6,92.9,,,,,no,none,no
2024-01-02 05:50:00,Landing Gear,takeoff,15287.2,6763,,,,,,188.5,13.2,,,,,no,none,no
2024-01-02 06:00:00,Engine,cruise,20135.2,8587,18.4,82.6,1148.0,,,,,,,,,no,none,no
2024-01-02 06:10:00,Engine,takeoff,33625.4,13620,20.8,100.6,1435.0,,,,,,,,,no,none,no
2024-01-02 06:20:00,Engine,ground,34109.6,12256,9.5,28.3,367.0,,,,,,,,,no,none,no
2024-01-02 06:30:00,APU,ground,15762.0,6411,,,,667.7,1.51,,,,,,,no,none,no
2024-01-02 06:40:00,Avionics,cruise,6660.5,2891,,,,,,,,25.99,65.5,,,no,none,no
2024-01-02 06:50:00,Hydraulics,landing,31619.8,12268,,,,,,,,,,2989.0,106.0,no,none,no
2024-01-02 07:00:00,Avionics,ground,6416.3,2844,,,,,,,,28.15,46.2,,,no,none,no
2024-01-02 07:10:00,Avionics,cruise,28924.6,12766,,,,,,,,26.55,50.5,,,no,none,no
2024-01-02 07:20:00,Avionics,cruise,34671.1,15714,,,,,,,,26.22,61.8,,,no,none,no
2024-01-02 07:30:00,Avionics,cruise,35030.6,14354,,,,,,,,27.28,53.7,,,no,none,no
2024-01-02 07:40:00,Engine,takeoff,37673.6,15778,25.9,97.6,1315.0,,,,,,,,,no,none,no
2024-01-02 07:50:00,Hydraulics,ground,43643.0,19432,,,,,,,,,,2990.0,87.7,no,none,no
2024-01-02 08:00:00,Landing Gear,ground,24997.9,10357,,,,,,201.2,105.3,,,,,no,none,no
2024-01-02 08:10:00,Landing Gear,landing,36512.5,14019,,,,,,196.9,392.8,,,,,no,none,no
2024-01-02 08:20:00,Engine,cruise,30958.6,11939,12.9,85.2,1130.0,,,,,,,,,no,none,no
2024-01-02 08:30:00,Landing Gear,cruise,9332.0,3804,,,,,,194.2,33.1,,,,,no,none,no
2024-01-02 08:40:00,Landing Gear,landing,1284.5,461,,,,,,196.8,600.0,,,,,yes,brake_overheat,yes
2024-01-02 08:50:00,Avionics,ground,14227.1,5626,,,,,,,,28.89,50.0,,,no,none,no
2024-01-02 09:00:00,APU,ground,22151.7,9638,,,,614.0,4.45,,,,,,,no,none,no
2024-01-02 09:10:00,APU,landing,30855.3,10179,,,,618.7,1.43,,,,,,,no,none,no
2024-01-02 09:20:00,Hydraulics,landing,42498.0,19086,,,,,,,,,,2915.0,58.8,no,none,no
2024-01-02 09:30:00,Engine,takeoff,9812.3,4277,41.0,96.7,1308.0,,,,,,,,,no,none,no
2024-01-02 09:40:00,Landing Gear,takeoff,6277.5,2419,,,,,,194.5,26.1,,,,,no,none,no
2024-01-02 09:50:00,Engine,ground,48174.0,20107,-6.7,25.5,329.0,,,,,,,,,yes,engine_overheat,yes
2024-01-02 10:00:00,Avionics,landing,5402.2,2161,,,,,,,,26.88,42.5,,,no,none,no
2024-01-02 10:10:00,Hydraulics,takeoff,23924.6,10511,,,,,,,,,,2977.0,91.4,no,none,no
2024-01-02 10:20:00,Engine,takeoff,29278.2,12632,0.8,94.4,1354.0,,,,,,,,,yes,engine_overheat,yes
2024-01-02 10:30:00,Hydraulics,landing,27068.7,9615,,,,,,,,,,3004.0,69.0,no,none,no
2024-01-02 10:40:00,Engine,takeoff,4301.6,1801,36.8,95.2,1416.0,,,,,,,,,no,none,no
2024-01-02 10:50:00,Hydraulics,takeoff,2851.3,1122,,,,,,,,,,2904.0,81.4,no,none,no
2024-01-02 11:00:00,Avionics,cruise,5274.2,2124,,,,,,,,25.75,91.9,,,no,none,no
2024-01-02 11:10:00,Avionics,landing,29279.4,11030,,,,,,,,28.26,56.4,,,no,none,no
2024-01-02 11:20:00,Engine,landing,27217.2,12409,30.1,47.0,616.0,,,,,,,,,no,none,no
2024-01-02 11:30:00,Hydraulics,cruise,11687.0,5064,,,,,,,,,,2930.0,59.3,no,none,no
2024-01-02 11:40:00,Avionics,landing,31888.7,12001,,,,,,,,27.02,40.4,,,no,none,no
2024-01-02 11:50:00,Engine,cruise,41003.4,14650,15.3,88.4,1250.0,,,,,,,,,no,none,no
2024-01-02 12:00:00,Hydraulics,cruise,2078.9,806,,,,,,,,,,3069.0,74.0,no,none,no
2024-01-02 12:10:00,Engine,landing,24906.5,10309,43.0,57.1,805.0,,,,,,,,,no,none,no
2024-01-02 12:20:00,Hydraulics,landing,34465.5,14051,,,,,,,,,,3017.0,77.1,no,none,no
2024-01-02 12:30:00,Engine,ground,12615.6,5552,45.6,29.3,366.0,,,,,,,,,no,none,no
2024-01-02 12:40:00,Avionics,landing,15388.5,6544,,,,,,,,29.9,30.0,,,no,none,no
2024-01-02 12:50:00,Landing Gear,cruise,30681.9,13225,,,,,,211.6,36.4,,,,,no,none,no
2024-01-02 13:00:00,Engine,takeoff,44896.8,18428,-0.3,91.7,1275.0,,,,,,,,,yes,engine_overheat,yes
2024-01-02 13:10:00,Engine,cruise,40496.2,14398,8.3,77.8,1133.0,,,,,,,,,no,none,no
2024-01-02 13:20:00,Engine,cruise,29156.5,11480,3.6,85.5,1144.0,,,,,,,,,yes,engine_overheat,yes
2024-01-02 13:30:00,Landing Gear,cruise,36511.1,15843,,,,,,197.6,23.9,,,,,no,none,no
2024-01-02 13:40:00,APU,ground,18241.1,7266,,,,701.4,1.99,,,,,,,no,none,no
2024-01-02 13:50:00,Landing Gear,cruise,32048.3,13335,,,,,,201.9,30.7,,,,,no,none,no
2024-01-02 14:00:00,Engine,ground,23309.1,9086,2.9,28.8,384.0,,,,,,,,,no,none,no
2024-01-02 14:10:00,Engine,landing,9496.8,3486,30.4,55.6,763.0,,,,,,,,,no,none,no
2024-01-02 14:20:00,Avionics,landing,35086.9,13896,,,,,,,,29.47,51.6,,,no,none,no
2024-01-02 14:30:00,Engine,cruise,27823.2,11404,24.5,83.8,1164.0,,,,,,,,,no,none,no
2024-01-02 14:40:00,Hydraulics,cruise,17931.1,6796,,,,,,,,,,3043.0,43.8,no,none,no
2024-01-02 14:50:00,Hydraulics,cruise,45567.0,17883,,,,,,,,,,3003.0,62.3,no,none,no
2024-01-02 15:00:00,Avionics,takeoff,1046.7,387,,,,,,,,26.28,60.4,,,no,none,no
2024-01-02 15:10:00,Landing Gear,landing,15788.7,6881,,,,,,211.3,511.6,,,,,no,none,no
2024-01-02 15:20:00,Hydraulics,cruise,2844.1,1111,,,,,,,,,,3042.0,84.3,no,none,no
2024-01-02 15:30:00,Engine,takeoff,38326.4,17112,15.5,99.2,1481.0,,,,,,,,,no,none,no
2024-01-02 15:40:00,Engine,landing,35105.4,15760,17.9,49.7,670.0,,,,,,,,,no,none,no
2024-01-02 15:50:00,Engine,takeoff,16567.6,6584,32.0,96.3,1437.0,,,,,,,,,no,none,no
2024-01-02 16:00:00,Landing Gear,ground,33783.1,12423,,,,,,199.7,148.5,,,,,no,none,no
2024-01-02 16:10:00,Engine,ground,19796.9,6597,34.1,29.1,402.0,,,,,,,,,no,none,no
2024-01-02 16:20:00,APU,ground,37812.7,13344,,,,707.3,3.34,,,,,,,no,none,no
2024-01-02 16:30:00,Hydraulics,cruise,22709.2,8085,,,,,,,,,,3130.0,69.4,no,none,no
2024-01-02 16:40:00,Hydraulics,takeoff,20614.0,9155,,,,,,,,,,3201.0,60.9,no,none,no
2024-01-02 16:50:00,APU,ground,46736.5,18868,,,,592.5,2.79,,,,,,,no,none,no
2024-01-02 17:00:00,Engine,cruise,12544.0,5174,46.2,91.9,1324.0,,,,,,,,,no,none,no
2024-01-02 17:10:00,Avionics,ground,6022.4,1981,,,,,,,,28.34,55.8,,,no,none,no
2024-01-02 17:20:00,APU,ground,29227.2,10570,,,,585.9,1.54,,,,,,,no,none,no
2024-01-02 17:30:00,Engine,ground,48466.1,20762,3.9,28.8,398.0,,,,,,,,,no,none,no
2024-01-02 17:40:00,Engine,cruise,18892.0,7730,27.9,84.3,1178.0,,,,,,,,,no,none,no
2024-01-02 17:50:00,Hydraulics,cruise,3101.8,1226,,,,,,,,,,3090.0,82.1,no,none,no
2024-01-02 18:00:00,Landing Gear,ground,16965.3,7093,,,,,,194.3,166.8,,,,,no,none,no
2024-01-02 18:10:00,Hydraulics,cruise,25296.6,11443,,,,,,,,,,2981.0,81.6,no,none,no
2024-01-02 18:20:00,Hydraulics,takeoff,8096.2,3181,,,,,,,,,,3046.0,79.5,no,none,no
2024-01-02 18:30:00,Landing Gear,cruise,32905.1,13235,,,,,,199.8,50.5,,,,,no,none,no
2024-01-02 18:40:00,APU,ground,49887.5,20262,,,,626.9,3.18,,,,,,,no,none,no
2024-01-02 18:50:00,Landing Gear,landing,22587.0,10764,,,,,,188.9,458.7,,,,,no,none,no
2024-01-02 19:00:00,Engine,cruise,17736.4,5903,31.5,87.8,1312.0,,,,,,,,,no,none,no
2024-01-02 19:10:00,Landing Gear,takeoff,20035.2,8452,,,,,,208.7,36.0,,,,,no,none,no
2024-01-02 19:20:00,Avionics,landing,5757.3,2282,,,,,,,,26.51,80.2,,,no,none,no
2024-01-02 19:30:00,APU,ground,44163.7,18466,,,,534.8,2.69,,,,,,,no,none,no
2024-01-02 19:40:00,Hydraulics,takeoff,20741.3,7860,,,,,,,,,,2997.0,82.2,no,none,no
2024-01-02 19:50:00,Landing Gear,cruise,19363.7,7715,,,,,,197.5,26.4,,,,,no,none,no
2024-01-02 20:00:00,APU,ground,32984.5,13945,,,,646.1,3.49,,,,,,,no,none,no
2024-01-02 20:10:00,Landing Gear,landing,22101.7,11042,,,,,,219.4,427.7,,,,,no,none,no
2024-01-02 20:20:00,Landing Gear,landing,32411.7,13803,,,,,,205.9,483.9,,,,,no,none,no
2024-01-02 20:30:00,Avionics,landing,3072.3,1146,,,,,,,,27.8,59.0,,,no,none,no
2024-01-02 20:40:00,Engine,cruise,40686.2,15723,-0.1,87.9,1273.0,,,,,,,,,no,none,no
2024-01-02 20:50:00,Landing Gear,cruise,47025.2,18128,,,,,,192.4,10.0,,,,,no,none,no
2024-01-02 21:00:00,Engine,ground,32438.3,11111,26.4,26.9,357.0,,,,,,,,,no,none,no
2024-01-02 21:10:00,APU,ground,47728.3,18587,,,,604.0,3.26,,,,,,,no,none,no
2024-01-02 21:20:00,APU,ground,7571.6,3206,,,,642.6,1.9,,,,,,,no,none,no
2024-01-02 21:30:00,Landing Gear,ground,23870.8,8575,,,,,,182.0,145.4,,,,,no,none,no
2024-01-02 21:40:00,Hydraulics,cruise,30090.3,13046,,,,,,,,,,2994.0,60.7,no,none,no
2024-01-02 21:50:00,Avionics,cruise,29086.8,12089,,,,,,,,29.77,56.4,,,no,none,no
2024-01-02 22:00:00,Avionics,landing,20073.1,7558,,,,,,,,27.63,68.1,,,no,none,no
2024-01-02 22:10:00,Landing Gear,landing,16904.2,6685,,,,,,211.2,502.2,,,,,yes,brake_overheat,yes
2024-01-02 22:20:00,Landing Gear,landing,6341.2,2861,,,,,,202.4,426.8,,,,,no,none,no
2024-01-02 22:30:00,Engine,landing,19587.1,8295,29.4,54.5,712.0,,,,,,,,,no,none,no
2024-01-02 22:40:00,Engine,ground,8133.0,3256,40.8,28.2,332.0,,,,,,,,,no,none,no
2024-01-02 22:50:00,Engine,cruise,36718.3,14408,7.1,87.8,1241.0,,,,,,,,,no,none,no
2024-01-02 23:00:00,Landing Gear,cruise,10441.5,4202,,,,,,200.3,42.4,,,,,no,none,no
2024-01-02 23:10:00,Engine,takeoff,2928.3,1123,47.7,98.5,1334.0,,,,,,,,,no,none,no
2024-01-02 23:20:00,Engine,cruise,27618.3,9187,21.0,85.0,1112.0,,,,,,,,,no,none,no
2024-01-02 23:30:00,Engine,takeoff,29761.5,13849,14.3,92.7,1266.0,,,,,,,,,no,none,no
2024-01-02 23:40:00,Hydraulics,cruise,43595.7,17655,,,,,,,,,,3084.0,82.4,no,none,no
2024-01-02 23:50:00,Engine,cruise,28849.1,11907,31.6,85.4,1230.0,,,,,,,,,no,none,no
2024-01-03 00:00:00,Landing Gear,cruise,17274.0,6878,,,,,,205.3,17.0,,,,,no,none,no
2024-01-03 00:10:00,Engine,cruise,40150.6,15116,-3.1,78.3,1166.0,,,,,,,,,no,none,no
2024-01-03 00:20:00,Avionics,takeoff,27013.9,10645,,,,,,,,27.92,69.7,,,no,none,no
2024-01-03 00:30:00,Engine,takeoff,3964.0,1383,53.4,97.0,1415.0,,,,,,,,,no,none,no
2024-01-03 00:40:00,Engine,ground,28292.5,13379,22.7,28.7,377.0,,,,,,,,,no,none,no
2024-01-03 00:50:00,Landing Gear,cruise,45400.9,16367,,,,,,193.9,14.4,,,,,no,none,no
2024-01-03 01:00:00,Engine,takeoff,19815.6,7272,31.9,97.6,1352.0,,,,,,,,,no,none,no
2024-01-03 01:10:00,Engine,cruise,14816.3,5718,23.8,81.0,1184.0,,,,,,,,,no,none,no
2024-01-03 01:20:00,Engine,landing,7173.5,3165,45.7,50.2,695.0,,,,,,,,,no,none,no
2024-01-03 01:30:00,Engine,cruise,7572.3,3032,44.4,87.1,1189.0,,,,,,,,,no,none,no
2024-01-03 01:40:00,Engine,landing,21638.6,7799,23.5,48.9,669.0,,,,,,,,,no,none,no
2024-01-03 01:50:00,Engine,takeoff,29784.0,13109,24.8,94.0,1310.0,,,,,,,,,no,none,no
2024-01-03 02:00:00,Hydraulics,takeoff,4030.8,1707,,,,,,,,,,2919.0,94.5,no,none,no
2024-01-03 02:10:00,Landing Gear,cruise,46978.4,19601,,,,,,174.6,23.9,,,,,no,none,no
2024-01-03 02:20:00,Landing Gear,cruise,37756.7,15967,,,,,,192.8,13.0,,,,,no,none,no
2024-01-03 02:30:00,Engine,landing,29331.2,13980,12.8,59.0,829.0,,,,,,,,,no,none,no
2024-01-03 02:40:00,Hydraulics,landing,41421.9,19465,,,,,,,,,,3222.0,69.3,no,none,no
2024-01-03 02:50:00,APU,ground,4009.3,1516,,,,618.5,1.43,,,,,,,no,none,no
2024-01-03 03:00:00,Engine,cruise,23841.9,10776,27.5,76.1,1097.0,,,,,,,,,no,none,no
2024-01-03 03:10:00,Avionics,cruise,31504.7,12988,,,,,,,,29.94,56.0,,,no,none,no
2024-01-03 03:20:00,Engine,landing,41432.6,17235,4.5,56.8,791.0,,,,,,,,,no,none,no
2024-01-03 03:30:00,Engine,cruise,39173.5,13548,1.8,83.2,1180.0,,,,,,,,,no,none,no
2024-01-03 03:40:00,Landing Gear,cruise,13853.5,5466,,,,,,194.4,21.7,,,,,no,none,no
2024-01-03 03:50:00,Hydraulics,takeoff,47044.0,17594,,,,,,,,,,2794.0,84.0,no,none,no
2024-01-03 04:00:00,Landing Gear,takeoff,6217.3,2652,,,,,,194.3,16.4,,,,,no,none,no
2024-01-03 04:10:00,Landing Gear,ground,43756.7,19002,,,,,,187.2,91.5,,,,,no,none,no
2024-01-03 04:20:00,Hydraulics,ground,48547.0,16196,,,,,,,,,,2797.0,79.4,no,none,no
2024-01-03 04:30:00,Engine,landing,8857.7,3537,36.4,54.4,746.0,,,,,,,,,no,none,no
2024-01-03 04:40:00,Engine,cruise,36103.3,15737,12.4,79.8,1109.0,,,,,,,,,no,none,no
2024-01-03 04:50:00,APU,takeoff,2014.3,794,,,,628.1,2.82,,,,,,,no,none,no
2024-01-03 05:00:00,Landing Gear,takeoff,20271.1,8581,,,,,,190.1,26.2,,,,,no,none,no
2024-01-03 05:10:00,Landing Gear,cruise,25814.2,10616,,,,,,182.8,28.7,,,,,no,none,no
2024-01-03 05:20:00,Hydraulics,cruise,29032.3,11930,,,,,,,,,,2824.0,71.4,no,none,no
2024-01-03 05:30:00,Avionics,landing,46796.9,18312,,,,,,,,27.33,42.2,,,no,none,no
2024-01-03 05:40:00,Landing Gear,landing,33612.5,12136,,,,,,204.8,428.8,,,,,no,none,no
2024-01-03 05:50:00,Engine,cruise,24063.9,8762,20.0,78.4,1066.0,,,,,,,,,no,none,no
2024-01-03 06:00:00,Avionics,ground,40483.8,17112,,,,,,,,26.05,56.0,,,no,none,no
2024-01-03 06:10:00,Hydraulics,landing,47526.6,19040,,,,,,,,,,2986.0,85.7,no,none,no
2024-01-03 06:20:00,Hydraulics,cruise,1103.3,436,,,,,,,,,,2877.0,59.2,no,none,no
2024-01-03 06:30:00,Engine,landing,49126.1,18984,7.4,56.3,812.0,,,,,,,,,no,none,no
2024-01-03 06:40:00,Avionics,cruise,4306.6,1681,,,,,,,,26.94,41.3,,,no,none,no
2024-01-03 06:50:00,Engine,cruise,40719.3,17652,4.3,87.2,1226.0,,,,,,,,,yes,engine_overheat,yes
2024-01-03 07:00:00,Engine,cruise,14016.7,5456,21.7,82.7,1178.0,,,,,,,,,no,none,no
2024-01-03 07:10:00,Engine,landing,6609.0,2360,51.4,55.3,737.0,,,,,,,,,no,none,no
2024-01-03 07:20:00,Avionics,takeoff,21992.8,9320,,,,,,,,28.58,67.7,,,no,none,no
2024-01-03 07:30:00,Avionics,takeoff,32197.8,12668,,,,,,,,26.33,62.7,,,no,none,no
2024-01-03 07:40:00,Engine,takeoff,19047.6,7638,28.6,94.9,1288.0,,,,,,,,,no,none,no
2024-01-03 07:50:00,APU,takeoff,2728.3,1232,,,,676.6,3.12,,,,,,,no,none,no
2024-01-03 08:00:00,APU,ground,29973.1,11970,,,,600.4,2.21,,,,,,,no,none,no
2024-01-03 08:10:00,APU,landing,45120.2,18466,,,,622.6,2.12,,,,,,,no,none,no
2024-01-03 08:20:00,Engine,cruise,19160.8,6941,25.3,90.2,1315.0,,,,,,,,,no,none,no
2024-01-03 08:30:00,Landing Gear,takeoff,10816.6,4251,,,,,,198.3,28.0,,,,,no,none,no
2024-01-03 08:40:00,Avionics,cruise,22128.9,9283,,,,,,,,28.06,54.6,,,no,none,no
2024-01-03 08:50:00,Engine,cruise,2418.1,847,48.2,90.6,1350.0,,,,,,,,,no,none,no
2024-01-03 09:00:00,Engine,takeoff,41024.4,16673,3.7,98.7,1505.0,,,,,,,,,no,none,no
2024-01-03 09:10:00,Engine,cruise,41317.0,16660,10.2,89.8,1340.0,,,,,,,,,no,none,no
2024-01-03 09:20:00,Hydraulics,cruise,29400.0,11799,,,,,,,,,,3003.0,48.3,no,none,no
2024-01-03 09:30:00,Landing Gear,landing,17655.1,7648,,,,,,207.9,375.7,,,,,no,none,no
2024-01-03 09:40:00,Landing Gear,landing,39989.2,16424,,,,,,192.0,495.4,,,,,no,none,no
2024-01-03 09:50:00,Engine,takeoff,27734.4,12406,34.8,95.5,1255.0,,,,,,,,,no,none,no
2024-01-03 10:00:00,Landing Gear,cruise,41296.6,15206,,,,,,202.8,26.1,,,,,no,none,no
2024-01-03 10:10:00,Engine,landing,31572.9,12767,32.3,59.0,868.0,,,,,,,,,no,none,no
2024-01-03 10:20:00,Avionics,cruise,39220.3,15794,,,,,,,,29.36,62.6,,,no,none,no
2024-01-03 10:30:00,Hydraulics,ground,29928.1,10947,,,,,,,,,,2958.0,64.6,no,none,no
2024-01-03 10:40:00,Landing Gear,landing,20707.1,8916,,,,,,196.9,398.8,,,,,no,none,no
2024-01-03 10:50:00,Hydraulics,takeoff,47897.3,22722,,,,,,,,,,3164.0,72.3,no,none,no
2024-01-03 11:00:00,Avionics,takeoff,27055.7,10808,,,,,,,,26.72,55.6,,,no,none,no
2024-01-03 11:10:00,Engine,landing,30254.5,12591,19.4,46.5,686.0,,,,,,,,,no,none,no
2024-01-03 11:20:00,Hydraulics,takeoff,11024.4,4440,,,,,,,,,,3006.0,77.8,no,none,no
2024-01-03 11:30:00,Engine,cruise,31282.5,11799,31.6,88.5,1215.0,,,,,,,,,no,none,no
2024-01-03 11:40:00,APU,ground,28580.4,9767,,,,627.4,1.85,,,,,,,no,none,no
2024-01-03 11:50:00,Engine,cruise,9241.9,3488,43.4,92.4,1282.0,,,,,,,,,no,none,no
2024-01-03 12:00:00,Engine,cruise,2979.4,1059,46.5,80.1,1069.0,,,,,,,,,no,none,no
2024-01-03 12:10:00,APU,landing,30218.0,13735,,,,593.2,2.66,,,,,,,no,none,no
2024-01-03 12:20:00,Engine,cruise,38184.6,15133,7.0,87.6,1289.0,,,,,,,,,no,none,no
2024-01-03 12:30:00,Landing Gear,cruise,26170.1,10178,,,,,,169.5,26.1,,,,,yes,tire_pressure,yes
2024-01-03 12:40:00,APU,ground,11338.6,4858,,,,727.9,2.42,,,,,,,no,none,no
2024-01-03 12:50:00,Engine,cruise,33326.1,12134,18.2,84.7,1130.0,,,,,,,,,no,none,no
2024-01-03 13:00:00,Engine,ground,4005.3,1504,50.5,21.4,271.0,,,,,,,,,no,none,no
2024-01-03 13:10:00,APU,ground,22091.7,8885,,,,652.0,1.47,,,,,,,no,none,no
2024-01-03 13:20:00,Engine,takeoff,8168.3,3536,44.8,95.9,1332.0,,,,,,,,,no,none,no
2024-01-03 13:30:00,Avionics,takeoff,9223.0,3837,,,,,,,,29.74,52.7,,,no,none,no
2024-01-03 13:40:00,Avionics,takeoff,10114.7,4126,,,,,,,,27.87,50.9,,,no,none,no
2024-01-03 13:50:00,Hydraulics,takeoff,19335.4,7782,,,,,,,,,,2979.0,71.1,no,none,no
2024-01-03 14:00:00,Avionics,takeoff,2557.5,1056,,,,,,,,26.16,45.5,,,no,none,no
2024-01-03 14:10:00,APU,landing,19889.7,8084,,,,543.6,3.99,,,,,,,no,none,no
2024-01-03 14:20:00,Avionics,takeoff,25585.4,9391,,,,,,,,27.27,44.9,,,no,none,no
2024-01-03 14:30:00,Engine,cruise,24164.7,9702,21.5,84.7,1209.0,,,,,,,,,no,none,no
2024-01-03 14:40:00,APU,ground,19139.2,6998,,,,900.0,2.99,,,,,,,no,none,no
2024-01-03 14:50:00,Avionics,takeoff,41957.3,16892,,,,,,,,25.99,52.0,,,no,none,no
2024-01-03 15:00:00,APU,ground,7266.3,2795,,,,713.5,3.95,,,,,,,no,none,no
2024-01-03 15:10:00,Avionics,cruise,25284.8,12169,,,,,,,,28.01,39.4,,,no,none,no
2024-01-03 15:20:00,Hydraulics,takeoff,3102.1,1237,,,,,,,,,,2887.0,84.7,no,none,no
2024-01-03 15:30:00,Hydraulics,landing,3557.8,1263,,,,,,,,,,3051.0,75.1,no,none,no
2024-01-03 15:40:00,Hydraulics,landing,28693.3,11354,,,,,,,,,,2961.0,103.0,no,none,no
2024-01-03 15:50:00,APU,ground,28300.9,11791,,,,619.8,2.0,,,,,,,no,none,no
2024-01-03 16:00:00,Engine,landing,43901.7,19912,9.6,60.7,894.0,,,,,,,,,no,none,no
2024-01-03 16:10:00,APU,ground,27893.7,10631,,,,646.9,2.11,,,,,,,no,none,no
2024-01-03 16:20:00,Engine,cruise,47989.6,16766,10.8,81.2,1134.0,,,,,,,,,no,none,no
2024-01-03 16:30:00,Avionics,takeoff,2434.7,1038,,,,,,,,26.5,44.6,,,no,none,no
2024-01-03 16:40:00,Avionics,landing,4900.4,1744,,,,,,,,28.4,51.5,,,no,none,no
2024-01-03 16:50:00,Landing Gear,ground,2203.3,851,,,,,,198.4,84.2,,,,,no,none,no
2024-01-03 17:00:00,APU,ground,9263.8,3629,,,,603.9,2.97,,,,,,,no,none,no
2024-01-03 17:10:00,Engine,cruise,27063.5,10765,41.5,85.0,1193.0,,,,,,,,,no,none,no
2024-01-03 17:20:00,Landing Gear,cruise,32278.6,13623,,,,,,171.8,37.8,,,,,no,none,no
2024-01-03 17:30:00,Engine,landing,2279.3,862,54.9,47.2,646.0,,,,,,,,,no,none,no
2024-01-03 17:40:00,Hydraulics,cruise,47298.5,18505,,,,,,,,,,3006.0,56.2,no,none,no
2024-01-03 17:50:00,APU,ground,42108.3,16824,,,,625.3,2.71,,,,,,,no,none,no
2024-01-03 18:00:00,Engine,ground,14830.6,6003,29.6,25.3,335.0,,,,,,,,,no,none,no
2024-01-03 18:10:00,Engine,cruise,3859.4,1556,53.9,91.1,1332.0,,,,,,,,,no,none,no
2024-01-03 18:20:00,Landing Gear,landing,8494.4,3516,,,,,,198.7,314.9,,,,,no,none,no
2024-01-03 18:30:00,Landing Gear,landing,6347.2,2710,,,,,,222.3,512.8,,,,,yes,brake_overheat,yes
2024-01-03 18:40:00,Engine,takeoff,6164.2,2543,46.7,99.2,1412.0,,,,,,,,,no,none,no
2024-01-03 18:50:00,Engine,ground,25928.1,10748,33.4,24.6,320.0,,,,,,,,,no,none,no
2024-01-03 19:00:00,APU,cruise,12292.4,4295,,,,642.4,2.79,,,,,,,no,none,no
2024-01-03 19:10:00,APU,ground,17907.0,7192,,,,674.1,3.92,,,,,,,no,none,no
2024-01-03 19:20:00,Avionics,cruise,49475.3,20549,,,,,,,,26.2,38.9,,,no,none,no
2024-01-03 19:30:00,APU,ground,34215.7,14484,,,,607.4,3.12,,,,,,,no,none,no
2024-01-03 19:40:00,Engine,cruise,47449.0,17928,-1.8,82.5,1127.0,,,,,,,,,no,none,no
2024-01-03 19:50:00,Engine,takeoff,7127.8,2701,41.4,102.2,1488.0,,,,,,,,,no,none,no
2024-01-03 20:00:00,Hydraulics,ground,19107.0,7292,,,,,,,,,,3063.0,91.8,no,none,no
2024-01-03 20:10:00,Landing Gear,takeoff,27736.6,11571,,,,,,217.9,21.0,,,,,no,none,no
2024-01-03 20:20:00,Avionics,cruise,3837.9,1662,,,,,,,,29.41,51.2,,,no,none,no
2024-01-03 20:30:00,Engine,ground,209.4,81,60.6,18.3,221.0,,,,,,,,,no,none,no
2024-01-03 20:40:00,APU,ground,33521.7,14383,,,,620.0,2.08,,,,,,,no,none,no
2024-01-03 20:50:00,Engine,cruise,32091.0,12963,60.3,86.9,1137.0,,,,,,,,,no,none,no
2024-01-03 21:00:00,Landing Gear,landing,20539.4,8134,,,,,,209.9,430.3,,,,,no,none,no
2024-01-03 21:10:00,Hydraulics,cruise,24482.2,9627,,,,,,,,,,3054.0,79.9,no,none,no
2024-01-03 21:20:00,APU,cruise,20772.2,8805,,,,621.0,3.71,,,,,,,no,none,no
2024-01-03 21:30:00,Engine,cruise,1200.3,493,56.1,83.0,1183.0,,,,,,,,,no,none,no
2024-01-03 21:40:00,Engine,landing,16768.6,7929,32.6,57.2,811.0,,,,,,,,,no,none,no
2024-01-03 21:50:00,APU,landing,8854.1,3300,,,,662.6,2.42,,,,,,,no,none,no
2024-01-03 22:00:00,Engine,landing,4921.2,2050,35.3,51.3,733.0,,,,,,,,,no,none,no
2024-01-03 22:10:00,Engine,landing,47836.0,18324,-17.7,56.2,793.0,,,,,,,,,yes,engine_overheat,yes
2024-01-03 22:20:00,Avionics,takeoff,29968.0,11154,,,,,,,,28.33,45.4,,,no,none,no
2024-01-03 22:30:00,Landing Gear,cruise,36432.8,14560,,,,,,191.8,22.7,,,,,no,none,no
2024-01-03 22:40:00,Engine,takeoff,15768.2,6377,31.0,101.2,1445.0,,,,,,,,,no,none,no
2024-01-03 22:50:00,Hydraulics,cruise,19657.4,9699,,,,,,,,,,2912.0,71.8,no,none,no
2024-01-03 23:00:00,Engine,cruise,11846.2,4669,43.4,82.2,1217.0,,,,,,,,,no,none,no
2024-01-03 23:10:00,Hydraulics,ground,4848.3,1764,,,,,,,,,,3167.0,62.1,no,none,no
2024-01-03 23:20:00,Engine,cruise,8951.6,3659,51.6,86.8,1192.0,,,,,,,,,no,none,no
2024-01-03 23:30:00,Hydraulics,takeoff,39875.7,13303,,,,,,,,,,3029.0,75.8,no,none,no
2024-01-03 23:40:00,Avionics,takeoff,33877.3,13451,,,,,,,,27.43,50.1,,,no,none,no
2024-01-03 23:50:00,Avionics,landing,27346.4,10953,,,,,,,,28.27,55.9,,,no,none,no
2024-01-04 00:00:00,Hydraulics,landing,23754.5,10106,,,,,,,,,,2997.0,53.7,no,none,no
2024-01-04 00:10:00,Engine,takeoff,46121.7,19886,5.4,95.2,1336.0,,,,,,,,,no,none,no
2024-01-04 00:20:00,Hydraulics,takeoff,3636.7,1396,,,,,,,,,,3124.0,51.4,no,none,no
2024-01-04 00:30:00,APU,landing,14030.0,5544,,,,564.6,2.1,,,,,,,no,none,no
2024-01-04 00:40:00,APU,takeoff,17496.9,6570,,,,620.8,3.07,,,,,,,no,none,no
2024-01-04 00:50:00,APU,ground,39121.3,14236,,,,802.0,0.99,,,,,,,no,none,no
2024-01-04 01:00:00,Landing Gear,landing,49625.7,20342,,,,,,186.1,528.6,,,,,no,none,no
2024-01-04 01:10:00,Engine,takeoff,12033.5,4323,40.6,95.7,1349.0,,,,,,,,,no,none,no
2024-01-04 01:20:00,Landing Gear,takeoff,43715.4,16906,,,,,,179.5,30.1,,,,,no,none,no
2024-01-04 01:30:00,APU,ground,41531.1,15290,,,,675.5,2.56,,,,,,,no,none,no
2024-01-04 01:40:00,Avionics,cruise,11232.9,4691,,,,,,,,28.74,57.3,,,no,none,no
2024-01-04 01:50:00,Hydraulics,cruise,19966.6,9138,,,,,,,,,,3095.0,62.6,no,none,no
2024-01-04 02:00:00,APU,ground,20483.6,7340,,,,640.0,2.6,,,,,,,no,none,no
2024-01-04 02:10:00,APU,ground,48911.0,16664,,,,749.4,2.91,,,,,,,no,none,no
2024-01-04 02:20:00,Engine,ground,9044.6,3582,38.1,23.1,282.0,,,,,,,,,no,none,no
2024-01-04 02:30:00,Engine,landing,39957.9,16003,11.5,50.9,685.0,,,,,,,,,no,none,no
2024-01-04 02:40:00,Engine,cruise,16709.6,6801,6.3,86.8,1213.0,,,,,,,,,no,none,no
2024-01-04 02:50:00,Engine,takeoff,36543.5,14095,9.9,94.5,1309.0,,,,,,,,,no,none,no
2024-01-04 03:00:00,Engine,landing,21000.6,8265,35.1,57.3,784.0,,,,,,,,,no,none,no
2024-01-04 03:10:00,Hydraulics,cruise,28918.0,11907,,,,,,,,,,2850.0,41.7,no,none,no
2024-01-04 03:20:00,Landing Gear,cruise,41630.6,18038,,,,,,209.7,26.9,,,,,no,none,no
2024-01-04 03:30:00,APU,ground,40208.3,13568,,,,772.0,2.29,,,,,,,no,none,no
2024-01-04 03:40:00,Landing Gear,takeoff,43321.2,16817,,,,,,191.8,30.0,,,,,no,none,no
2024-01-04 03:50:00,Engine,cruise,2980.9,1213,51.4,94.4,1350.0,,,,,,,,,no,none,no
2024-01-04 04:00:00,Landing Gear,takeoff,34602.5,12825,,,,,,177.7,31.8,,,,,no,none,no
2024-01-04 04:10:00,Avionics,cruise,6999.4,3187,,,,,,,,28.31,60.7,,,no,none,no
2024-01-04 04:20:00,Landing Gear,takeoff,20790.9,7894,,,,,,200.5,32.4,,,,,no,none,no
2024-01-04 04:30:00,APU,takeoff,27429.4,10936,,,,611.6,0.76,,,,,,,no,none,no
2024-01-04 04:40:00,Hydraulics,takeoff,20137.0,8413,,,,,,,,,,3060.0,86.2,no,none,no
2024-01-04 04:50:00,Hydraulics,landing,25980.6,9901,,,,,,,,,,2997.0,51.6,no,none,no
2024-01-04 05:00:00,Landing Gear,landing,49826.3,16986,,,,,,182.9,362.8,,,,,no,none,no
2024-01-04 05:10:00,Landing Gear,cruise,6760.9,2612,,,,,,199.0,16.5,,,,,no,none,no
2024-01-04 05:20:00,APU,ground,33772.8,14622,,,,717.3,2.87,,,,,,,no,none,no
2024-01-04 05:30:00,Engine,cruise,19800.0,7707,44.4,85.0,1260.0,,,,,,,,,no,none,no
2024-01-04 05:40:00,APU,cruise,6650.5,2480,,,,689.3,3.85,,,,,,,no,none,no
2024-01-04 05:50:00,Engine,ground,7936.8,3410,41.7,18.8,229.0,,,,,,,,,no,none,no
2024-01-04 06:00:00,Landing Gear,cruise,47463.7,18483,,,,,,193.2,40.6,,,,,no,none,no
2024-01-04 06:10:00,APU,ground,43980.1,16874,,,,723.0,3.11,,,,,,,no,none,no
2024-01-04 06:20:00,Engine,takeoff,45352.1,18358,-0.7,98.9,1367.0,,,,,,,,,no,none,no
2024-01-04 06:30:00,Hydraulics,ground,49576.6,21053,,,,,,,,,,3015.0,92.7,no,none,no
2024-01-04 06:40:00,Hydraulics,takeoff,10415.8,4960,,,,,,,,,,3011.0,89.6,no,none,no
2024-01-04 06:50:00,Landing Gear,ground,17772.0,7579,,,,,,199.4,91.6,,,,,no,none,no
2024-01-04 07:00:00,Landing Gear,cruise,33461.0,14626,,,,,,209.7,29.7,,,,,no,none,no
2024-01-04 07:10:00,Avionics,ground,24190.1,9284,,,,,,,,30.31,43.8,,,no,none,no
2024-01-04 07:20:00,Engine,takeoff,20919.5,7681,33.0,91.3,1296.0,,,,,,,,,no,none,no
2024-01-04 07:30:00,Avionics,cruise,17890.6,7192,,,,,,,,24.65,64.1,,,no,none,no
2024-01-04 07:40:00,Engine,ground,29689.0,11977,28.3,33.6,421.0,,,,,,,,,no,none,no
2024-01-04 07:50:00,Avionics,cruise,28779.7,10519,,,,,,,,26.31,58.3,,,no,none,no
2024-01-04 08:00:00,Engine,landing,8072.9,3184,47.3,49.6,712.0,,,,,,,,,no,none,no
2024-01-04 08:10:00,Hydraulics,landing,23587.0,9736,,,,,,,,,,2949.0,90.8,no,none,no
2024-01-04 08:20:00,Hydraulics,cruise,27673.6,11389,,,,,,,,,,2918.0,67.1,no,none,no
2024-01-04 08:30:00,Engine,landing,28514.3,11866,30.4,56.4,815.0,,,,,,,,,no,none,no
2024-01-04 08:40:00,Landing Gear,cruise,10505.4,4300,,,,,,199.9,19.8,,,,,no,none,no
2024-01-04 08:50:00,Hydraulics,ground,37113.6,14243,,,,,,,,,,2879.0,56.7,no,none,no
2024-01-04 09:00:00,Landing Gear,takeoff,1260.0,483,,,,,,197.7,39.9,,,,,no,none,no
2024-01-04 09:10:00,Hydraulics,cruise,17741.6,6416,,,,,,,,,,3011.0,68.0,no,none,no
2024-01-04 09:20:00,APU,ground,39010.6,17832,,,,702.8,2.64,,,,,,,no,none,no
2024-01-04 09:30:00,APU,ground,28194.6,11290,,,,721.8,3.53,,,,,,,no,none,no
2024-01-04 09:40:00,Engine,cruise,13058.1,5129,36.3,84.8,1234.0,,,,,,,,,no,none,no
2024-01-04 09:50:00,Engine,landing,34747.7,12866,2.0,66.4,867.0,,,,,,,,,yes,engine_overheat,yes
2024-01-04 10:00:00,Avionics,cruise,28369.5,14013,,,,,,,,26.53,49.2,,,no,none,no
2024-01-04 10:10:00,APU,takeoff,39812.2,14557,,,,821.4,2.44,,,,,,,no,none,no
2024-01-04 10:20:00,Landing Gear,cruise,36751.3,14196,,,,,,178.0,31.4,,,,,no,none,no
2024-01-04 10:30:00,Landing Gear,cruise,30505.4,12608,,,,,,196.3,16.9,,,,,no,none,no
2024-01-04 10:40:00,Landing Gear,cruise,24408.9,10232,,,,,,193.4,22.5,,,,,no,none,no
2024-01-04 10:50:00,Hydraulics,takeoff,6659.1,2868,,,,,,,,,,3166.0,76.6,no,none,no
2024-01-04 11:00:00,Hydraulics,ground,13066.7,5982,,,,,,,,,,3062.0,84.8,no,none,no
2024-01-04 11:10:00,APU,ground,20955.0,8721,,,,658.5,2.26,,,,,,,no,none,no
2024-01-04 11:20:00,Avionics,landing,29965.0,10973,,,,,,,,26.32,54.2,,,no,none,no
2024-01-04 11:30:00,Avionics,cruise,25685.4,10063,,,,,,,,25.73,59.8,,,no,none,no
2024-01-04 11:40:00,Landing Gear,cruise,14409.2,5906,,,,,,208.3,10.0,,,,,no,none,no
2024-01-04 11:50:00,Hydraulics,ground,323.2,151,,,,,,,,,,2884.0,76.1,no,none,no
2024-01-04 12:00:00,Engine,landing,24812.0,8815,14.7,53.2,747.0,,,,,,,,,no,none,no
2024-01-04 12:10:00,Engine,takeoff,14281.3,6262,36.0,97.7,1284.0,,,,,,,,,no,none,no
2024-01-04 12:20:00,Avionics,ground,36730.4,14904,,,,,,,,26.79,41.8,,,no,none,no
2024-01-04 12:30:00,APU,ground,1197.3,511,,,,662.8,4.64,,,,,,,no,none,no
2024-01-04 12:40:00,Avionics,ground,29241.4,11601,,,,,,,,29.15,53.3,,,no,none,no
2024-01-04 12:50:00,Hydraulics,landing,47073.7,17560,,,,,,,,,,3008.0,72.4,no,none,no
2024-01-04 13:00:00,Engine,landing,8720.5,3698,38.5,51.3,704.0,,,,,,,,,no,none,no
2024-01-04 13:10:00,Hydraulics,cruise,23582.5,9927,,,,,,,,,,3004.0,50.7,no,none,no
2024-01-04 13:20:00,APU,ground,4571.1,1971,,,,649.9,2.93,,,,,,,no,none,no
2024-01-04 13:30:00,APU,ground,31284.1,12500,,,,610.1,1.62,,,,,,,no,none,no
2024-01-04 13:40:00,Avionics,takeoff,27526.6,10482,,,,,,,,29.62,59.6,,,no,none,no
2024-01-04 13:50:00,Hydraulics,takeoff,20368.3,7131,,,,,,,,,,2990.0,63.6,no,none,no
2024-01-04 14:00:00,Engine,cruise,26068.9,11111,33.8,77.5,1142.0,,,,,,,,,no,none,no
2024-01-04 14:10:00,APU,ground,44828.7,18540,,,,571.5,1.92,,,,,,,no,none,no
2024-01-04 14:20:00,Landing Gear,ground,9814.7,3623,,,,,,186.7,133.0,,,,,no,none,no
2024-01-04 14:30:00,Avionics,takeoff,1128.2,432,,,,,,,,28.89,61.0,,,no,none,no
2024-01-04 14:40:00,Avionics,cruise,43083.2,16590,,,,,,,,28.24,58.8,,,no,none,no
2024-01-04 14:50:00,Engine,cruise,28855.9,10173,26.6,89.0,1185.0,,,,,,,,,no,none,no
2024-01-04 15:00:00,Engine,ground,44532.9,16648,3.0,26.5,348.0,,,,,,,,,no,none,no
2024-01-04 15:10:00,APU,ground,29847.3,10856,,,,638.3,2.29,,,,,,,no,none,no
2024-01-04 15:20:00,Avionics,ground,40508.1,15669,,,,,,,,28.12,35.4,,,no,none,no
2024-01-04 15:30:00,Engine,cruise,21483.7,8086,28.6,88.0,1181.0,,,,,,,,,no,none,no
2024-01-04 15:40:00,Engine,cruise,37493.0,13045,8.8,82.5,1285.0,,,,,,,,,no,none,no
2024-01-04 15:50:00,Hydraulics,cruise,45652.1,21216,,,,,,,,,,2902.0,59.2,no,none,no
2024-01-04 16:00:00,Engine,takeoff,28606.1,12589,17.0,104.1,1356.0,,,,,,,,,no,none,no
2024-01-04 16:10:00,Hydraulics,ground,9039.3,3390,,,,,,,,,,2937.0,70.7,no,none,no
2024-01-04 16:20:00,Landing Gear,ground,13439.9,5493,,,,,,201.6,134.6,,,,,no,none,no
2024-01-04 16:30:00,Avionics,ground,9932.2,4106,,,,,,,,26.8,49.8,,,no,none,no
2024-01-04 16:40:00,Engine,ground,12342.9,5408,40.2,24.0,297.0,,,,,,,,,no,none,no
2024-01-04 16:50:00,Engine,cruise,15320.8,5727,45.6,82.9,1194.0,,,,,,,,,no,none,no
2024-01-04 17:00:00,Avionics,landing,27756.7,12073,,,,,,,,28.24,56.6,,,no,none,no
2024-01-04 17:10:00,Avionics,ground,29399.6,11244,,,,,,,,27.8,46.2,,,no,none,no
2024-01-04 17:20:00,Landing Gear,ground,21325.0,7618,,,,,,210.3,88.3,,,,,no,none,no
2024-01-04 17:30:00,Engine,cruise,30771.0,13021,29.1,81.7,1125.0,,,,,,,,,no,none,no
2024-01-04 17:40:00,Avionics,cruise,4078.7,1800,,,,,,,,27.57,38.4,,,no,none,no
2024-01-04 17:50:00,Avionics,takeoff,4389.4,2119,,,,,,,,26.45,52.7,,,no,none,no
2024-01-04 18:00:00,Landing Gear,ground,8591.5,3107,,,,,,208.5,183.8,,,,,no,none,no
2024-01-04 18:10:00,Avionics,landing,25903.9,10941,,,,,,,,25.8,55.9,,,no,none,no
2024-01-04 18:20:00,Hydraulics,cruise,10699.7,4140,,,,,,,,,,3220.0,97.6,no,none,no
2024-01-04 18:30:00,Landing Gear,landing,14164.2,6021,,,,,,195.0,488.5,,,,,no,none,no
2024-01-04 18:40:00,Engine,landing,20015.6,7064,45.1,50.2,676.0,,,,,,,,,no,none,no
2024-01-04 18:50:00,Landing Gear,cruise,40593.3,14597,,,,,,178.7,30.7,,,,,no,none,no
2024-01-04 19:00:00,Engine,takeoff,693.1,260,52.7,96.6,1336.0,,,,,,,,,no,none,no
2024-01-04 19:10:00,APU,landing,32468.9,13070,,,,651.1,2.69,,,,,,,no,none,no
2024-01-04 19:20:00,APU,cruise,33443.8,12691,,,,628.5,2.73,,,,,,,no,none,no
2024-01-04 19:30:00,Engine,landing,39932.8,16815,7.4,59.3,823.0,,,,,,,,,no,none,no
2024-01-04 19:40:00,Engine,cruise,46637.6,20188,0.9,92.5,1257.0,,,,,,,,,yes,engine_overheat,yes
2024-01-04 19:50:00,Engine,ground,1006.9,422,46.2,24.8,329.0,,,,,,,,,no,none,no
2024-01-04 20:00:00,Hydraulics,cruise,7689.2,3474,,,,,,,,,,3005.0,107.7,no,none,no
2024-01-04 20:10:00,Hydraulics,cruise,44308.6,18313,,,,,,,,,,2959.0,46.4,no,none,no
2024-01-04 20:20:00,Engine,ground,22925.9,8278,22.9,28.6,381.0,,,,,,,,,no,none,no
2024-01-04 20:30:00,Hydraulics,cruise,28229.5,12523,,,,,,,,,,2839.0,63.0,no,none,no
2024-01-04 20:40:00,Landing Gear,takeoff,33151.4,12619,,,,,,190.0,21.1,,,,,no,none,no
2024-01-04 20:50:00,Engine,takeoff,33953.3,14571,31.6,95.9,1399.0,,,,,,,,,no,none,no
2024-01-04 21:00:00,Engine,landing,46587.0,20981,9.3,41.8,551.0,,,,,,,,,no,none,no
2024-01-04 21:10:00,Landing Gear,landing,49847.5,20667,,,,,,207.1,419.9,,,,,no,none,no
2024-01-04 21:20:00,Avionics,landing,36007.9,12679,,,,,,,,26.61,54.5,,,no,none,no
2024-01-04 21:30:00,Avionics,cruise,14361.1,5322,,,,,,,,28.29,58.4,,,no,none,no
2024-01-04 21:40:00,Engine,takeoff,43987.6,19457,-8.2,96.2,1460.0,,,,,,,,,no,none,no
2024-01-04 21:50:00,Engine,takeoff,2461.0,971,37.7,95.3,1288.0,,,,,,,,,no,none,no
2024-01-04 22:00:00,APU,cruise,11554.0,4651,,,,678.3,2.0,,,,,,,no,none,no
2024-01-04 22:10:00,Engine,cruise,44869.3,19037,1.4,80.4,1094.0,,,,,,,,,yes,engine_overheat,yes
2024-01-04 22:20:00,Engine,cruise,12809.6,5409,34.8,82.8,1166.0,,,,,,,,,no,none,no
2024-01-04 22:30:00,Engine,cruise,11032.6,4511,35.4,90.2,1213.0,,,,,,,,,no,none,no
2024-01-04 22:40:00,Avionics,ground,6906.3,2716,,,,,,,,29.83,45.3,,,no,none,no
2024-01-04 22:50:00,Hydraulics,cruise,42955.6,16752,,,,,,,,,,3049.0,62.4,no,none,no
2024-01-04 23:00:00,APU,cruise,25002.9,10688,,,,622.8,2.92,,,,,,,no,none,no
2024-01-04 23:10:00,Hydraulics,landing,33744.7,14096,,,,,,,,,,3182.0,19.5,no,none,no
2024-01-04 23:20:00,Engine,cruise,11953.3,4683,30.1,87.5,1277.0,,,,,,,,,no,none,no
2024-01-04 23:30:00,Landing Gear,landing,37902.0,16473,,,,,,207.2,370.9,,,,,no,none,no
2024-01-04 23:40:00,Engine,ground,38000.3,15043,10.0,27.9,377.0,,,,,,,,,no,none,no
2024-01-04 23:50:00,APU,ground,15629.9,5826,,,,568.2,3.14,,,,,,,no,none,no
2024-01-05 00:00:00,Hydraulics,takeoff,20534.1,7715,,,,,,,,,,3034.0,47.0,no,none,no
2024-01-05 00:10:00,APU,ground,10484.5,3865,,,,582.0,2.14,,,,,,,no,none,no
2024-01-05 00:20:00,Engine,cruise,48828.1,19106,0.2,82.7,1249.0,,,,,,,,,no,none,no
2024-01-05 00:30:00,Avionics,cruise,32280.1,14186,,,,,,,,26.21,53.8,,,no,none,no
2024-01-05 00:40:00,Engine,cruise,46727.2,17487,-3.5,85.5,1251.0,,,,,,,,,no,none,no
2024-01-05 00:50:00,Avionics,ground,15169.3,6159,,,,,,,,29.74,50.3,,,no,none,no
2024-01-05 01:00:00,Landing Gear,cruise,39094.5,14816,,,,,,205.8,29.3,,,,,no,none,no
2024-01-05 01:10:00,Landing Gear,cruise,38292.9,14998,,,,,,195.4,31.5,,,,,no,none,no
2024-01-05 01:20:00,Landing Gear,landing,34582.8,12162,,,,,,195.0,391.7,,,,,no,none,no
2024-01-05 01:30:00,Avionics,cruise,48281.9,18972,,,,,,,,26.78,47.5,,,no,none,no
2024-01-05 01:40:00,Engine,takeoff,19677.8,7749,29.8,97.8,1353.0,,,,,,,,,no,none,no
2024-01-05 01:50:00,Avionics,takeoff,6535.9,2727,,,,,,,,28.7,62.2,,,no,none,no
2024-01-05 02:00:00,Engine,takeoff,33585.4,13674,19.5,98.5,1364.0,,,,,,,,,no,none,no
2024-01-05 02:10:00,Avionics,takeoff,36465.5,13188,,,,,,,,28.58,56.2,,,no,none,no
2024-01-05 02:20:00,Hydraulics,takeoff,28753.0,12499,,,,,,,,,,2794.0,93.6,no,none,no
2024-01-05 02:30:00,Avionics,landing,10340.9,4206,,,,,,,,29.84,64.5,,,no,none,no
2024-01-05 02:40:00,Landing Gear,takeoff,25222.8,10249,,,,,,209.1,37.8,,,,,no,none,no
2024-01-05 02:50:00,Landing Gear,cruise,15609.5,6239,,,,,,196.2,44.6,,,,,no,none,no
2024-01-05 03:00:00,Engine,ground,21373.3,8195,29.7,29.1,369.0,,,,,,,,,no,none,no
2024-01-05 03:10:00,Avionics,cruise,32260.9,13129,,,,,,,,28.6,55.0,,,no,none,no
2024-01-05 03:20:00,Engine,landing,37260.7,15471,6.4,48.4,667.0,,,,,,,,,no,none,no
2024-01-05 03:30:00,Landing Gear,takeoff,11611.2,3995,,,,,,216.4,32.5,,,,,no,none,no
2024-01-05 03:40:00,Engine,takeoff,20266.3,7757,32.5,105.0,1566.0,,,,,,,,,no,none,no
2024-01-05 03:50:00,Engine,takeoff,13458.1,5273,39.3,99.5,1385.0,,,,,,,,,no,none,no
2024-01-05 04:00:00,Avionics,takeoff,9931.6,4054,,,,,,,,29.97,54.3,,,no,none,no
2024-01-05 04:10:00,Engine,cruise,39169.4,17163,19.6,90.4,1315.0,,,,,,,,,no,none,no
2024-01-05 04:20:00,Avionics,takeoff,45462.6,17062,,,,,,,,27.42,49.8,,,no,none,no
2024-01-05 04:30:00,Engine,takeoff,18511.6,7110,23.7,97.7,1366.0,,,,,,,,,no,none,no
2024-01-05 04:40:00,Engine,takeoff,37563.9,14409,14.3,95.7,1423.0,,,,,,,,,no,none,no
2024-01-05 04:50:00,Landing Gear,cruise,44849.8,16790,,,,,,173.0,27.5,,,,,no,none,no
2024-01-05 05:00:00,Engine,cruise,42306.2,16452,34.7,84.8,1191.0,,,,,,,,,no,none,no
2024-01-05 05:10:00,Engine,cruise,9140.7,3882,45.0,90.6,1274.0,,,,,,,,,no,none,no
2024-01-05 05:20:00,Avionics,cruise,47814.6,17513,,,,,,,,28.67,48.6,,,no,none,no
2024-01-05 05:30:00,Engine,landing,18833.8,7791,27.0,56.1,776.0,,,,,,,,,no,none,no
2024-01-05 05:40:00,Hydraulics,takeoff,16962.0,5861,,,,,,,,,,2969.0,71.1,no,none,no
2024-01-05 05:50:00,Engine,landing,3121.6,1193,47.1,51.3,716.0,,,,,,,,,no,none,no
2024-01-05 06:00:00,Engine,landing,24308.7,9467,26.6,52.5,722.0,,,,,,,,,no,none,no
2024-01-05 06:10:00,Avionics,takeoff,5450.7,2472,,,,,,,,30.74,64.2,,,no,none,no
2024-01-05 06:20:00,APU,ground,12427.0,4862,,,,649.3,2.31,,,,,,,no,none,no
2024-01-05 06:30:00,Engine,ground,15847.1,5223,44.9,19.4,248.0,,,,,,,,,no,none,no
2024-01-05 06:40:00,Engine,takeoff,40441.3,13590,20.6,92.2,1328.0,,,,,,,,,no,none,no
2024-01-05 06:50:00,Engine,cruise,43774.4,17557,8.2,90.4,1253.0,,,,,,,,,no,none,no
2024-01-05 07:00:00,Avionics,ground,15123.3,6346,,,,,,,,25.31,49.5,,,no,none,no
2024-01-05 07:10:00,Engine,landing,42934.9,17690,11.4,54.2,760.0,,,,,,,,,no,none,no
2024-01-05 07:20:00,Avionics,takeoff,42861.5,17374,,,,,,,,25.81,49.7,,,no,none,no
2024-01-05 07:30:00,Hydraulics,cruise,38232.5,16715,,,,,,,,,,3158.0,44.8,no,none,no
2024-01-05 07:40:00,Landing Gear,cruise,7334.8,2807,,,,,,217.2,12.6,,,,,no,none,no
2024-01-05 07:50:00,Hydraulics,cruise,34516.1,14795,,,,,,,,,,2942.0,86.7,no,none,no
2024-01-05 08:00:00,APU,landing,47251.2,16433,,,,623.9,1.84,,,,,,,no,none,no
2024-01-05 08:10:00,Hydraulics,cruise,34127.0,12663,,,,,,,,,,2993.0,47.8,no,none,no
2024-01-05 08:20:00,Engine,cruise,16580.8,5674,28.0,80.7,1113.0,,,,,,,,,no,none,no
2024-01-05 08:30:00,Landing Gear,landing,25029.0,9791,,,,,,189.6,524.3,,,,,yes,brake_overheat,yes
2024-01-05 08:40:00,Landing Gear,takeoff,32286.3,12867,,,,,,183.7,24.8,,,,,no,none,no
2024-01-05 08:50:00,APU,cruise,25528.5,10305,,,,587.7,2.56,,,,,,,no,none,no
2024-01-05 09:00:00,Landing Gear,landing,5997.6,2411,,,,,,208.2,432.1,,,,,no,none,no
2024-01-05 09:10:00,Landing Gear,ground,15603.2,5778,,,,,,206.2,153.3,,,,,no,none,no
2024-01-05 09:20:00,Engine,cruise,40119.8,15804,8.1,88.9,1305.0,,,,,,,,,no,none,no
2024-01-05 09:30:00,Engine,cruise,43070.9,15164,12.1,87.8,1159.0,,,,,,,,,no,none,no
2024-01-05 09:40:00,Avionics,takeoff,6865.0,3045,,,,,,,,29.96,48.3,,,no,none,no
2024-01-05 09:50:00,Avionics,cruise,47619.3,18585,,,,,,,,31.11,62.7,,,no,none,no
2024-01-05 10:00:00,Hydraulics,cruise,16441.1,6319,,,,,,,,,,2949.0,94.3,no,none,no
2024-01-05 10:10:00,Avionics,cruise,33115.7,14930,,,,,,,,26.65,55.9,,,no,none,no
2024-01-05 10:20:00,Hydraulics,cruise,37591.3,13542,,,,,,,,,,2803.0,64.5,no,none,no
2024-01-05 10:30:00,Avionics,cruise,40597.3,14777,,,,,,,,30.84,53.6,,,no,none,no
2024-01-05 10:40:00,Engine,takeoff,47287.5,17256,4.6,94.0,1292.0,,,,,,,,,no,none,no
2024-01-05 10:50:00,Engine,cruise,15646.0,6224,32.3,77.9,1104.0,,,,,,,,,no,none,no
2024-01-05 11:00:00,Avionics,cruise,42925.3,17763,,,,,,,,27.88,62.9,,,no,none,no
2024-01-05 11:10:00,Avionics,cruise,6584.3,2790,,,,,,,,25.49,63.5,,,no,none,no
2024-01-05 11:20:00,Engine,takeoff,35252.0,17002,14.7,97.8,1264.0,,,,,,,,,no,none,no
2024-01-05 11:30:00,APU,ground,37098.9,12169,,,,625.7,3.42,,,,,,,no,none,no
2024-01-05 11:40:00,Hydraulics,cruise,33886.2,14215,,,,,,,,,,2910.0,41.2,no,none,no
2024-01-05 11:50:00,Landing Gear,landing,12615.7,4821,,,,,,200.8,495.0,,,,,no,none,no
2024-01-05 12:00:00,Landing Gear,landing,43652.2,16642,,,,,,227.3,346.6,,,,,no,none,no
2024-01-05 12:10:00,Landing Gear,cruise,8442.9,3210,,,,,,176.5,21.9,,,,,no,none,no
2024-01-05 12:20:00,Engine,takeoff,2681.7,995,35.9,95.7,1279.0,,,,,,,,,no,none,no
2024-01-05 12:30:00,Engine,cruise,35873.2,16283,2.8,81.7,1099.0,,,,,,,,,no,none,no
2024-01-05 12:40:00,Engine,cruise,23773.8,10150,24.6,84.3,1148.0,,,,,,,,,no,none,no
2024-01-05 12:50:00,Engine,landing,42454.9,17013,6.3,55.0,768.0,,,,,,,,,no,none,no
2024-01-05 13:00:00,Avionics,cruise,19169.9,8497,,,,,,,,28.17,51.9,,,no,none,no
2024-01-05 13:10:00,Landing Gear,takeoff,8413.9,2958,,,,,,208.7,39.7,,,,,no,none,no
2024-01-05 13:20:00,Hydraulics,cruise,41822.1,14948,,,,,,,,,,2851.0,83.5,no,none,no
2024-01-05 13:30:00,Hydraulics,cruise,27445.5,9065,,,,,,,,,,3086.0,55.7,no,none,no
2024-01-05 13:40:00,Engine,landing,9459.8,3572,29.5,59.8,824.0,,,,,,,,,no,none,no
2024-01-05 13:50:00,Avionics,cruise,36019.2,14594,,,,,,,,29.75,60.5,,,no,none,no
2024-01-05 14:00:00,Landing Gear,cruise,25555.7,10306,,,,,,198.8,25.7,,,,,no,none,no
2024-01-05 14:10:00,Avionics,ground,30215.6,12231,,,,,,,,27.97,44.2,,,no,none,no
2024-01-05 14:20:00,Engine,landing,23044.9,8177,20.3,54.5,755.0,,,,,,,,,no,none,no
2024-01-05 14:30:00,Avionics,cruise,41435.4,17639,,,,,,,,27.99,63.2,,,no,none,no
2024-01-05 14:40:00,Avionics,takeoff,41478.1,16909,,,,,,,,28.73,53.0,,,no,none,no
2024-01-05 14:50:00,Engine,takeoff,35469.4,15020,8.1,96.5,1333.0,,,,,,,,,no,none,no
2024-01-05 15:00:00,Engine,cruise,5270.1,1789,44.4,87.4,1201.0,,,,,,,,,no,none,no
2024-01-05 15:10:00,Avionics,takeoff,41942.7,17195,,,,,,,,28.53,52.3,,,no,none,no
2024-01-05 15:20:00,Avionics,takeoff,33550.6,12145,,,,,,,,27.61,46.1,,,no,none,no
2024-01-05 15:30:00,Engine,cruise,34851.2,13497,9.4,87.3,1206.0,,,,,,,,,no,none,no
2024-01-05 15:40:00,Avionics,takeoff,18149.1,7570,,,,,,,,29.26,58.8,,,no,none,no
2024-01-05 15:50:00,APU,ground,43964.0,17714,,,,611.4,3.98,,,,,,,no,none,no
2024-01-05 16:00:00,Avionics,takeoff,36268.6,13519,,,,,,,,26.95,51.4,,,no,none,no
2024-01-05 16:10:00,Engine,cruise,5629.5,2253,48.9,92.5,1395.0,,,,,,,,,no,none,no
2024-01-05 16:20:00,Hydraulics,cruise,20388.9,7156,,,,,,,,,,2884.0,84.3,no,none,no
2024-01-05 16:30:00,Engine,ground,44319.0,19359,17.8,26.5,338.0,,,,,,,,,no,none,no
2024-01-05 16:40:00,Engine,takeoff,2359.8,928,45.1,89.4,1237.0,,,,,,,,,no,none,no
2024-01-05 16:50:00,Engine,cruise,48070.8,20949,14.2,89.3,1323.0,,,,,,,,,no,none,no
2024-01-05 17:00:00,Engine,ground,33958.1,13011,10.9,28.2,368.0,,,,,,,,,no,none,no
2024-01-05 17:10:00,APU,ground,31568.8,12099,,,,670.9,3.11,,,,,,,no,none,no
2024-01-05 17:20:00,Engine,ground,13528.0,5080,39.7,23.7,310.0,,,,,,,,,no,none,no
2024-01-05 17:30:00,Hydraulics,cruise,12439.6,5325,,,,,,,,,,2906.0,94.7,no,none,no
2024-01-05 17:40:00,Engine,takeoff,47102.9,17772,3.2,104.7,1406.0,,,,,,,,,yes,engine_overheat,yes
2024-01-05 17:50:00,APU,landing,14913.6,6273,,,,698.8,3.47,,,,,,,no,none,no
2024-01-05 18:00:00,APU,ground,38775.3,15036,,,,548.1,1.83,,,,,,,no,none,no
2024-01-05 18:10:00,Engine,cruise,19656.1,6620,26.3,81.8,1163.0,,,,,,,,,no,none,no
2024-01-05 18:20:00,Engine,cruise,6962.7,2658,40.6,85.7,1208.0,,,,,,,,,no,none,no
2024-01-05 18:30:00,Landing Gear,cruise,535.8,194,,,,,,200.7,24.8,,,,,no,none,no
2024-01-05 18:40:00,Landing Gear,landing,27212.9,10915,,,,,,200.9,461.8,,,,,no,none,no
2024-01-05 18:50:00,APU,takeoff,48788.9,17657,,,,663.0,2.25,,,,,,,no,none,no
2024-01-05 19:00:00,Landing Gear,cruise,18456.8,7930,,,,,,195.7,37.2,,,,,no,none,no
2024-01-05 19:10:00,Landing Gear,cruise,17859.6,7092,,,,,,198.3,26.9,,,,,no,none,no
2024-01-05 19:20:00,Engine,cruise,17204.6,6784,23.6,78.3,1134.0,,,,,,,,,no,none,no
2024-01-05 19:30:00,Landing Gear,cruise,26027.2,10957,,,,,,179.0,15.9,,,,,no,none,no
2024-01-05 19:40:00,Hydraulics,takeoff,22033.2,9493,,,,,,,,,,3083.0,76.0,no,none,no
2024-01-05 19:50:00,Landing Gear,landing,43995.7,17570,,,,,,213.6,437.3,,,,,no,none,no
2024-01-05 20:00:00,Avionics,cruise,25276.0,9487,,,,,,,,27.64,44.0,,,no,none,no
2024-01-05 20:10:00,Engine,cruise,25387.9,8714,29.1,79.0,1195.0,,,,,,,,,no,none,no
2024-01-05 20:20:00,Avionics,takeoff,6918.6,2616,,,,,,,,27.14,64.5,,,no,none,no
2024-01-05 20:30:00,Avionics,cruise,49137.0,18684,,,,,,,,27.26,53.1,,,no,none,no
2024-01-05 20:40:00,Landing Gear,cruise,12498.6,5042,,,,,,216.7,36.4,,,,,no,none,no
2024-01-05 20:50:00,Hydraulics,takeoff,3668.2,1427,,,,,,,,,,2914.0,58.4,no,none,no
2024-01-05 21:00:00,Engine,cruise,33157.3,13993,3.4,83.2,1238.0,,,,,,,,,yes,engine_overheat,yes
2024-01-05 21:10:00,Engine,takeoff,29768.3,11323,10.6,97.3,1293.0,,,,,,,,,no,none,no
2024-01-05 21:20:00,Avionics,takeoff,20757.3,8265,,,,,,,,25.65,65.2,,,no,none,no
2024-01-05 21:30:00,Avionics,ground,21109.6,9244,,,,,,,,28.45,56.3,,,no,none,no
2024-01-05 21:40:00,Engine,cruise,39253.2,16131,13.7,78.8,1139.0,,,,,,,,,no,none,no
2024-01-05 21:50:00,Engine,ground,9785.6,3895,40.4,27.2,353.0,,,,,,,,,no,none,no
2024-01-05 22:00:00,Engine,cruise,41012.7,15615,8.8,91.8,1201.0,,,,,,,,,no,none,no
2024-01-05 22:10:00,Engine,landing,32437.4,12318,11.9,65.2,896.0,,,,,,,,,no,none,no
2024-01-05 22:20:00,Avionics,landing,20948.5,7809,,,,,,,,27.43,41.1,,,no,none,no
2024-01-05 22:30:00,Landing Gear,cruise,22901.4,8764,,,,,,175.9,34.4,,,,,no,none,no
2024-01-05 22:40:00,Engine,cruise,12832.4,5443,26.1,78.5,1161.0,,,,,,,,,no,none,no
2024-01-05 22:50:00,Engine,cruise,37605.7,14775,17.1,90.9,1189.0,,,,,,,,,no,none,no
2024-01-05 23:00:00,Engine,cruise,25643.7,9150,21.2,88.3,1201.0,,,,,,,,,no,none,no
2024-01-05 23:10:00,Engine,ground,16042.7,7325,40.6,22.6,281.0,,,,,,,,,no,none,no
2024-01-05 23:20:00,APU,ground,29802.5,12226,,,,657.2,3.25,,,,,,,no,none,no
2024-01-05 23:30:00,Hydraulics,ground,49786.7,17673,,,,,,,,,,2968.0,64.4,no,none,no
2024-01-05 23:40:00,Hydraulics,takeoff,21763.1,8398,,,,,,,,,,2879.0,70.9,no,none,no
2024-01-05 23:50:00,Engine,landing,46034.6,18577,-2.9,55.5,778.0,,,,,,,,,yes,engine_overheat,yes
2024-01-06 00:00:00,Avionics,ground,17250.8,7841,,,,,,,,26.34,57.9,,,no,none,no
2024-01-06 00:10:00,Avionics,takeoff,2736.6,998,,,,,,,,26.07,56.8,,,no,none,no
2024-01-06 00:20:00,Avionics,takeoff,10212.1,4404,,,,,,,,25.53,39.3,,,no,none,no
2024-01-06 00:30:00,Landing Gear,landing,20934.8,9311,,,,,,212.6,559.6,,,,,yes,brake_overheat,yes
2024-01-06 00:40:00,APU,cruise,10981.7,4172,,,,607.0,2.46,,,,,,,no,none,no
2024-01-06 00:50:00,APU,ground,11.4,4,,,,651.4,2.37,,,,,,,no,none,no
2024-01-06 01:00:00,Engine,takeoff,45750.1,16783,-1.7,93.2,1366.0,,,,,,,,,yes,engine_overheat,yes
2024-01-06 01:10:00,Engine,landing,42194.0,16603,4.8,48.3,656.0,,,,,,,,,yes,engine_overheat,yes
2024-01-06 01:20:00,Engine,cruise,37114.6,14802,17.6,82.5,1173.0,,,,,,,,,no,none,no
2024-01-06 01:30:00,Landing Gear,takeoff,8390.7,3533,,,,,,192.5,26.3,,,,,no,none,no
2024-01-06 01:40:00,Avionics,takeoff,6018.2,2617,,,,,,,,27.93,70.9,,,no,none,no
2024-01-06 01:50:00,APU,ground,3380.2,1271,,,,594.6,2.97,,,,,,,no,none,no
2024-01-06 02:00:00,Engine,landing,36201.5,12202,40.1,62.4,883.0,,,,,,,,,no,none,no
2024-01-06 02:10:00,Hydraulics,cruise,46440.4,18545,,,,,,,,,,2905.0,115.0,no,none,no
2024-01-06 02:20:00,Hydraulics,cruise,21526.8,8813,,,,,,,,,,3113.0,55.4,no,none,no
2024-01-06 02:30:00,Landing Gear,ground,5957.0,2430,,,,,,196.7,117.1,,,,,no,none,no
2024-01-06 02:40:00,Hydraulics,cruise,25619.6,9980,,,,,,,,,,3035.0,106.1,no,none,no
2024-01-06 02:50:00,APU,ground,17441.6,7046,,,,672.6,1.8,,,,,,,no,none,no
2024-01-06 03:00:00,Hydraulics,cruise,18741.2,8405,,,,,,,,,,2995.0,76.8,no,none,no
2024-01-06 03:10:00,Engine,cruise,31066.5,12806,17.9,83.8,1250.0,,,,,,,,,no,none,no
2024-01-06 03:20:00,Engine,cruise,35935.9,13945,4.8,80.0,1036.0,,,,,,,,,yes,engine_overheat,yes
2024-01-06 03:30:00,Engine,cruise,5530.2,2124,43.2,90.9,1253.0,,,,,,,,,no,none,no
2024-01-06 03:40:00,Engine,landing,1779.5,702,44.5,54.6,687.0,,,,,,,,,no,none,no
2024-01-06 03:50:00,Engine,cruise,49716.5,22491,11.7,91.4,1287.0,,,,,,,,,no,none,no
2024-01-06 04:00:00,Avionics,cruise,11636.4,4586,,,,,,,,26.77,52.5,,,no,none,no
2024-01-06 04:10:00,Landing Gear,ground,2691.5,1075,,,,,,204.1,112.9,,,,,no,none,no
2024-01-06 04:20:00,Landing Gear,cruise,9493.8,3651,,,,,,202.2,21.0,,,,,no,none,no
2024-01-06 04:30:00,Engine,cruise,1947.9,848,38.2,84.5,1235.0,,,,,,,,,no,none,no
2024-01-06 04:40:00,Avionics,ground,19590.5,9065,,,,,,,,27.21,55.6,,,no,none,no
2024-01-06 04:50:00,Landing Gear,landing,40120.1,16627,,,,,,185.6,392.0,,,,,no,none,no
2024-01-06 05:00:00,APU,takeoff,17062.2,6870,,,,722.0,1.38,,,,,,,no,none,no
2024-01-06 05:10:00,Landing Gear,ground,22209.2,8910,,,,,,194.9,118.9,,,,,no,none,no
2024-01-06 05:20:00,Engine,landing,33779.3,10934,11.5,52.6,680.0,,,,,,,,,no,none,no
2024-01-06 05:30:00,Engine,cruise,25444.7,10785,24.4,82.7,1220.0,,,,,,,,,no,none,no
2024-01-06 05:40:00,Hydraulics,takeoff,43072.3,17414,,,,,,,,,,3056.0,66.5,no,none,no
2024-01-06 05:50:00,Engine,landing,43301.8,17914,-2.1,55.5,802.0,,,,,,,,,yes,engine_overheat,yes
2024-01-06 06:00:00,Landing Gear,landing,495.5,187,,,,,,193.5,322.9,,,,,no,none,no
2024-01-06 06:10:00,Hydraulics,cruise,38902.3,15082,,,,,,,,,,2998.0,94.1,no,none,no
2024-01-06 06:20:00,Landing Gear,ground,23036.7,8912,,,,,,184.3,145.2,,,,,no,none,no
2024-01-06 06:30:00,Engine,landing,49442.0,21393,2.0,50.4,690.0,,,,,,,,,no,none,no
2024-01-06 06:40:00,Engine,takeoff,24161.6,9372,27.7,93.9,1298.0,,,,,,,,,no,none,no
2024-01-06 06:50:00,Engine,cruise,49344.8,23027,11.0,84.5,1204.0,,,,,,,,,no,none,no
2024-01-06 07:00:00,Avionics,cruise,37728.5,15612,,,,,,,,28.84,63.4,,,no,none,no
2024-01-06 07:10:00,Landing Gear,landing,12430.2,4465,,,,,,205.8,513.1,,,,,no,none,no
2024-01-06 07:20:00,Engine,takeoff,26919.7,10657,19.3,94.1,1391.0,,,,,,,,,no,none,no
2024-01-06 07:30:00,Hydraulics,cruise,49606.8,18808,,,,,,,,,,2807.0,78.5,no,none,no
2024-01-06 07:40:00,Landing Gear,landing,42876.5,14140,,,,,,198.0,464.5,,,,,no,none,no
2024-01-06 07:50:00,Engine,ground,4868.3,2197,41.7,24.1,331.0,,,,,,,,,no,none,no
2024-01-06 08:00:00,Landing Gear,cruise,35318.6,14922,,,,,,205.3,39.5,,,,,no,none,no
2024-01-06 08:10:00,Landing Gear,ground,17279.0,7206,,,,,,207.1,179.4,,,,,no,none,no
2024-01-06 08:20:00,Engine,takeoff,349.1,141,54.4,100.0,1420.0,,,,,,,,,no,none,no
2024-01-06 08:30:00,Engine,ground,20174.0,7177,39.9,24.8,306.0,,,,,,,,,no,none,no
2024-01-06 08:40:00,Hydraulics,takeoff,11737.7,4513,,,,,,,,,,2979.0,96.9,no,none,no
2024-01-06 08:50:00,Landing Gear,cruise,40943.5,17480,,,,,,204.7,21.8,,,,,no,none,no
2024-01-06 09:00:00,Landing Gear,landing,16866.5,6179,,,,,,204.3,498.5,,,,,no,none,no
2024-01-06 09:10:00,Landing Gear,takeoff,41376.2,13198,,,,,,187.8,35.1,,,,,no,none,no
2024-01-06 09:20:00,Engine,cruise,29.9,12,59.5,82.8,1142.0,,,,,,,,,no,none,no
2024-01-06 09:30:00,Engine,landing,15391.0,6087,43.1,52.5,746.0,,,,,,,,,no,none,no
2024-01-06 09:40:00,Landing Gear,landing,12058.3,4876,,,,,,205.6,538.8,,,,,no,none,no
2024-01-06 09:50:00,Engine,landing,11678.4,4944,39.1,64.3,856.0,,,,,,,,,no,none,no
2024-01-06 10:00:00,Engine,landing,3409.3,1433,41.2,55.8,799.0,,,,,,,,,no,none,no
2024-01-06 10:10:00,Hydraulics,cruise,9356.2,3820,,,,,,,,,,3127.0,57.1,no,none,no
2024-01-06 10:20:00,Hydraulics,cruise,27777.5,12174,,,,,,,,,,2970.0,67.7,no,none,no
2024-01-06 10:30:00,Avionics,cruise,14568.1,5119,,,,,,,,24.4,51.5,,,no,none,no
2024-01-06 10:40:00,Hydraulics,takeoff,20869.7,8685,,,,,,,,,,3112.0,74.6,no,none,no
2024-01-06 10:50:00,Engine,ground,18843.3,7915,37.4,23.4,314.0,,,,,,,,,no,none,no
2024-01-06 11:00:00,Hydraulics,cruise,43795.2,15781,,,,,,,,,,3192.0,75.3,no,none,no
2024-01-06 11:10:00,Engine,cruise,45264.9,15929,2.5,87.3,1206.0,,,,,,,,,yes,engine_overheat,yes
2024-01-06 11:20:00,Hydraulics,cruise,24647.8,9271,,,,,,,,,,3219.0,68.3,no,none,no
2024-01-06 11:30:00,Hydraulics,ground,16507.8,6254,,,,,,,,,,3030.0,79.5,no,none,no
2024-01-06 11:40:00,Avionics,takeoff,5340.0,2265,,,,,,,,28.23,62.6,,,no,none,no
2024-01-06 11:50:00,Hydraulics,cruise,47670.1,18131,,,,,,,,,,2923.0,79.8,no,none,no
2024-01-06 12:00:00,Landing Gear,cruise,3011.3,1122,,,,,,178.9,43.0,,,,,no,none,no
2024-01-06 12:10:00,Engine,landing,14882.5,5662,37.8,51.4,682.0,,,,,,,,,no,none,no
2024-01-06 12:20:00,Landing Gear,takeoff,14903.3,6495,,,,,,196.6,44.5,,,,,no,none,no
2024-01-06 12:30:00,APU,ground,16020.1,6415,,,,681.3,2.08,,,,,,,no,none,no
2024-01-06 12:40:00,Engine,ground,8214.3,3239,46.6,18.8,234.0,,,,,,,,,no,none,no
2024-01-06 12:50:00,Avionics,cruise,39158.1,15525,,,,,,,,28.19,40.1,,,no,none,no
2024-01-06 13:00:00,Hydraulics,landing,6124.9,2703,,,,,,,,,,3013.0,82.8,no,none,no
2024-01-06 13:10:00,Engine,ground,31745.3,11937,21.4,26.5,361.0,,,,,,,,,no,none,no
2024-01-06 13:20:00,Avionics,landing,6192.3,2738,,,,,,,,30.64,63.7,,,no,none,no
2024-01-06 13:30:00,Hydraulics,takeoff,3526.8,1434,,,,,,,,,,2996.0,59.0,no,none,no
2024-01-06 13:40:00,Hydraulics,cruise,45471.5,17955,,,,,,,,,,3063.0,89.3,no,none,no
2024-01-06 13:50:00,Hydraulics,landing,9506.4,4563,,,,,,,,,,3057.0,56.1,no,none,no
2024-01-06 14:00:00,Landing Gear,cruise,41062.5,15038,,,,,,200.1,39.6,,,,,no,none,no
2024-01-06 14:10:00,Hydraulics,landing,27231.5,10584,,,,,,,,,,2870.0,72.5,no,none,no
2024-01-06 14:20:00,Landing Gear,ground,3892.8,1404,,,,,,209.0,83.6,,,,,no,none,no
2024-01-06 14:30:00,Engine,ground,47772.4,20565,13.2,22.3,280.0,,,,,,,,,no,none,no
2024-01-06 14:40:00,Landing Gear,cruise,12348.1,5607,,,,,,206.5,37.0,,,,,no,none,no
2024-01-06 14:50:00,Avionics,takeoff,42982.3,19490,,,,,,,,29.95,70.9,,,no,none,no
2024-01-06 15:00:00,Engine,ground,8440.5,3707,43.8,27.9,376.0,,,,,,,,,no,none,no
2024-01-06 15:10:00,APU,ground,42697.1,16809,,,,705.6,1.87,,,,,,,no,none,no
2024-01-06 15:20:00,Avionics,takeoff,661.4,257,,,,,,,,29.11,35.1,,,no,none,no
2024-01-06 15:30:00,Engine,ground,25589.0,8867,34.8,26.1,337.0,,,,,,,,,no,none,no
2024-01-06 15:40:00,APU,ground,38472.1,17895,,,,595.8,2.39,,,,,,,no,none,no
2024-01-06 15:50:00,Avionics,cruise,46739.8,19397,,,,,,,,26.89,65.1,,,no,none,no
2024-01-06 16:00:00,Landing Gear,cruise,45460.1,17468,,,,,,210.6,33.4,,,,,no,none,no
2024-01-06 16:10:00,Engine,cruise,40981.2,18134,1.4,91.5,1181.0,,,,,,,,,no,none,no
2024-01-06 16:20:00,Engine,takeoff,44409.6,16381,15.6,97.0,1387.0,,,,,,,,,no,none,no
2024-01-06 16:30:00,Engine,cruise,9961.0,4114,39.3,93.4,1318.0,,,,,,,,,no,none,no
2024-01-06 16:40:00,Hydraulics,ground,14209.2,5605,,,,,,,,,,2841.0,60.3,no,none,no
2024-01-06 16:50:00,Engine,takeoff,14448.4,6075,44.6,91.9,1282.0,,,,,,,,,no,none,no
2024-01-06 17:00:00,Avionics,cruise,18852.7,7503,,,,,,,,27.49,77.1,,,no,none,no
2024-01-06 17:10:00,Engine,cruise,19666.0,6953,34.4,86.5,1311.0,,,,,,,,,no,none,no
2024-01-06 17:20:00,Engine,cruise,27227.8,10957,26.2,90.4,1196.0,,,,,,,,,no,none,no
2024-01-06 17:30:00,Avionics,ground,7994.0,3466,,,,,,,,27.0,57.7,,,no,none,no
2024-01-06 17:40:00,Avionics,cruise,34562.3,13793,,,,,,,,27.67,56.0,,,no,none,no
2024-01-06 17:50:00,Engine,cruise,8378.3,3559,32.7,84.9,1175.0,,,,,,,,,no,none,no
2024-01-06 18:00:00,APU,landing,15515.4,5687,,,,652.5,0.2,,,,,,,no,none,no
2024-01-06 18:10:00,Engine,cruise,25167.3,10046,15.7,80.7,1094.0,,,,,,,,,no,none,no
2024-01-06 18:20:00,Landing Gear,cruise,39822.0,15133,,,,,,192.5,28.2,,,,,no,none,no
2024-01-06 18:30:00,Avionics,cruise,36973.5,15673,,,,,,,,28.56,46.7,,,no,none,no
2024-01-06 18:40:00,Engine,takeoff,32276.7,12943,26.3,97.5,1399.0,,,,,,,,,no,none,no
2024-01-06 18:50:00,Engine,takeoff,7788.7,3287,42.2,89.9,1269.0,,,,,,,,,no,none,no
2024-01-06 19:00:00,APU,cruise,27352.3,11893,,,,680.0,1.82,,,,,,,no,none,no
2024-01-06 19:10:00,Hydraulics,cruise,4372.3,1846,,,,,,,,,,3060.0,64.6,no,none,no
2024-01-06 19:20:00,Hydraulics,ground,18868.2,7712,,,,,,,,,,3084.0,84.4,no,none,no
2024-01-06 19:30:00,Engine,cruise,20675.8,7610,23.9,83.0,1146.0,,,,,,,,,no,none,no
2024-01-06 19:40:00,Avionics,cruise,1990.6,796,,,,,,,,27.69,60.1,,,no,none,no
2024-01-06 19:50:00,APU,landing,13699.4,5246,,,,595.6,3.94,,,,,,,no,none,no
2024-01-06 20:00:00,APU,takeoff,47782.5,18587,,,,654.0,2.77,,,,,,,no,none,no
2024-01-06 20:10:00,Avionics,landing,47681.6,18501,,,,,,,,25.57,75.5,,,no,none,no
2024-01-06 20:20:00,Hydraulics,takeoff,17616.4,6494,,,,,,,,,,3011.0,65.8,no,none,no
2024-01-06 20:30:00,Hydraulics,ground,2155.0,727,,,,,,,,,,3080.0,93.4,no,none,no
2024-01-06 20:40:00,Landing Gear,takeoff,8954.7,3390,,,,,,193.3,20.7,,,,,no,none,no
2024-01-06 20:50:00,Engine,cruise,19610.9,7966,34.1,85.3,1233.0,,,,,,,,,no,none,no
2024-01-06 21:00:00,Avionics,takeoff,47389.0,16911,,,,,,,,29.64,50.5,,,no,none,no
2024-01-06 21:10:00,Engine,ground,7060.0,2828,37.2,19.1,233.0,,,,,,,,,no,none,no
2024-01-06 21:20:00,Landing Gear,cruise,38175.8,17592,,,,,,206.4,19.3,,,,,no,none,no
2024-01-06 21:30:00,Engine,cruise,5434.1,2352,48.3,88.5,1173.0,,,,,,,,,no,none,no
2024-01-06 21:40:00,Avionics,takeoff,49062.9,22206,,,,,,,,26.31,56.3,,,no,none,no
2024-01-06 21:50:00,Engine,landing,19080.8,7871,34.6,59.9,837.0,,,,,,,,,no,none,no
2024-01-06 22:00:00,Engine,cruise,38761.7,16953,15.7,87.5,1285.0,,,,,,,,,no,none,no
2024-01-06 22:10:00,Hydraulics,ground,17129.6,6455,,,,,,,,,,3079.0,77.2,no,none,no
2024-01-06 22:20:00,Engine,cruise,31383.4,11906,13.8,80.9,1152.0,,,,,,,,,no,none,no
2024-01-06 22:30:00,Landing Gear,takeoff,9600.8,2999,,,,,,200.2,29.2,,,,,no,none,no
2024-01-06 22:40:00,Engine,takeoff,7301.1,3198,40.2,98.4,1272.0,,,,,,,,,no,none,no
2024-01-06 22:50:00,Engine,cruise,46903.2,21073,-4.6,85.3,1235.0,,,,,,,,,no,none,no
2024-01-06 23:00:00,Engine,cruise,45882.4,17541,8.6,81.2,1178.0,,,,,,,,,no,none,no
2024-01-06 23:10:00,Engine,takeoff,44373.4,17389,-3.7,98.1,1365.0,,,,,,,,,no,none,no
2024-01-06 23:20:00,Hydraulics,landing,31271.7,11754,,,,,,,,,,3014.0,66.8,no,none,no
2024-01-06 23:30:00,Engine,cruise,40413.4,16660,20.0,84.4,1237.0,,,,,,,,,no,none,no
2024-01-06 23:40:00,Hydraulics,cruise,3451.8,1505,,,,,,,,,,3003.0,49.9,no,none,no
2024-01-06 23:50:00,Landing Gear,cruise,16739.5,5762,,,,,,180.8,21.1,,,,,no,none,no
2024-01-07 00:00:00,Landing Gear,cruise,15685.2,6480,,,,,,190.8,30.9,,,,,no,none,no
2024-01-07 00:10:00,Landing Gear,cruise,31782.3,12432,,,,,,188.0,21.9,,,,,no,none,no
2024-01-07 00:20:00,Landing Gear,takeoff,17797.9,7184,,,,,,184.4,24.0,,,,,no,none,no
2024-01-07 00:30:00,Avionics,takeoff,7425.3,3079,,,,,,,,27.96,61.8,,,no,none,no
2024-01-07 00:40:00,Engine,ground,29823.4,11750,5.3,23.6,276.0,,,,,,,,,no,none,no
2024-01-07 00:50:00,APU,ground,40719.2,16153,,,,652.8,1.88,,,,,,,no,none,no
2024-01-07 01:00:00,Hydraulics,cruise,19106.2,7512,,,,,,,,,,3039.0,39.9,no,none,no
2024-01-07 01:10:00,Hydraulics,cruise,6613.4,2851,,,,,,,,,,2974.0,79.2,no,none,no
2024-01-07 01:20:00,Hydraulics,landing,9834.4,4066,,,,,,,,,,2852.0,64.4,no,none,no
2024-01-07 01:30:00,Landing Gear,cruise,11874.2,4833,,,,,,196.0,36.9,,,,,no,none,no
2024-01-07 01:40:00,Avionics,takeoff,14994.9,5388,,,,,,,,29.8,47.6,,,no,none,no
2024-01-07 01:50:00,Landing Gear,takeoff,32139.8,12467,,,,,,196.0,14.0,,,,,no,none,no
2024-01-07 02:00:00,Landing Gear,landing,30047.3,12883,,,,,,185.4,371.8,,,,,no,none,no
2024-01-07 02:10:00,Engine,landing,34804.0,13964,9.2,53.8,754.0,,,,,,,,,no,none,no
2024-01-07 02:20:00,Landing Gear,takeoff,18125.1,7633,,,,,,186.0,10.7,,,,,no,none,no
2024-01-07 02:30:00,Engine,cruise,41199.9,18809,29.6,70.0,1000.0,,,,,,,,,no,none,no
2024-01-07 02:40:00,Engine,cruise,10204.4,4421,43.6,82.5,1133.0,,,,,,,,,no,none,no
2024-01-07 02:50:00,Hydraulics,landing,23452.0,9451,,,,,,,,,,2942.0,59.0,no,none,no
2024-01-07 03:00:00,Engine,takeoff,40046.9,15364,7.0,101.8,1410.0,,,,,,,,,no,none,no
2024-01-07 03:10:00,Engine,takeoff,9007.9,2867,41.2,92.4,1321.0,,,,,,,,,no,none,no
2024-01-07 03:20:00,Engine,landing,5493.2,2168,41.7,55.5,796.0,,,,,,,,,no,none,no
2024-01-07 03:30:00,Hydraulics,takeoff,44184.2,17213,,,,,,,,,,3024.0,42.6,no,none,no
2024-01-07 03:40:00,Landing Gear,landing,17146.5,7073,,,,,,206.5,355.8,,,,,no,none,no
2024-01-07 03:50:00,APU,cruise,34193.5,13509,,,,609.0,2.21,,,,,,,no,none,no
2024-01-07 04:00:00,Hydraulics,takeoff,1267.4,494,,,,,,,,,,3216.0,79.4,no,none,no
2024-01-07 04:10:00,Hydraulics,cruise,34502.3,11836,,,,,,,,,,2936.0,42.9,no,none,no
2024-01-07 04:20:00,Engine,landing,15805.1,5847,32.9,51.3,709.0,,,,,,,,,no,none,no
2024-01-07 04:30:00,Landing Gear,ground,2787.0,1157,,,,,,220.2,154.0,,,,,no,none,no
2024-01-07 04:40:00,Landing Gear,ground,30490.6,13870,,,,,,181.3,175.6,,,,,no,none,no
2024-01-07 04:50:00,Avionics,cruise,12040.2,4779,,,,,,,,26.48,64.1,,,no,none,no
2024-01-07 05:00:00,Engine,landing,19340.4,7939,24.7,58.8,819.0,,,,,,,,,no,none,no
2024-01-07 05:10:00,Hydraulics,cruise,4029.0,1734,,,,,,,,,,3035.0,83.4,no,none,no
2024-01-07 05:20:00,Landing Gear,cruise,7358.2,2752,,,,,,205.6,28.7,,,,,no,none,no
2024-01-07 05:30:00,Engine,ground,14898.9,6134,49.6,26.1,367.0,,,,,,,,,no,none,no
2024-01-07 05:40:00,Landing Gear,takeoff,4488.0,1689,,,,,,189.0,35.6,,,,,no,none,no
2024-01-07 05:50:00,Engine,takeoff,45541.3,19477,1.8,92.2,1292.0,,,,,,,,,no,none,no
2024-01-07 06:00:00,Engine,cruise,302.4,122,69.1,89.9,1248.0,,,,,,,,,no,none,no
2024-01-07 06:10:00,Avionics,takeoff,24193.0,9908,,,,,,,,28.18,44.7,,,no,none,no
2024-01-07 06:20:00,Engine,takeoff,6162.4,2311,51.7,104.2,1467.0,,,,,,,,,no,none,no
2024-01-07 06:30:00,Landing Gear,cruise,15384.0,6502,,,,,,200.0,20.7,,,,,no,none,no
2024-01-07 06:40:00,Landing Gear,cruise,46303.0,21610,,,,,,196.2,20.3,,,,,no,none,no
2024-01-07 06:50:00,Engine,ground,8084.7,2973,39.9,23.3,316.0,,,,,,,,,no,none,no
2024-01-07 07:00:00,Hydraulics,ground,48291.6,18792,,,,,,,,,,3085.0,83.8,no,none,no
2024-01-07 07:10:00,Engine,cruise,10289.7,4192,44.6,78.4,1086.0,,,,,,,,,no,none,no
2024-01-07 07:20:00,Engine,cruise,37078.3,15764,15.9,76.6,998.0,,,,,,,,,no,none,no
2024-01-07 07:30:00,Engine,cruise,27333.9,10444,22.4,85.5,1218.0,,,,,,,,,no,none,no
2024-01-07 07:40:00,Engine,cruise,44223.9,13680,17.9,82.9,1174.0,,,,,,,,,no,none,no
2024-01-07 07:50:00,Engine,cruise,27699.7,12285,-1.4,85.2,1198.0,,,,,,,,,no,none,no
2024-01-07 08:00:00,Avionics,landing,26728.0,11342,,,,,,,,27.9,60.2,,,no,none,no
2024-01-07 08:10:00,Hydraulics,cruise,9772.9,3364,,,,,,,,,,3069.0,68.5,no,none,no
2024-01-07 08:20:00,Engine,cruise,8311.5,3163,50.9,78.3,1117.0,,,,,,,,,no,none,no
2024-01-07 08:30:00,Avionics,cruise,45824.5,20629,,,,,,,,24.24,60.8,,,no,none,no
2024-01-07 08:40:00,Avionics,cruise,16391.9,7316,,,,,,,,30.09,56.0,,,no,none,no
2024-01-07 08:50:00,Avionics,ground,18604.1,8000,,,,,,,,27.47,56.0,,,no,none,no
2024-01-07 09:00:00,APU,landing,37991.2,14982,,,,668.9,2.52,,,,,,,no,none,no
2024-01-07 09:10:00,Engine,takeoff,16941.2,6821,30.7,95.0,1373.0,,,,,,,,,no,none,no
2024-01-07 09:20:00,APU,ground,47603.1,18842,,,,717.1,2.9,,,,,,,no,none,no
2024-01-07 09:30:00,Avionics,cruise,36896.4,16091,,,,,,,,26.29,45.4,,,no,none,no
2024-01-07 09:40:00,Avionics,ground,29871.5,11111,,,,,,,,30.27,71.1,,,no,none,no
2024-01-07 09:50:00,Engine,landing,44044.8,16482,0.4,52.3,757.0,,,,,,,,,yes,engine_overheat,yes
2024-01-07 10:00:00,Engine,cruise,2480.3,1072,59.2,92.0,1325.0,,,,,,,,,no,none,no
2024-01-07 10:10:00,Hydraulics,takeoff,12853.1,5123,,,,,,,,,,2885.0,74.8,no,none,no
2024-01-07 10:20:00,Hydraulics,cruise,23251.8,10326,,,,,,,,,,2866.0,65.6,no,none,no
2024-01-07 10:30:00,Hydraulics,cruise,11348.9,4296,,,,,,,,,,2970.0,78.0,no,none,no
2024-01-07 10:40:00,Avionics,landing,37195.3,14813,,,,,,,,26.61,47.1,,,no,none,no
2024-01-07 10:50:00,APU,cruise,45960.4,17028,,,,679.0,1.97,,,,,,,no,none,no
2024-01-07 11:00:00,Landing Gear,takeoff,21188.5,8480,,,,,,185.8,47.5,,,,,no,none,no
2024-01-07 11:10:00,Landing Gear,ground,17106.6,6033,,,,,,207.4,82.1,,,,,no,none,no
2024-01-07 11:20:00,Engine,ground,48077.5,18481,2.7,27.1,345.0,,,,,,,,,yes,engine_overheat,yes
2024-01-07 11:30:00,Landing Gear,cruise,22242.6,7875,,,,,,211.7,24.8,,,,,no,none,no
2024-01-07 11:40:00,Avionics,takeoff,24452.4,10324,,,,,,,,27.54,41.1,,,no,none,no
2024-01-07 11:50:00,Engine,cruise,17582.5,7436,28.1,83.5,1153.0,,,,,,,,,no,none,no
2024-01-07 12:00:00,Avionics,takeoff,45477.4,15673,,,,,,,,30.09,56.3,,,no,none,no
2024-01-07 12:10:00,APU,ground,28447.8,12593,,,,726.8,3.72,,,,,,,no,none,no
2024-01-07 12:20:00,Hydraulics,takeoff,38108.7,18289,,,,,,,,,,2864.0,104.5,no,none,no
2024-01-07 12:30:00,Engine,cruise,40590.3,16296,9.5,76.7,1089.0,,,,,,,,,no,none,no
2024-01-07 12:40:00,Engine,cruise,17092.5,6486,22.3,86.8,1169.0,,,,,,,,,no,none,no
2024-01-07 12:50:00,Avionics,cruise,21684.7,10634,,,,,,,,26.05,65.2,,,no,none,no
2024-01-07 13:00:00,Engine,landing,42423.6,15179,-8.9,50.4,708.0,,,,,,,,,yes,engine_overheat,yes
2024-01-07 13:10:00,Landing Gear,ground,18162.8,7277,,,,,,198.1,133.6,,,,,no,none,no
2024-01-07 13:20:00,Avionics,cruise,39696.8,16107,,,,,,,,29.62,49.3,,,no,none,no
2024-01-07 13:30:00,Engine,takeoff,47049.6,20845,0.0,81.2,1209.0,,,,,,,,,yes,engine_overheat,yes
2024-01-07 13:40:00,Landing Gear,takeoff,31160.5,12823,,,,,,184.4,38.4,,,,,no,none,no
2024-01-07 13:50:00,APU,ground,37081.4,14241,,,,651.0,2.49,,,,,,,no,none,no
2024-01-07 14:00:00,APU,ground,40254.9,14877,,,,565.2,1.88,,,,,,,no,none,no
2024-01-07 14:10:00,Hydraulics,cruise,42252.0,16439,,,,,,,,,,3047.0,46.1,no,none,no
2024-01-07 14:20:00,Avionics,landing,19752.7,7265,,,,,,,,29.64,69.0,,,no,none,no
2024-01-07 14:30:00,Landing Gear,landing,2563.2,1029,,,,,,187.3,481.7,,,,,no,none,no
2024-01-07 14:40:00,Avionics,takeoff,20093.8,7675,,,,,,,,26.86,56.1,,,no,none,no
2024-01-07 14:50:00,APU,ground,33687.8,11865,,,,723.6,2.69,,,,,,,no,none,no
2024-01-07 15:00:00,Hydraulics,cruise,22517.5,9911,,,,,,,,,,3143.0,87.8,no,none,no
2024-01-07 15:10:00,Avionics,cruise,37448.2,14383,,,,,,,,25.8,42.7,,,no,none,no
2024-01-07 15:20:00,Avionics,cruise,17849.1,6415,,,,,,,,28.87,59.7,,,no,none,no
2024-01-07 15:30:00,Hydraulics,takeoff,31737.2,12524,,,,,,,,,,2996.0,70.1,no,none,no
2024-01-07 15:40:00,Engine,takeoff,9321.0,3749,36.1,98.4,1413.0,,,,,,,,,no,none,no
2024-01-07 15:50:00,Avionics,landing,37468.5,12893,,,,,,,,29.92,36.2,,,no,none,no
2024-01-07 16:00:00,Engine,takeoff,27284.8,11203,34.6,102.2,1587.0,,,,,,,,,no,none,no
2024-01-07 16:10:00,Engine,landing,10203.2,3739,36.0,54.1,737.0,,,,,,,,,no,none,no
2024-01-07 16:20:00,Engine,cruise,14595.6,6637,31.4,88.0,1225.0,,,,,,,,,no,none,no
2024-01-07 16:30:00,Hydraulics,cruise,37430.4,15600,,,,,,,,,,3124.0,99.5,no,none,no
2024-01-07 16:40:00,Hydraulics,cruise,24130.1,9343,,,,,,,,,,3092.0,70.7,no,none,no
2024-01-07 16:50:00,Avionics,cruise,10801.6,4063,,,,,,,,26.25,58.4,,,no,none,no
2024-01-07 17:00:00,Avionics,landing,48363.6,19183,,,,,,,,28.14,58.3,,,no,none,no
2024-01-07 17:10:00,Landing Gear,cruise,35756.3,15004,,,,,,177.4,16.1,,,,,no,none,no
2024-01-07 17:20:00,Hydraulics,cruise,47856.7,19104,,,,,,,,,,3056.0,58.4,no,none,no
2024-01-07 17:30:00,Landing Gear,cruise,21355.3,8394,,,,,,196.8,35.0,,,,,no,none,no
2024-01-07 17:40:00,APU,landing,23755.0,9546,,,,603.6,1.74,,,,,,,no,none,no
2024-01-07 17:50:00,Engine,ground,44897.8,17092,17.5,27.6,361.0,,,,,,,,,no,none,no
2024-01-07 18:00:00,Avionics,landing,26252.5,10213,,,,,,,,25.81,57.8,,,no,none,no
2024-01-07 18:10:00,Avionics,cruise,35363.9,11785,,,,,,,,28.76,54.1,,,no,none,no
2024-01-07 18:20:00,APU,takeoff,12608.6,5436,,,,576.3,1.59,,,,,,,no,none,no
2024-01-07 18:30:00,Engine,cruise,22336.3,9148,32.6,85.1,1242.0,,,,,,,,,no,none,no
2024-01-07 18:40:00,Hydraulics,cruise,6172.5,2316,,,,,,,,,,2969.0,62.1,no,none,no
2024-01-07 18:50:00,Engine,takeoff,10299.0,4745,38.9,93.2,1255.0,,,,,,,,,no,none,no
2024-01-07 19:00:00,Avionics,cruise,47.2,19,,,,,,,,25.93,59.3,,,no,none,no
2024-01-07 19:10:00,Hydraulics,cruise,1963.3,720,,,,,,,,,,2866.0,81.6,no,none,no
2024-01-07 19:20:00,Landing Gear,cruise,48864.2,20885,,,,,,202.6,38.7,,,,,no,none,no
2024-01-07 19:30:00,Engine,landing,12117.7,5001,40.2,56.0,761.0,,,,,,,,,no,none,no
2024-01-07 19:40:00,Avionics,takeoff,33165.5,13685,,,,,,,,28.44,51.0,,,no,none,no
2024-01-07 19:50:00,Hydraulics,takeoff,41955.0,16210,,,,,,,,,,3025.0,73.9,no,none,no
2024-01-07 20:00:00,Landing Gear,landing,27533.0,11410,,,,,,209.6,423.2,,,,,no,none,no
2024-01-07 20:10:00,Hydraulics,cruise,7657.2,2999,,,,,,,,,,3135.0,69.6,no,none,no
2024-01-07 20:20:00,Engine,landing,36405.8,15210,6.8,52.7,742.0,,,,,,,,,no,none,no
2024-01-07 20:30:00,Landing Gear,cruise,30012.6,10176,,,,,,200.9,19.5,,,,,no,none,no
2024-01-07 20:40:00,Avionics,cruise,36562.5,14117,,,,,,,,29.41,60.5,,,no,none,no
2024-01-07 20:50:00,Avionics,ground,38487.3,17516,,,,,,,,27.59,47.0,,,no,none,no
2024-01-07 21:00:00,Engine,landing,48770.5,18311,-1.6,54.2,749.0,,,,,,,,,no,none,no
2024-01-07 21:10:00,Avionics,landing,28678.2,10917,,,,,,,,29.79,55.1,,,no,none,no
2024-01-07 21:20:00,Landing Gear,cruise,17082.1,6588,,,,,,196.7,34.5,,,,,no,none,no
2024-01-07 21:30:00,APU,cruise,32423.2,11709,,,,687.1,1.82,,,,,,,no,none,no
2024-01-07 21:40:00,Engine,cruise,3422.0,1127,50.8,80.8,1131.0,,,,,,,,,no,none,no
2024-01-07 21:50:00,Hydraulics,takeoff,44869.9,17617,,,,,,,,,,3026.0,92.3,no,none,no
2024-01-07 22:00:00,Engine,ground,5969.1,2414,40.0,26.3,335.0,,,,,,,,,no,none,no
2024-01-07 22:10:00,Engine,takeoff,16392.1,6529,37.9,97.2,1390.0,,,,,,,,,no,none,no
2024-01-07 22:20:00,Engine,ground,40787.3,16126,1.0,29.9,374.0,,,,,,,,,yes,engine_overheat,yes
2024-01-07 22:30:00,Hydraulics,cruise,29865.6,11987,,,,,,,,,,2928.0,81.2,no,none,no
2024-01-07 22:40:00,Avionics,takeoff,19681.8,8517,,,,,,,,26.18,47.2,,,no,none,no
2024-01-07 22:50:00,Avionics,cruise,23671.8,9324,,,,,,,,29.64,44.0,,,no,none,no
2024-01-07 23:00:00,Engine,ground,42727.4,16306,1.1,24.2,328.0,,,,,,,,,no,none,no
2024-01-07 23:10:00,Landing Gear,landing,17000.2,6647,,,,,,210.2,344.6,,,,,no,none,no
2024-01-07 23:20:00,APU,ground,43482.5,18199,,,,684.9,2.85,,,,,,,no,none,no
2024-01-07 23:30:00,Avionics,landing,4406.7,1962,,,,,,,,29.56,42.6,,,no,none,no
2024-01-07 23:40:00,Hydraulics,landing,38839.9,14755,,,,,,,,,,2992.0,99.4,no,none,no
2024-01-07 23:50:00,Engine,ground,42377.4,17085,8.7,26.2,345.0,,,,,,,,,no,none,no
2024-01-08 00:00:00,Avionics,cruise,9090.9,3735,,,,,,,,27.56,47.2,,,no,none,no
2024-01-08 00:10:00,Engine,cruise,21517.3,7923,27.5,84.8,1134.0,,,,,,,,,no,none,no
2024-01-08 00:20:00,Landing Gear,cruise,8275.0,3315,,,,,,188.9,19.6,,,,,no,none,no
2024-01-08 00:30:00,Engine,ground,35330.2,12475,13.7,26.3,344.0,,,,,,,,,no,none,no
2024-01-08 00:40:00,APU,ground,26767.4,9192,,,,626.1,1.79,,,,,,,no,none,no
2024-01-08 00:50:00,Engine,takeoff,31766.2,13079,23.1,92.8,1340.0,,,,,,,,,no,none,no
2024-01-08 01:00:00,Landing Gear,landing,9824.3,3809,,,,,,220.7,481.8,,,,,no,none,no
2024-01-08 01:10:00,APU,ground,10587.3,4303,,,,685.0,3.25,,,,,,,no,none,no
2024-01-08 01:20:00,Avionics,takeoff,2074.9,829,,,,,,,,26.09,63.5,,,no,none,no
2024-01-08 01:30:00,APU,cruise,16103.4,5938,,,,680.3,2.05,,,,,,,no,none,no
2024-01-08 01:40:00,Engine,ground,27987.2,11154,27.2,24.2,306.0,,,,,,,,,no,none,no
2024-01-08 01:50:00,Avionics,takeoff,42896.7,15466,,,,,,,,27.91,63.1,,,no,none,no
2024-01-08 02:00:00,Engine,landing,33346.4,14823,9.2,57.2,756.0,,,,,,,,,no,none,no
2024-01-08 02:10:00,Landing Gear,cruise,21769.8,7763,,,,,,202.7,28.1,,,,,no,none,no
2024-01-08 02:20:00,Landing Gear,ground,47656.0,18764,,,,,,189.4,154.6,,,,,no,none,no
2024-01-08 02:30:00,APU,ground,35962.3,13185,,,,607.9,1.81,,,,,,,no,none,no
2024-01-08 02:40:00,Engine,ground,46508.3,19452,4.3,19.8,254.0,,,,,,,,,no,none,no
2024-01-08 02:50:00,Engine,cruise,26379.4,10272,37.4,94.5,1304.0,,,,,,,,,no,none,no
2024-01-08 03:00:00,Hydraulics,ground,12945.2,4963,,,,,,,,,,3034.0,51.3,no,none,no
2024-01-08 03:10:00,APU,ground,2641.3,1129,,,,644.9,3.21,,,,,,,no,none,no
2024-01-08 03:20:00,Avionics,cruise,36304.2,14556,,,,,,,,27.0,56.0,,,no,none,no
2024-01-08 03:30:00,APU,ground,6065.1,2526,,,,667.0,2.26,,,,,,,no,none,no
2024-01-08 03:40:00,Engine,takeoff,15138.8,5580,21.0,92.4,1311.0,,,,,,,,,no,none,no
2024-01-08 03:50:00,Landing Gear,cruise,26623.5,9453,,,,,,209.6,30.6,,,,,no,none,no
2024-01-08 04:00:00,Avionics,cruise,28220.8,11385,,,,,,,,27.48,63.0,,,no,none,no
2024-01-08 04:10:00,Engine,takeoff,30029.2,11705,25.8,96.0,1335.0,,,,,,,,,no,none,no
2024-01-08 04:20:00,Engine,takeoff,8312.8,3492,40.2,105.0,1538.0,,,,,,,,,no,none,no
2024-01-08 04:30:00,Engine,landing,18986.9,7546,22.7,47.5,651.0,,,,,,,,,no,none,no
2024-01-08 04:40:00,Landing Gear,cruise,30859.7,12546,,,,,,180.5,39.5,,,,,no,none,no
2024-01-08 04:50:00,Hydraulics,landing,48490.9,16877,,,,,,,,,,2988.0,61.0,no,none,no
2024-01-08 05:00:00,Engine,takeoff,36381.6,16751,-1.8,99.5,1182.0,,,,,,,,,yes,engine_overheat,yes
2024-01-08 05:10:00,Landing Gear,cruise,46130.2,18210,,,,,,191.1,36.5,,,,,no,none,no
2024-01-08 05:20:00,Engine,cruise,38110.6,16095,16.5,83.7,1107.0,,,,,,,,,no,none,no
2024-01-08 05:30:00,Hydraulics,landing,29585.8,11043,,,,,,,,,,2978.0,52.3,no,none,no
2024-01-08 05:40:00,Engine,cruise,9601.2,3935,50.8,89.0,1235.0,,,,,,,,,no,none,no
2024-01-08 05:50:00,APU,landing,33334.3,11944,,,,618.3,1.52,,,,,,,no,none,no
2024-01-08 06:00:00,Landing Gear,ground,31169.0,12918,,,,,,206.5,95.4,,,,,no,none,no
2024-01-08 06:10:00,Avionics,landing,30123.5,11706,,,,,,,,26.41,44.7,,,no,none,no
2024-01-08 06:20:00,Landing Gear,cruise,24489.3,9819,,,,,,191.8,16.2,,,,,no,none,no
2024-01-08 06:30:00,Engine,takeoff,26432.8,11164,16.8,92.4,1320.0,,,,,,,,,no,none,no
2024-01-08 06:40:00,APU,ground,16722.1,6029,,,,765.4,2.14,,,,,,,no,none,no
2024-01-08 06:50:00,Engine,takeoff,25965.6,9818,19.1,100.3,1475.0,,,,,,,,,no,none,no
2024-01-08 07:00:00,Engine,ground,9877.8,4096,25.4,25.1,310.0,,,,,,,,,no,none,no
2024-01-08 07:10:00,Landing Gear,cruise,40258.7,18807,,,,,,203.3,15.6,,,,,no,none,no
2024-01-08 07:20:00,Engine,ground,9288.8,3674,31.6,25.5,309.0,,,,,,,,,no,none,no
2024-01-08 07:30:00,Engine,landing,4248.3,1780,47.6,55.1,765.0,,,,,,,,,no,none,no
2024-01-08 07:40:00,Landing Gear,ground,21812.3,8650,,,,,,201.1,129.6,,,,,no,none,no
2024-01-08 07:50:00,Hydraulics,cruise,32915.4,15212,,,,,,,,,,3094.0,54.1,no,none,no
2024-01-08 08:00:00,Landing Gear,landing,21885.8,7531,,,,,,189.3,600.0,,,,,yes,brake_overheat,yes
2024-01-08 08:10:00,Engine,cruise,13837.7,5577,41.6,90.1,1236.0,,,,,,,,,no,none,no
2024-01-08 08:20:00,Engine,cruise,27908.6,9712,9.7,85.6,1241.0,,,,,,,,,no,none,no
2024-01-08 08:30:00,Hydraulics,landing,17350.1,5548,,,,,,,,,,2962.0,68.5,no,none,no
2024-01-08 08:40:00,Engine,ground,46643.4,19101,16.0,19.9,250.0,,,,,,,,,no,none,no
2024-01-08 08:50:00,Engine,ground,46132.3,18659,4.0,21.8,266.0,,,,,,,,,yes,engine_overheat,yes
2024-01-08 09:00:00,Landing Gear,landing,25118.6,9818,,,,,,219.6,399.4,,,,,no,none,no
2024-01-08 09:10:00,Avionics,cruise,16394.2,6502,,,,,,,,27.85,47.3,,,no,none,no
2024-01-08 09:20:00,Avionics,cruise,36856.6,18397,,,,,,,,27.37,47.1,,,no,none,no
2024-01-08 09:30:00,Engine,landing,1835.6,719,42.1,53.7,749.0,,,,,,,,,no,none,no
2024-01-08 09:40:00,Engine,cruise,23738.5,9883,40.1,85.9,1199.0,,,,,,,,,no,none,no
2024-01-08 09:50:00,Hydraulics,takeoff,16816.2,6377,,,,,,,,,,3072.0,62.0,no,none,no
2024-01-08 10:00:00,Engine,cruise,46026.8,18846,4.0,81.3,1181.0,,,,,,,,,no,none,no
2024-01-08 10:10:00,Avionics,cruise,600.2,235,,,,,,,,28.64,42.0,,,no,none,no
2024-01-08 10:20:00,Avionics,cruise,27640.7,10693,,,,,,,,28.48,73.1,,,no,none,no
2024-01-08 10:30:00,Avionics,cruise,37033.2,16969,,,,,,,,26.66,69.9,,,no,none,no
2024-01-08 10:40:00,Engine,takeoff,24250.9,10614,26.3,95.6,1391.0,,,,,,,,,no,none,no
2024-01-08 10:50:00,Engine,takeoff,4270.2,1727,41.2,94.7,1263.0,,,,,,,,,no,none,no
2024-01-08 11:00:00,APU,ground,48623.1,15864,,,,609.8,1.71,,,,,,,no,none,no
2024-01-08 11:10:00,Hydraulics,cruise,25900.5,10061,,,,,,,,,,3002.0,79.9,no,none,no
2024-01-08 11:20:00,Hydraulics,cruise,30709.3,14940,,,,,,,,,,3054.0,69.0,no,none,no
2024-01-08 11:30:00,Engine,landing,11830.5,4645,45.1,47.0,636.0,,,,,,,,,no,none,no
2024-01-08 11:40:00,Engine,cruise,24174.9,10523,19.3,87.6,1202.0,,,,,,,,,no,none,no
2024-01-08 11:50:00,Hydraulics,ground,21457.5,9573,,,,,,,,,,2951.0,92.3,no,none,no
2024-01-08 12:00:00,Avionics,landing,3744.8,1524,,,,,,,,29.34,57.9,,,no,none,no
2024-01-08 12:10:00,Hydraulics,takeoff,5308.0,1980,,,,,,,,,,3020.0,57.7,no,none,no
2024-01-08 12:20:00,Engine,cruise,41873.6,13486,13.3,85.2,1189.0,,,,,,,,,no,none,no
2024-01-08 12:30:00,APU,ground,11991.0,5059,,,,597.9,3.0,,,,,,,no,none,no
2024-01-08 12:40:00,Landing Gear,ground,9747.9,3645,,,,,,199.6,174.4,,,,,no,none,no
2024-01-08 12:50:00,Avionics,cruise,25245.6,10241,,,,,,,,27.53,75.0,,,no,none,no
2024-01-08 13:00:00,APU,landing,38437.4,13838,,,,672.1,3.16,,,,,,,no,none,no
2024-01-08 13:10:00,Engine,takeoff,3097.3,1213,52.2,97.8,1440.0,,,,,,,,,no,none,no
2024-01-08 13:20:00,APU,ground,28840.4,11567,,,,664.4,2.39,,,,,,,no,none,no
2024-01-08 13:30:00,Engine,cruise,5960.5,2435,32.7,89.2,1274.0,,,,,,,,,no,none,no
2024-01-08 13:40:00,APU,ground,1823.1,664,,,,648.1,3.25,,,,,,,no,none,no
2024-01-08 13:50:00,Hydraulics,landing,2637.2,1156,,,,,,,,,,2954.0,95.0,no,none,no
2024-01-08 14:00:00,APU,landing,41708.2,15887,,,,752.6,3.9,,,,,,,no,none,no
2024-01-08 14:10:00,Hydraulics,cruise,5898.6,2043,,,,,,,,,,2827.0,65.4,no,none,no
2024-01-08 14:20:00,Engine,cruise,2257.6,895,61.2,85.7,1121.0,,,,,,,,,no,none,no
2024-01-08 14:30:00,Avionics,takeoff,21895.0,8782,,,,,,,,26.5,65.3,,,no,none,no
2024-01-08 14:40:00,Hydraulics,cruise,42199.7,17097,,,,,,,,,,2841.0,73.4,no,none,no
2024-01-08 14:50:00,Engine,takeoff,13120.4,5820,37.9,92.0,1260.0,,,,,,,,,no,none,no
2024-01-08 15:00:00,Engine,landing,21085.6,8275,24.5,53.6,707.0,,,,,,,,,no,none,no
2024-01-08 15:10:00,Landing Gear,cruise,1996.1,791,,,,,,197.5,32.0,,,,,no,none,no
2024-01-08 15:20:00,Engine,takeoff,22453.9,8189,31.0,98.9,1369.0,,,,,,,,,no,none,no
2024-01-08 15:30:00,Landing Gear,ground,28880.7,12311,,,,,,185.4,118.8,,,,,no,none,no
2024-01-08 15:40:00,Hydraulics,ground,28545.4,11586,,,,,,,,,,2962.0,58.6,no,none,no
2024-01-08 15:50:00,APU,ground,16621.3,6425,,,,731.7,3.6,,,,,,,no,none,no
2024-01-08 16:00:00,Engine,ground,15776.7,5349,34.0,27.3,371.0,,,,,,,,,no,none,no
2024-01-08 16:10:00,Landing Gear,takeoff,5331.2,2379,,,,,,201.7,54.9,,,,,no,none,no
2024-01-08 16:20:00,Avionics,cruise,18339.9,6615,,,,,,,,28.98,62.0,,,no,none,no
2024-01-08 16:30:00,Engine,landing,4974.7,1896,45.9,53.4,698.0,,,,,,,,,no,none,no
2024-01-08 16:40:00,Landing Gear,landing,38329.8,15771,,,,,,200.5,346.8,,,,,no,none,no
2024-01-08 16:50:00,Avionics,takeoff,48313.7,17476,,,,,,,,24.97,50.9,,,no,none,no
2024-01-08 17:00:00,APU,ground,48503.7,17083,,,,657.2,1.97,,,,,,,no,none,no
2024-01-08 17:10:00,Engine,cruise,43253.6,14362,2.5,83.1,1107.0,,,,,,,,,no,none,no
2024-01-08 17:20:00,Avionics,cruise,30039.6,12709,,,,,,,,24.87,61.4,,,no,none,no
2024-01-08 17:30:00,Engine,cruise,35043.3,13406,14.1,90.8,1265.0,,,,,,,,,no,none,no
2024-01-08 17:40:00,Engine,cruise,14260.3,7040,44.0,82.0,1161.0,,,,,,,,,no,none,no
2024-01-08 17:50:00,Hydraulics,cruise,31538.5,11612,,,,,,,,,,2965.0,57.4,no,none,no
2024-01-08 18:00:00,Avionics,takeoff,22782.5,8441,,,,,,,,31.16,43.9,,,no,none,no
2024-01-08 18:10:00,Engine,ground,24100.9,9204,24.2,23.0,301.0,,,,,,,,,no,none,no
2024-01-08 18:20:00,Engine,cruise,37888.8,15450,15.9,92.9,1273.0,,,,,,,,,no,none,no
2024-01-08 18:30:00,Engine,takeoff,14095.9,5426,37.1,95.3,1334.0,,,,,,,,,no,none,no
2024-01-08 18:40:00,Engine,ground,15902.0,6672,44.0,26.0,346.0,,,,,,,,,no,none,no
2024-01-08 18:50:00,Engine,ground,46232.1,17045,7.3,25.8,325.0,,,,,,,,,no,none,no
2024-01-08 19:00:00,Engine,ground,2811.2,1000,42.7,20.9,257.0,,,,,,,,,no,none,no
2024-01-08 19:10:00,APU,ground,24281.7,8315,,,,662.8,2.76,,,,,,,no,none,no
2024-01-08 19:20:00,Avionics,landing,45640.0,15009,,,,,,,,29.23,47.4,,,no,none,no
2024-01-08 19:30:00,Avionics,cruise,30518.2,11701,,,,,,,,26.15,64.0,,,no,none,no
2024-01-08 19:40:00,Avionics,takeoff,27320.4,10665,,,,,,,,27.57,61.1,,,no,none,no
2024-01-08 19:50:00,Engine,cruise,12487.2,4743,37.7,87.8,1334.0,,,,,,,,,no,none,no
2024-01-08 20:00:00,Hydraulics,cruise,17163.8,7548,,,,,,,,,,3163.0,72.8,no,none,no
2024-01-08 20:10:00,Hydraulics,cruise,42602.4,18715,,,,,,,,,,2998.0,103.4,no,none,no
2024-01-08 20:20:00,Avionics,landing,27960.9,10885,,,,,,,,29.7,56.8,,,no,none,no
2024-01-08 20:30:00,Hydraulics,cruise,25737.1,8817,,,,,,,,,,3208.0,45.4,no,none,no
2024-01-08 20:40:00,Hydraulics,takeoff,4979.0,1901,,,,,,,,,,2932.0,75.3,no,none,no
2024-01-08 20:50:00,Landing Gear,cruise,801.4,305,,,,,,198.7,34.3,,,,,no,none,no
2024-01-08 21:00:00,Engine,landing,48184.3,18260,1.3,57.0,797.0,,,,,,,,,no,none,no
2024-01-08 21:10:00,Avionics,takeoff,18849.3,7119,,,,,,,,26.55,56.8,,,no,none,no
2024-01-08 21:20:00,Landing Gear,ground,30160.7,11434,,,,,,186.7,104.8,,,,,no,none,no
2024-01-08 21:30:00,Avionics,cruise,3985.8,1545,,,,,,,,27.56,66.1,,,no,none,no
2024-01-08 21:40:00,Landing Gear,cruise,34155.7,12968,,,,,,186.4,30.4,,,,,no,none,no
2024-01-08 21:50:00,Engine,cruise,46628.3,18962,1.8,92.2,1233.0,,,,,,,,,yes,engine_overheat,yes
2024-01-08 22:00:00,APU,ground,28783.3,11845,,,,723.0,2.15,,,,,,,no,none,no
2024-01-08 22:10:00,Hydraulics,cruise,6305.8,2339,,,,,,,,,,3149.0,59.7,no,none,no
2024-01-08 22:20:00,Landing Gear,landing,29086.1,12817,,,,,,172.0,503.7,,,,,yes,brake_overheat,yes
2024-01-08 22:30:00,Landing Gear,cruise,38317.4,14125,,,,,,184.0,41.3,,,,,no,none,no
2024-01-08 22:40:00,Engine,cruise,20320.8,7076,28.1,83.0,1252.0,,,,,,,,,no,none,no
2024-01-08 22:50:00,APU,ground,43991.9,18133,,,,651.0,2.41,,,,,,,no,none,no
2024-01-08 23:00:00,Hydraulics,landing,32434.1,12125,,,,,,,,,,2880.0,68.5,no,none,no
2024-01-08 23:10:00,Landing Gear,landing,44962.4,18447,,,,,,185.0,316.0,,,,,no,none,no
2024-01-08 23:20:00,Landing Gear,ground,31175.3,10072,,,,,,200.0,118.9,,,,,no,none,no
2024-01-08 23:30:00,APU,ground,6564.4,2918,,,,606.0,2.06,,,,,,,no,none,no
2024-01-08 23:40:00,Landing Gear,landing,15484.6,6527,,,,,,206.7,454.7,,,,,no,none,no
2024-01-08 23:50:00,Engine,ground,10089.7,3551,40.6,24.5,320.0,,,,,,,,,no,none,no
2024-01-09 00:00:00,Avionics,landing,45441.3,16026,,,,,,,,30.15,50.7,,,no,none,no
2024-01-09 00:10:00,APU,landing,38020.0,17243,,,,582.8,2.87,,,,,,,no,none,no
2024-01-09 00:20:00,Landing Gear,landing,33819.9,12730,,,,,,196.3,552.2,,,,,yes,brake_overheat,yes
2024-01-09 00:30:00,Landing Gear,landing,15048.3,5618,,,,,,209.4,467.0,,,,,no,none,no
2024-01-09 00:40:00,Hydraulics,takeoff,9202.2,3014,,,,,,,,,,3038.0,64.0,no,none,no
2024-01-09 00:50:00,Engine,ground,37822.6,14704,6.5,22.8,277.0,,,,,,,,,no,none,no
2024-01-09 01:00:00,Avionics,ground,23707.9,9310,,,,,,,,26.95,57.2,,,no,none,no
2024-01-09 01:10:00,Engine,takeoff,11289.5,4774,55.0,100.9,1475.0,,,,,,,,,no,none,no
2024-01-09 01:20:00,APU,ground,30831.1,10952,,,,645.1,3.01,,,,,,,no,none,no
2024-01-09 01:30:00,Engine,takeoff,2016.7,709,45.8,92.9,1296.0,,,,,,,,,no,none,no
2024-01-09 01:40:00,Engine,cruise,16308.5,6759,30.6,77.8,1082.0,,,,,,,,,no,none,no
2024-01-09 01:50:00,Landing Gear,landing,23427.8,10126,,,,,,198.9,498.9,,,,,no,none,no
2024-01-09 02:00:00,Engine,takeoff,7397.9,2587,40.0,102.1,1415.0,,,,,,,,,no,none,no
2024-01-09 02:10:00,APU,ground,49232.7,21397,,,,585.8,1.85,,,,,,,no,none,no
2024-01-09 02:20:00,Hydraulics,ground,10454.9,4195,,,,,,,,,,2932.0,101.2,no,none,no
2024-01-09 02:30:00,Engine,cruise,6517.7,2835,51.8,83.9,1221.0,,,,,,,,,no,none,no
2024-01-09 02:40:00,Avionics,takeoff,10176.7,4048,,,,,,,,28.39,57.2,,,no,none,no
2024-01-09 02:50:00,APU,cruise,38453.1,12278,,,,638.7,2.61,,,,,,,no,none,no
2024-01-09 03:00:00,Landing Gear,landing,21275.3,8407,,,,,,187.8,423.6,,,,,no,none,no
2024-01-09 03:10:00,Engine,ground,28270.8,12267,13.9,19.5,242.0,,,,,,,,,no,none,no
2024-01-09 03:20:00,Engine,landing,1050.5,390,47.0,59.4,853.0,,,,,,,,,no,none,no
2024-01-09 03:30:00,Engine,cruise,1721.6,667,68.9,85.7,1142.0,,,,,,,,,no,none,no
2024-01-09 03:40:00,Engine,landing,22291.3,8791,32.1,54.7,772.0,,,,,,,,,no,none,no
2024-01-09 03:50:00,Engine,cruise,40832.8,12544,-5.3,83.7,1282.0,,,,,,,,,yes,engine_overheat,yes
2024-01-09 04:00:00,Landing Gear,landing,44261.9,20072,,,,,,204.2,454.9,,,,,no,none,no
2024-01-09 04:10:00,Hydraulics,takeoff,4335.3,1609,,,,,,,,,,2885.0,56.1,no,none,no
2024-01-09 04:20:00,Avionics,landing,26918.2,11203,,,,,,,,29.25,31.8,,,no,none,no
2024-01-09 04:30:00,Avionics,cruise,45661.5,18138,,,,,,,,28.53,47.4,,,no,none,no
2024-01-09 04:40:00,Engine,ground,19398.6,8540,29.5,23.6,293.0,,,,,,,,,no,none,no
2024-01-09 04:50:00,Engine,cruise,41478.3,17130,2.8,86.9,1259.0,,,,,,,,,no,none,no
2024-01-09 05:00:00,Engine,landing,6684.8,2624,34.5,53.4,754.0,,,,,,,,,no,none,no
2024-01-09 05:10:00,Engine,ground,46769.7,17371,5.3,23.6,306.0,,,,,,,,,no,none,no
2024-01-09 05:20:00,Landing Gear,takeoff,37571.2,15988,,,,,,212.3,43.7,,,,,no,none,no
2024-01-09 05:30:00,APU,ground,47066.7,16005,,,,577.8,2.49,,,,,,,no,none,no
2024-01-09 05:40:00,APU,landing,33830.9,14232,,,,688.7,2.03,,,,,,,no,none,no
2024-01-09 05:50:00,Engine,takeoff,18170.2,6629,27.9,98.3,1391.0,,,,,,,,,no,none,no
2024-01-09 06:00:00,Hydraulics,cruise,46909.1,20643,,,,,,,,,,3101.0,71.7,no,none,no
2024-01-09 06:10:00,Avionics,landing,13778.3,5582,,,,,,,,26.74,55.0,,,no,none,no
2024-01-09 06:20:00,Engine,takeoff,16608.6,6986,34.5,91.5,1198.0,,,,,,,,,no,none,no
2024-01-09 06:30:00,Hydraulics,cruise,35040.4,14108,,,,,,,,,,3016.0,62.6,no,none,no
2024-01-09 06:40:00,Hydraulics,cruise,38265.8,13161,,,,,,,,,,2979.0,85.5,no,none,no
2024-01-09 06:50:00,Engine,landing,46470.2,17308,4.1,56.0,756.0,,,,,,,,,yes,engine_overheat,yes
2024-01-09 07:00:00,Engine,takeoff,10240.1,4316,59.3,93.1,1266.0,,,,,,,,,no,none,no
2024-01-09 07:10:00,APU,ground,39899.9,16173,,,,545.1,2.57,,,,,,,no,none,no
2024-01-09 07:20:00,Hydraulics,ground,36927.3,16166,,,,,,,,,,2828.0,85.8,no,none,no
2024-01-09 07:30:00,Avionics,ground,3189.7,1317,,,,,,,,30.89,33.5,,,no,none,no
2024-01-09 07:40:00,Engine,landing,19361.2,7146,26.7,56.9,762.0,,,,,,,,,no,none,no
2024-01-09 07:50:00,APU,takeoff,14138.3,5295,,,,560.5,2.47,,,,,,,no,none,no
2024-01-09 08:00:00,Landing Gear,landing,15224.5,6140,,,,,,209.4,367.5,,,,,no,none,no
2024-01-09 08:10:00,Landing Gear,takeoff,49147.3,16020,,,,,,190.3,49.7,,,,,no,none,no
2024-01-09 08:20:00,Engine,takeoff,32138.9,14577,14.9,95.3,1345.0,,,,,,,,,no,none,no
2024-01-09 08:30:00,Hydraulics,cruise,35883.8,14861,,,,,,,,,,2721.0,86.2,no,none,no
2024-01-09 08:40:00,Avionics,cruise,48830.9,21450,,,,,,,,26.46,29.6,,,no,none,no
2024-01-09 08:50:00,Avionics,landing,18860.1,6590,,,,,,,,26.87,65.4,,,no,none,no
2024-01-09 09:00:00,Hydraulics,landing,40092.0,17634,,,,,,,,,,2983.0,94.9,no,none,no
2024-01-09 09:10:00,Avionics,cruise,21726.5,10242,,,,,,,,26.14,65.5,,,no,none,no
2024-01-09 09:20:00,Landing Gear,cruise,43476.7,15553,,,,,,199.6,31.9,,,,,no,none,no
2024-01-09 09:30:00,APU,ground,9032.9,3836,,,,605.1,3.35,,,,,,,no,none,no
2024-01-09 09:40:00,Engine,cruise,47384.3,18955,8.9,78.8,1192.0,,,,,,,,,no,none,no
2024-01-09 09:50:00,Avionics,cruise,10938.6,3835,,,,,,,,29.52,65.7,,,no,none,no
2024-01-09 10:00:00,Engine,takeoff,16311.0,6782,49.8,98.2,1373.0,,,,,,,,,no,none,no
2024-01-09 10:10:00,Landing Gear,landing,37809.6,16132,,,,,,187.8,534.9,,,,,no,none,no
2024-01-09 10:20:00,Engine,landing,19687.8,7496,34.9,58.9,738.0,,,,,,,,,no,none,no
2024-01-09 10:30:00,Engine,cruise,30410.6,13299,8.0,88.3,1210.0,,,,,,,,,no,none,no
2024-01-09 10:40:00,Engine,takeoff,22228.7,7706,21.2,100.2,1402.0,,,,,,,,,no,none,no
2024-01-09 10:50:00,Engine,landing,37118.5,13072,3.3,53.9,780.0,,,,,,,,,yes,engine_overheat,yes
2024-01-09 11:00:00,Avionics,landing,11416.6,4617,,,,,,,,28.2,33.9,,,no,none,no
2024-01-09 11:10:00,Avionics,cruise,2922.9,1172,,,,,,,,28.86,62.7,,,no,none,no
2024-01-09 11:20:00,APU,ground,14996.5,5655,,,,739.0,1.82,,,,,,,no,none,no
2024-01-09 11:30:00,Engine,takeoff,23715.4,10101,2.3,90.7,1227.0,,,,,,,,,yes,engine_overheat,yes
2024-01-09 11:40:00,Engine,cruise,8401.0,3503,34.9,91.2,1295.0,,,,,,,,,no,none,no
2024-01-09 11:50:00,Engine,ground,17739.9,7583,28.3,32.9,449.0,,,,,,,,,no,none,no
2024-01-09 12:00:00,Engine,cruise,19999.2,7921,41.1,85.2,1215.0,,,,,,,,,no,none,no
2024-01-09 12:10:00,Hydraulics,landing,2869.6,1203,,,,,,,,,,2915.0,45.4,no,none,no
2024-01-09 12:20:00,Engine,cruise,29165.4,11250,14.2,85.5,1231.0,,,,,,,,,no,none,no
2024-01-09 12:30:00,Engine,cruise,44217.2,20593,14.3,83.2,1186.0,,,,,,,,,no,none,no
2024-01-09 12:40:00,Engine,ground,7587.1,2838,42.6,22.3,271.0,,,,,,,,,no,none,no
2024-01-09 12:50:00,Engine,cruise,29890.4,13970,20.4,91.7,1249.0,,,,,,,,,no,none,no
2024-01-09 13:00:00,APU,ground,33237.0,13332,,,,670.9,1.24,,,,,,,no,none,no
2024-01-09 13:10:00,Avionics,cruise,20966.7,7464,,,,,,,,28.35,67.6,,,no,none,no
2024-01-09 13:20:00,Engine,cruise,35054.9,15557,8.3,82.7,1233.0,,,,,,,,,no,none,no
2024-01-09 13:30:00,Engine,takeoff,20536.6,8297,29.8,94.5,1358.0,,,,,,,,,no,none,no
2024-01-09 13:40:00,APU,landing,25231.9,10780,,,,699.8,2.19,,,,,,,no,none,no
2024-01-09 13:50:00,Engine,cruise,367.7,161,62.0,84.5,1184.0,,,,,,,,,no,none,no
2024-01-09 14:00:00,Engine,ground,34586.0,14208,18.5,22.3,285.0,,,,,,,,,no,none,no
2024-01-09 14:10:00,Hydraulics,cruise,33067.1,12600,,,,,,,,,,3002.0,61.3,no,none,no
2024-01-09 14:20:00,APU,ground,1920.0,828,,,,637.3,4.15,,,,,,,no,none,no
2024-01-09 14:30:00,Landing Gear,takeoff,18412.5,7365,,,,,,186.7,35.8,,,,,no,none,no
2024-01-09 14:40:00,APU,ground,48951.6,20655,,,,657.4,2.73,,,,,,,no,none,no
2024-01-09 14:50:00,APU,landing,21036.8,6965,,,,617.8,4.7,,,,,,,yes,apu_vibration,yes
2024-01-09 15:00:00,Landing Gear,landing,25097.3,10398,,,,,,197.5,459.0,,,,,no,none,no
2024-01-09 15:10:00,Landing Gear,ground,45496.5,17269,,,,,,198.0,140.9,,,,,no,none,no
2024-01-09 15:20:00,Avionics,landing,35863.1,16243,,,,,,,,28.48,55.9,,,no,none,no
2024-01-09 15:30:00,Engine,landing,29103.5,12222,9.6,57.0,758.0,,,,,,,,,no,none,no
2024-01-09 15:40:00,Landing Gear,takeoff,39890.2,16262,,,,,,203.9,44.5,,,,,no,none,no
2024-01-09 15:50:00,Landing Gear,takeoff,43218.3,17960,,,,,,202.1,33.1,,,,,no,none,no
2024-01-09 16:00:00,Avionics,ground,22844.4,8408,,,,,,,,26.85,46.8,,,no,none,no
2024-01-09 16:10:00,Landing Gear,landing,23755.4,10736,,,,,,210.7,290.6,,,,,no,none,no
2024-01-09 16:20:00,Landing Gear,landing,19302.5,8951,,,,,,206.6,381.0,,,,,no,none,no
2024-01-09 16:30:00,Engine,cruise,48335.3,19942,-0.7,92.1,1308.0,,,,,,,,,yes,engine_overheat,yes
2024-01-09 16:40:00,Avionics,takeoff,34858.3,15717,,,,,,,,27.94,20.7,,,no,none,no
2024-01-09 16:50:00,Engine,takeoff,4161.2,1589,51.6,93.5,1295.0,,,,,,,,,no,none,no
2024-01-09 17:00:00,Engine,landing,43148.0,16159,7.5,54.6,740.0,,,,,,,,,no,none,no
2024-01-09 17:10:00,Engine,cruise,24028.0,9643,33.1,83.9,1093.0,,,,,,,,,no,none,no
2024-01-09 17:20:00,Avionics,cruise,3437.7,1423,,,,,,,,28.98,46.7,,,no,none,no
2024-01-09 17:30:00,Engine,cruise,27485.9,10648,36.2,87.5,1191.0,,,,,,,,,no,none,no
2024-01-09 17:40:00,APU,takeoff,20858.2,8702,,,,585.4,1.51,,,,,,,no,none,no
2024-01-09 17:50:00,Hydraulics,cruise,43887.5,17985,,,,,,,,,,3103.0,58.2,no,none,no
2024-01-09 18:00:00,Engine,cruise,10199.7,3754,36.6,92.2,1332.0,,,,,,,,,no,none,no
2024-01-09 18:10:00,Landing Gear,landing,41323.2,17215,,,,,,202.3,413.3,,,,,no,none,no
2024-01-09 18:20:00,Landing Gear,cruise,27884.4,11924,,,,,,181.3,25.0,,,,,no,none,no
2024-01-09 18:30:00,Engine,cruise,2730.5,1107,37.8,94.8,1403.0,,,,,,,,,no,none,no
2024-01-09 18:40:00,Avionics,takeoff,48592.3,21229,,,,,,,,27.2,37.6,,,no,none,no
2024-01-09 18:50:00,Engine,takeoff,25630.8,9254,31.1,92.9,1270.0,,,,,,,,,no,none,no
2024-01-09 19:00:00,Landing Gear,cruise,14543.8,6035,,,,,,185.6,18.9,,,,,no,none,no
2024-01-09 19:10:00,Landing Gear,cruise,23470.3,8509,,,,,,205.6,34.1,,,,,no,none,no
2024-01-09 19:20:00,Landing Gear,landing,42892.9,15628,,,,,,201.5,328.1,,,,,no,none,no
2024-01-09 19:30:00,Avionics,cruise,15245.2,5790,,,,,,,,28.98,56.1,,,no,none,no
2024-01-09 19:40:00,Engine,landing,9633.8,3563,37.7,54.0,726.0,,,,,,,,,no,none,no
2024-01-09 19:50:00,Engine,ground,6453.6,2468,43.2,27.7,363.0,,,,,,,,,no,none,no
2024-01-09 20:00:00,Avionics,landing,14893.0,5855,,,,,,,,29.09,64.3,,,no,none,no
2024-01-09 20:10:00,Landing Gear,takeoff,39002.4,16646,,,,,,189.5,26.5,,,,,no,none,no
2024-01-09 20:20:00,Hydraulics,cruise,23581.3,9190,,,,,,,,,,3069.0,97.3,no,none,no
2024-01-09 20:30:00,Hydraulics,takeoff,11374.1,3973,,,,,,,,,,2929.0,84.0,no,none,no
2024-01-09 20:40:00,Hydraulics,cruise,8309.2,3627,,,,,,,,,,3015.0,58.8,no,none,no
2024-01-09 20:50:00,APU,ground,16636.5,6209,,,,745.1,2.59,,,,,,,no,none,no
2024-01-09 21:00:00,Engine,takeoff,46996.2,18710,-1.9,94.4,1378.0,,,,,,,,,no,none,no
2024-01-09 21:10:00,Avionics,cruise,17151.3,7106,,,,,,,,30.54,47.0,,,no,none,no
2024-01-09 21:20:00,Landing Gear,landing,49406.2,20078,,,,,,213.8,524.7,,,,,yes,brake_overheat,yes
2024-01-09 21:30:00,Engine,landing,24261.5,10554,32.5,54.0,730.0,,,,,,,,,no,none,no
2024-01-09 21:40:00,Hydraulics,cruise,8958.2,3721,,,,,,,,,,3152.0,52.8,no,none,no
2024-01-09 21:50:00,Hydraulics,takeoff,44557.0,16595,,,,,,,,,,3065.0,58.7,no,none,no
2024-01-09 22:00:00,Landing Gear,cruise,23017.8,10812,,,,,,188.7,35.2,,,,,no,none,no
2024-01-09 22:10:00,Engine,cruise,35483.6,14414,8.7,82.0,1170.0,,,,,,,,,no,none,no
2024-01-09 22:20:00,APU,takeoff,49185.6,19442,,,,629.2,3.06,,,,,,,no,none,no
2024-01-09 22:30:00,Hydraulics,cruise,2508.8,1081,,,,,,,,,,3146.0,77.0,no,none,no
2024-01-09 22:40:00,Hydraulics,takeoff,4834.7,1972,,,,,,,,,,2869.0,70.7,no,none,no
2024-01-09 22:50:00,Engine,takeoff,36022.8,14869,18.2,93.7,1350.0,,,,,,,,,no,none,no
2024-01-09 23:00:00,Engine,cruise,14091.3,6760,40.3,78.3,1155.0,,,,,,,,,no,none,no
2024-01-09 23:10:00,Hydraulics,takeoff,9215.1,3605,,,,,,,,,,2970.0,84.3,no,none,no
2024-01-09 23:20:00,APU,cruise,1968.1,767,,,,558.6,1.85,,,,,,,no,none,no
2024-01-09 23:30:00,Landing Gear,landing,1092.3,441,,,,,,209.7,340.9,,,,,no,none,no
2024-01-09 23:40:00,Hydraulics,ground,38724.3,16818,,,,,,,,,,3050.0,58.4,no,none,no
2024-01-09 23:50:00,Engine,cruise,6721.7,2365,62.9,86.0,1195.0,,,,,,,,,no,none,no
2024-01-10 00:00:00,Avionics,takeoff,23386.0,7883,,,,,,,,29.74,64.8,,,no,none,no
2024-01-10 00:10:00,Engine,takeoff,30294.8,11549,27.3,96.4,1354.0,,,,,,,,,no,none,no
2024-01-10 00:20:00,APU,landing,21417.6,7447,,,,705.9,3.01,,,,,,,no,none,no
2024-01-10 00:30:00,Avionics,landing,1355.3,524,,,,,,,,29.61,48.1,,,no,none,no
2024-01-10 00:40:00,Landing Gear,takeoff,39175.1,16300,,,,,,201.9,21.5,,,,,no,none,no
2024-01-10 00:50:00,Hydraulics,ground,525.7,195,,,,,,,,,,2892.0,89.9,no,none,no
2024-01-10 01:00:00,Landing Gear,takeoff,38094.5,13498,,,,,,202.0,31.5,,,,,no,none,no
2024-01-10 01:10:00,Engine,cruise,44665.2,17965,-0.4,92.6,1277.0,,,,,,,,,no,none,no
2024-01-10 01:20:00,Engine,landing,21642.0,9254,26.3,48.1,650.0,,,,,,,,,no,none,no
2024-01-10 01:30:00,APU,ground,26777.1,9258,,,,630.8,2.54,,,,,,,no,none,no
2024-01-10 01:40:00,APU,landing,23849.2,10166,,,,692.3,1.94,,,,,,,no,none,no
2024-01-10 01:50:00,Engine,ground,19460.4,8293,22.0,33.4,480.0,,,,,,,,,no,none,no
2024-01-10 02:00:00,Engine,cruise,44371.2,19103,8.2,83.9,1182.0,,,,,,,,,no,none,no
2024-01-10 02:10:00,APU,ground,44696.7,19621,,,,620.7,3.33,,,,,,,no,none,no
2024-01-10 02:20:00,Avionics,takeoff,16790.8,7899,,,,,,,,28.91,55.9,,,no,none,no
2024-01-10 02:30:00,Landing Gear,ground,30753.5,11951,,,,,,210.6,82.5,,,,,no,none,no
2024-01-10 02:40:00,Avionics,cruise,46345.4,18701,,,,,,,,26.35,62.7,,,no,none,no
2024-01-10 02:50:00,Engine,ground,48102.9,18600,3.9,26.7,349.0,,,,,,,,,no,none,no
2024-01-10 03:00:00,Engine,cruise,25448.0,10181,29.8,82.7,1180.0,,,,,,,,,no,none,no
2024-01-10 03:10:00,Landing Gear,landing,22641.2,10167,,,,,,193.2,508.2,,,,,no,none,no
2024-01-10 03:20:00,Landing Gear,cruise,13934.7,4974,,,,,,195.6,26.3,,,,,no,none,no
2024-01-10 03:30:00,Engine,landing,47943.6,17856,-1.6,53.9,754.0,,,,,,,,,yes,engine_overheat,yes
2024-01-10 03:40:00,Hydraulics,takeoff,7140.7,3171,,,,,,,,,,2978.0,88.2,no,none,no
2024-01-10 03:50:00,Avionics,takeoff,28991.5,12543,,,,,,,,28.16,59.2,,,no,none,no
2024-01-10 04:00:00,Landing Gear,cruise,14127.5,5487,,,,,,210.8,31.8,,,,,no,none,no
2024-01-10 04:10:00,Engine,takeoff,13950.4,5962,30.8,94.6,1274.0,,,,,,,,,no,none,no
2024-01-10 04:20:00,Landing Gear,ground,20248.4,8320,,,,,,204.2,83.0,,,,,no,none,no
2024-01-10 04:30:00,Landing Gear,cruise,49939.6,22373,,,,,,201.7,32.4,,,,,no,none,no
2024-01-10 04:40:00,Landing Gear,ground,2748.3,1106,,,,,,200.4,130.9,,,,,no,none,no
2024-01-10 04:50:00,Avionics,cruise,28927.1,12520,,,,,,,,24.47,43.7,,,no,none,no
2024-01-10 05:00:00,Hydraulics,takeoff,4128.6,2000,,,,,,,,,,2823.0,63.4,no,none,no
2024-01-10 05:10:00,Landing Gear,landing,7726.0,3238,,,,,,205.8,401.0,,,,,no,none,no
2024-01-10 05:20:00,Engine,landing,21978.1,8826,23.4,54.8,758.0,,,,,,,,,no,none,no
2024-01-10 05:30:00,Avionics,cruise,25523.0,10799,,,,,,,,29.13,54.2,,,no,none,no
2024-01-10 05:40:00,Avionics,cruise,12939.6,5025,,,,,,,,28.75,51.9,,,no,none,no
2024-01-10 05:50:00,Avionics,landing,15822.9,7538,,,,,,,,27.05,62.5,,,no,none,no
2024-01-10 06:00:00,Engine,cruise,4348.4,1764,51.0,82.3,1091.0,,,,,,,,,no,none,no
2024-01-10 06:10:00,Engine,ground,15161.0,5932,36.1,24.9,320.0,,,,,,,,,no,none,no
2024-01-10 06:20:00,Avionics,ground,48327.9,18039,,,,,,,,30.83,51.2,,,no,none,no
2024-01-10 06:30:00,Avionics,landing,47235.4,20553,,,,,,,,29.04,62.0,,,no,none,no
2024-01-10 06:40:00,Hydraulics,takeoff,16743.9,7162,,,,,,,,,,2916.0,92.6,no,none,no
2024-01-10 06:50:00,Avionics,landing,28542.7,10963,,,,,,,,29.26,55.5,,,no,none,no
2024-01-10 07:00:00,Landing Gear,takeoff,45479.8,19031,,,,,,203.0,35.7,,,,,no,none,no
2024-01-10 07:10:00,Avionics,takeoff,309.2,109,,,,,,,,26.47,56.6,,,no,none,no
2024-01-10 07:20:00,Hydraulics,cruise,40534.2,16454,,,,,,,,,,2995.0,57.9,no,none,no
2024-01-10 07:30:00,Landing Gear,cruise,47418.5,19654,,,,,,182.5,55.3,,,,,no,none,no
2024-01-10 07:40:00,APU,ground,4566.3,2076,,,,763.1,2.61,,,,,,,no,none,no
2024-01-10 07:50:00,Engine,landing,8072.4,3030,45.6,55.4,753.0,,,,,,,,,no,none,no
2024-01-10 08:00:00,Landing Gear,landing,48037.3,17250,,,,,,187.6,435.2,,,,,no,none,no
2024-01-10 08:10:00,Avionics,cruise,26877.0,9981,,,,,,,,29.89,51.7,,,no,none,no
2024-01-10 08:20:00,Engine,cruise,709.8,254,62.7,87.4,1245.0,,,,,,,,,no,none,no
2024-01-10 08:30:00,Engine,cruise,12881.6,5704,42.9,91.0,1226.0,,,,,,,,,no,none,no
2024-01-10 08:40:00,APU,ground,22497.2,10114,,,,614.1,2.33,,,,,,,no,none,no
2024-01-10 08:50:00,Engine,takeoff,34645.4,14213,16.1,100.5,1343.0,,,,,,,,,no,none,no
2024-01-10 09:00:00,Engine,ground,36658.0,16096,6.9,21.8,279.0,,,,,,,,,no,none,no
2024-01-10 09:10:00,Landing Gear,cruise,49771.1,20122,,,,,,192.6,30.4,,,,,no,none,no
2024-01-10 09:20:00,Hydraulics,cruise,14375.6,5706,,,,,,,,,,2894.0,90.2,no,none,no
2024-01-10 09:30:00,Landing Gear,landing,26911.0,10478,,,,,,198.6,292.5,,,,,no,none,no
2024-01-10 09:40:00,Engine,cruise,26666.2,10402,29.7,77.3,1038.0,,,,,,,,,no,none,no
2024-01-10 09:50:00,Engine,ground,20282.3,7108,33.9,23.3,282.0,,,,,,,,,no,none,no
2024-01-10 10:00:00,Landing Gear,ground,8458.1,3455,,,,,,202.9,117.4,,,,,no,none,no
2024-01-10 10:10:00,APU,cruise,48872.8,19486,,,,621.9,1.05,,,,,,,no,none,no
2024-01-10 10:20:00,Hydraulics,cruise,42665.9,18084,,,,,,,,,,2922.0,84.3,no,none,no
2024-01-10 10:30:00,Avionics,cruise,24916.7,10041,,,,,,,,26.76,54.7,,,no,none,no
2024-01-10 10:40:00,Landing Gear,ground,30162.3,11908,,,,,,195.5,115.7,,,,,no,none,no
2024-01-10 10:50:00,Engine,cruise,11363.1,4228,36.1,83.7,1128.0,,,,,,,,,no,none,no
2024-01-10 11:00:00,Landing Gear,landing,27189.4,10939,,,,,,199.0,595.2,,,,,no,none,no
2024-01-10 11:10:00,Engine,landing,34748.5,14720,17.1,64.5,953.0,,,,,,,,,no,none,no
2024-01-10 11:20:00,Hydraulics,landing,25758.4,9361,,,,,,,,,,3048.0,76.9,no,none,no
2024-01-10 11:30:00,Avionics,takeoff,49514.3,19944,,,,,,,,30.66,46.2,,,no,none,no
2024-01-10 11:40:00,Engine,landing,30567.1,12455,25.1,55.8,757.0,,,,,,,,,no,none,no
2024-01-10 11:50:00,Engine,ground,18548.7,6993,32.7,25.1,317.0,,,,,,,,,no,none,no
2024-01-10 12:00:00,Engine,takeoff,38607.6,14717,-1.7,86.3,1279.0,,,,,,,,,no,none,no
2024-01-10 12:10:00,Avionics,cruise,8523.1,3472,,,,,,,,30.31,35.3,,,no,none,no
2024-01-10 12:20:00,Engine,ground,19225.8,6993,29.6,22.5,262.0,,,,,,,,,no,none,no
2024-01-10 12:30:00,Landing Gear,takeoff,17347.9,7133,,,,,,190.4,43.2,,,,,no,none,no
2024-01-10 12:40:00,Engine,ground,21590.4,8018,32.1,19.7,238.0,,,,,,,,,no,none,no
2024-01-10 12:50:00,Avionics,cruise,39089.0,16965,,,,,,,,30.53,43.5,,,no,none,no
2024-01-10 13:00:00,Hydraulics,cruise,24208.7,11495,,,,,,,,,,3067.0,85.4,no,none,no
2024-01-10 13:10:00,Landing Gear,ground,39700.7,14787,,,,,,188.0,77.3,,,,,no,none,no
2024-01-10 13:20:00,Avionics,cruise,28824.4,12023,,,,,,,,30.59,55.6,,,no,none,no
2024-01-10 13:30:00,Engine,cruise,17103.5,6444,30.3,87.1,1288.0,,,,,,,,,no,none,no
2024-01-10 13:40:00,Engine,cruise,40498.9,17549,13.4,80.9,1102.0,,,,,,,,,no,none,no
2024-01-10 13:50:00,Avionics,cruise,11914.5,4283,,,,,,,,28.29,54.2,,,no,none,no
2024-01-10 14:00:00,Engine,takeoff,11219.1,4660,35.1,89.6,1226.0,,,,,,,,,no,none,no
2024-01-10 14:10:00,Landing Gear,cruise,25225.1,9385,,,,,,208.9,20.3,,,,,no,none,no
2024-01-10 14:20:00,Engine,ground,13042.5,5131,34.3,21.1,262.0,,,,,,,,,no,none,no
2024-01-10 14:30:00,Engine,cruise,454.4,167,55.3,85.3,1203.0,,,,,,,,,no,none,no
2024-01-10 14:40:00,Engine,landing,32414.9,13819,18.9,50.0,697.0,,,,,,,,,no,none,no
2024-01-10 14:50:00,Hydraulics,cruise,25554.7,9537,,,,,,,,,,3008.0,90.8,no,none,no
2024-01-10 15:00:00,Engine,landing,22275.9,9304,21.7,53.4,712.0,,,,,,,,,no,none,no
2024-01-10 15:10:00,Landing Gear,takeoff,48348.4,18807,,,,,,160.2,19.5,,,,,yes,tire_pressure,yes
2024-01-10 15:20:00,Engine,ground,28560.0,11319,29.0,28.7,414.0,,,,,,,,,no,none,no
2024-01-10 15:30:00,Avionics,cruise,43171.6,17473,,,,,,,,26.72,49.7,,,no,none,no
2024-01-10 15:40:00,Engine,cruise,6972.5,2619,45.3,87.5,1263.0,,,,,,,,,no,none,no
2024-01-10 15:50:00,Hydraulics,takeoff,28460.3,11576,,,,,,,,,,3102.0,72.8,no,none,no
2024-01-10 16:00:00,Hydraulics,takeoff,43399.0,19485,,,,,,,,,,3115.0,84.4,no,none,no
2024-01-10 16:10:00,Engine,cruise,29155.3,10936,16.0,88.7,1239.0,,,,,,,,,no,none,no
2024-01-10 16:20:00,Hydraulics,cruise,35900.7,15706,,,,,,,,,,3062.0,64.2,no,none,no
2024-01-10 16:30:00,Hydraulics,ground,18602.2,8333,,,,,,,,,,3082.0,48.9,no,none,no
2024-01-10 16:40:00,Hydraulics,cruise,4622.5,1728,,,,,,,,,,2865.0,67.2,no,none,no
2024-01-10 16:50:00,Hydraulics,cruise,22895.0,8092,,,,,,,,,,3058.0,66.7,no,none,no
2024-01-10 17:00:00,Engine,landing,19724.0,8080,46.0,53.3,743.0,,,,,,,,,no,none,no
2024-01-10 17:10:00,Landing Gear,landing,43353.0,16582,,,,,,190.5,490.5,,,,,no,none,no
2024-01-10 17:20:00,Engine,takeoff,12199.8,5609,29.5,97.8,1330.0,,,,,,,,,no,none,no
2024-01-10 17:30:00,Engine,takeoff,48336.7,19389,4.6,102.9,1436.0,,,,,,,,,no,none,no
2024-01-10 17:40:00,Hydraulics,takeoff,47906.9,17933,,,,,,,,,,3057.0,55.5,no,none,no
2024-01-10 17:50:00,Engine,landing,12381.6,4498,41.1,54.1,731.0,,,,,,,,,no,none,no
2024-01-10 18:00:00,Avionics,landing,17402.6,7568,,,,,,,,27.9,61.6,,,no,none,no
2024-01-10 18:10:00,Hydraulics,cruise,44777.8,17093,,,,,,,,,,2797.0,62.3,no,none,no
2024-01-10 18:20:00,Avionics,ground,48331.1,19400,,,,,,,,27.11,56.2,,,no,none,no
2024-01-10 18:30:00,Hydraulics,ground,22172.0,9547,,,,,,,,,,3055.0,61.1,no,none,no
2024-01-10 18:40:00,Engine,cruise,16049.9,6171,24.7,83.0,1155.0,,,,,,,,,no,none,no
2024-01-10 18:50:00,Engine,ground,26304.7,10483,14.8,21.3,277.0,,,,,,,,,no,none,no
2024-01-10 19:00:00,Landing Gear,cruise,34388.5,13737,,,,,,211.0,23.9,,,,,no,none,no
2024-01-10 19:10:00,Engine,takeoff,13673.7,5768,49.1,94.7,1290.0,,,,,,,,,no,none,no
2024-01-10 19:20:00,Engine,cruise,36823.7,15426,10.4,89.2,1265.0,,,,,,,,,no,none,no
2024-01-10 19:30:00,Engine,takeoff,2582.9,1015,53.0,96.8,1425.0,,,,,,,,,no,none,no
2024-01-10 19:40:00,Avionics,cruise,2464.7,991,,,,,,,,27.02,61.7,,,no,none,no
2024-01-10 19:50:00,APU,ground,19314.4,7496,,,,769.7,3.65,,,,,,,no,none,no
2024-01-10 20:00:00,Engine,takeoff,17673.7,6234,29.8,97.5,1279.0,,,,,,,,,no,none,no
2024-01-10 20:10:00,Avionics,takeoff,15781.7,6443,,,,,,,,30.91,61.3,,,no,none,no
2024-01-10 20:20:00,Engine,cruise,24551.0,11307,7.8,87.1,1225.0,,,,,,,,,no,none,no
2024-01-10 20:30:00,Engine,ground,16036.7,5961,31.9,22.3,274.0,,,,,,,,,no,none,no
2024-01-10 20:40:00,Avionics,cruise,9612.9,3607,,,,,,,,29.3,61.9,,,no,none,no
2024-01-10 20:50:00,Avionics,cruise,15473.5,5758,,,,,,,,27.04,61.5,,,no,none,no
2024-01-10 21:00:00,Avionics,takeoff,48745.2,20628,,,,,,,,28.9,57.1,,,no,none,no
2024-01-10 21:10:00,Engine,takeoff,20555.7,8517,21.8,94.8,1392.0,,,,,,,,,no,none,no
2024-01-10 21:20:00,Avionics,ground,22235.6,8781,,,,,,,,26.85,68.3,,,no,none,no
2024-01-10 21:30:00,APU,ground,28827.2,10684,,,,687.1,3.07,,,,,,,no,none,no
2024-01-10 21:40:00,Landing Gear,takeoff,49167.0,19812,,,,,,199.4,44.6,,,,,no,none,no
2024-01-10 21:50:00,APU,ground,12080.1,4227,,,,620.8,1.95,,,,,,,no,none,no
2024-01-10 22:00:00,Hydraulics,landing,34064.1,13782,,,,,,,,,,2821.0,61.4,no,none,no
2024-01-10 22:10:00,APU,ground,35799.2,15318,,,,634.4,2.44,,,,,,,no,none,no
2024-01-10 22:20:00,Landing Gear,cruise,30366.2,10931,,,,,,174.7,21.2,,,,,no,none,no
2024-01-10 22:30:00,Hydraulics,cruise,4428.9,1554,,,,,,,,,,3100.0,51.2,no,none,no
2024-01-10 22:40:00,Avionics,cruise,33843.6,15248,,,,,,,,28.25,45.1,,,no,none,no
2024-01-10 22:50:00,Landing Gear,landing,3204.7,1219,,,,,,211.9,409.8,,,,,no,none,no
2024-01-10 23:00:00,Avionics,takeoff,29807.1,13006,,,,,,,,26.16,40.3,,,no,none,no
2024-01-10 23:10:00,APU,takeoff,36979.1,14609,,,,676.0,1.91,,,,,,,no,none,no
2024-01-10 23:20:00,Engine,cruise,10548.5,4165,38.8,82.7,1111.0,,,,,,,,,no,none,no
2024-01-10 23:30:00,Landing Gear,landing,42081.1,17423,,,,,,185.0,505.1,,,,,no,none,no
2024-01-10 23:40:00,Hydraulics,cruise,1517.7,564,,,,,,,,,,3104.0,68.0,no,none,no
2024-01-10 23:50:00,Hydraulics,landing,42190.6,17055,,,,,,,,,,2929.0,94.7,no,none,no
2024-01-11 00:00:00,APU,ground,23016.5,8926,,,,710.8,1.97,,,,,,,no,none,no
2024-01-11 00:10:00,Landing Gear,takeoff,10879.4,3892,,,,,,211.4,41.4,,,,,no,none,no
2024-01-11 00:20:00,Engine,landing,6688.9,2748,27.9,52.9,708.0,,,,,,,,,no,none,no
2024-01-11 00:30:00,Hydraulics,cruise,47665.4,18665,,,,,,,,,,2893.0,88.0,no,none,no
2024-01-11 00:40:00,Hydraulics,ground,3633.3,1435,,,,,,,,,,3155.0,57.9,no,none,no
2024-01-11 00:50:00,Avionics,takeoff,9954.7,3596,,,,,,,,27.38,58.4,,,no,none,no
2024-01-11 01:00:00,Avionics,landing,17391.1,7842,,,,,,,,28.17,37.0,,,no,none,no
2024-01-11 01:10:00,Landing Gear,ground,31011.7,13275,,,,,,213.5,122.8,,,,,no,none,no
2024-01-11 01:20:00,APU,ground,27240.1,11736,,,,659.6,2.5,,,,,,,no,none,no
2024-01-11 01:30:00,Engine,landing,6282.2,2451,46.1,56.0,779.0,,,,,,,,,no,none,no
2024-01-11 01:40:00,Landing Gear,cruise,14486.4,4993,,,,,,192.1,31.1,,,,,no,none,no
2024-01-11 01:50:00,Landing Gear,landing,11937.6,5521,,,,,,199.0,355.0,,,,,no,none,no
2024-01-11 02:00:00,Landing Gear,ground,10677.1,4250,,,,,,197.4,107.9,,,,,no,none,no
2024-01-11 02:10:00,Engine,cruise,20557.2,7730,44.8,80.1,1252.0,,,,,,,,,no,none,no
2024-01-11 02:20:00,Hydraulics,takeoff,35201.6,14550,,,,,,,,,,3059.0,64.1,no,none,no
2024-01-11 02:30:00,Engine,ground,10872.6,4755,35.7,27.2,339.0,,,,,,,,,no,none,no
2024-01-11 02:40:00,Landing Gear,landing,18333.9,7320,,,,,,195.0,513.0,,,,,no,none,no
2024-01-11 02:50:00,Landing Gear,landing,19545.9,8618,,,,,,208.3,451.4,,,,,no,none,no
2024-01-11 03:00:00,Avionics,cruise,48822.8,21221,,,,,,,,29.1,63.5,,,no,none,no
2024-01-11 03:10:00,Landing Gear,landing,47733.3,17449,,,,,,189.4,440.7,,,,,no,none,no
2024-01-11 03:20:00,Engine,cruise,40006.9,15140,12.1,84.5,1237.0,,,,,,,,,no,none,no
2024-01-11 03:30:00,Engine,landing,12082.9,5203,44.3,55.0,757.0,,,,,,,,,no,none,no
2024-01-11 03:40:00,Avionics,takeoff,3401.9,1065,,,,,,,,28.99,67.6,,,no,none,no
2024-01-11 03:50:00,Landing Gear,landing,15845.2,6262,,,,,,198.9,358.8,,,,,no,none,no
2024-01-11 04:00:00,Engine,ground,13339.7,4725,31.4,27.2,358.0,,,,,,,,,no,none,no
2024-01-11 04:10:00,Avionics,takeoff,25296.3,9733,,,,,,,,29.27,51.3,,,no,none,no
2024-01-11 04:20:00,APU,ground,38886.4,15183,,,,655.0,2.06,,,,,,,no,none,no
2024-01-11 04:30:00,Avionics,cruise,42916.1,16674,,,,,,,,27.41,50.4,,,no,none,no
2024-01-11 04:40:00,Avionics,ground,42243.2,16151,,,,,,,,26.13,39.6,,,no,none,no
2024-01-11 04:50:00,Engine,landing,17983.8,6562,45.4,59.4,828.0,,,,,,,,,no,none,no
2024-01-11 05:00:00,Engine,cruise,34361.7,16265,5.2,82.8,1183.0,,,,,,,,,no,none,no
2024-01-11 05:10:00,Avionics,landing,15641.7,7191,,,,,,,,27.14,52.0,,,no,none,no
2024-01-11 05:20:00,APU,ground,3045.3,1105,,,,718.7,2.56,,,,,,,no,none,no
2024-01-11 05:30:00,Avionics,cruise,35078.3,15807,,,,,,,,30.37,57.5,,,no,none,no
2024-01-11 05:40:00,Hydraulics,cruise,491.4,190,,,,,,,,,,2904.0,64.6,no,none,no
2024-01-11 05:50:00,Avionics,landing,20459.1,8268,,,,,,,,27.4,72.9,,,no,none,no
2024-01-11 06:00:00,Hydraulics,ground,16469.0,6554,,,,,,,,,,2996.0,46.8,no,none,no
2024-01-11 06:10:00,Landing Gear,landing,34668.9,13136,,,,,,211.5,594.4,,,,,yes,brake_overheat,yes
2024-01-11 06:20:00,Landing Gear,landing,38312.3,16531,,,,,,169.5,496.9,,,,,no,none,no
2024-01-11 06:30:00,APU,cruise,15204.7,6143,,,,735.5,2.66,,,,,,,no,none,no
2024-01-11 06:40:00,Engine,ground,40581.4,15614,-7.9,20.6,266.0,,,,,,,,,no,none,no
2024-01-11 06:50:00,Landing Gear,takeoff,14695.8,5265,,,,,,201.6,44.5,,,,,no,none,no
2024-01-11 07:00:00,Engine,cruise,22316.3,8288,37.4,83.3,1079.0,,,,,,,,,no,none,no
2024-01-11 07:10:00,Hydraulics,takeoff,36350.9,12631,,,,,,,,,,3201.0,36.0,no,none,no
2024-01-11 07:20:00,Landing Gear,cruise,34646.0,13872,,,,,,182.8,25.3,,,,,no,none,no
2024-01-11 07:30:00,Landing Gear,cruise,49368.4,17857,,,,,,185.0,17.2,,,,,no,none,no
2024-01-11 07:40:00,Engine,cruise,11258.1,4408,39.2,84.8,1246.0,,,,,,,,,no,none,no
2024-01-11 07:50:00,Engine,landing,33115.9,14698,17.9,48.7,680.0,,,,,,,,,no,none,no
2024-01-11 08:00:00,Engine,cruise,30484.1,13364,24.0,78.5,1156.0,,,,,,,,,no,none,no
2024-01-11 08:10:00,Landing Gear,cruise,45754.9,18255,,,,,,199.8,45.1,,,,,no,none,no
2024-01-11 08:20:00,Engine,cruise,7818.1,3105,49.7,87.9,1133.0,,,,,,,,,no,none,no
2024-01-11 08:30:00,Avionics,cruise,37589.9,17297,,,,,,,,31.24,47.5,,,no,none,no
2024-01-11 08:40:00,Hydraulics,cruise,28413.4,11839,,,,,,,,,,3255.0,54.5,no,none,no
2024-01-11 08:50:00,Hydraulics,takeoff,13733.3,5349,,,,,,,,,,3004.0,44.7,no,none,no
2024-01-11 09:00:00,Landing Gear,landing,23721.7,8406,,,,,,193.1,419.0,,,,,no,none,no
2024-01-11 09:10:00,Engine,landing,16688.8,6886,32.6,63.2,880.0,,,,,,,,,no,none,no
2024-01-11 09:20:00,Hydraulics,landing,28965.7,12355,,,,,,,,,,3078.0,108.0,no,none,no
2024-01-11 09:30:00,Hydraulics,cruise,44450.0,16882,,,,,,,,,,2857.0,84.0,no,none,no
2024-01-11 09:40:00,Engine,cruise,28465.2,11651,24.0,85.2,1241.0,,,,,,,,,no,none,no
2024-01-11 09:50:00,Landing Gear,ground,31586.1,12267,,,,,,205.7,145.3,,,,,no,none,no
2024-01-11 10:00:00,Engine,cruise,25937.4,10222,17.2,77.0,1039.0,,,,,,,,,no,none,no
2024-01-11 10:10:00,Hydraulics,cruise,2558.3,820,,,,,,,,,,2902.0,71.7,no,none,no
2024-01-11 10:20:00,Hydraulics,takeoff,11642.9,4575,,,,,,,,,,3003.0,68.4,no,none,no
2024-01-11 10:30:00,Engine,cruise,24600.1,10603,21.0,88.4,1249.0,,,,,,,,,no,none,no
2024-01-11 10:40:00,Hydraulics,cruise,15511.8,5891,,,,,,,,,,3091.0,62.2,no,none,no
2024-01-11 10:50:00,Avionics,cruise,9088.2,3651,,,,,,,,28.96,55.6,,,no,none,no
2024-01-11 11:00:00,Hydraulics,cruise,25206.6,9473,,,,,,,,,,3097.0,52.3,no,none,no
2024-01-11 11:10:00,Landing Gear,cruise,16140.5,6642,,,,,,193.0,34.5,,,,,no,none,no
2024-01-11 11:20:00,Avionics,landing,12905.4,5073,,,,,,,,28.9,62.3,,,no,none,no
2024-01-11 11:30:00,Engine,landing,23199.3,8582,27.6,54.3,728.0,,,,,,,,,no,none,no
2024-01-11 11:40:00,APU,ground,6664.2,2950,,,,562.7,2.39,,,,,,,no,none,no
2024-01-11 11:50:00,Engine,landing,46387.3,19934,11.0,59.0,832.0,,,,,,,,,no,none,no
2024-01-11 12:00:00,Hydraulics,ground,43385.1,16514,,,,,,,,,,3081.0,81.6,no,none,no
2024-01-11 12:10:00,Hydraulics,takeoff,35381.0,14716,,,,,,,,,,2912.0,66.8,no,none,no
2024-01-11 12:20:00,Hydraulics,takeoff,5310.7,2216,,,,,,,,,,3015.0,77.3,no,none,no
2024-01-11 12:30:00,Hydraulics,takeoff,38793.9,16315,,,,,,,,,,3014.0,62.7,no,none,no
2024-01-11 12:40:00,Engine,landing,40397.9,13969,13.2,67.3,966.0,,,,,,,,,no,none,no
2024-01-11 12:50:00,APU,ground,38388.2,16592,,,,689.6,3.34,,,,,,,no,none,no
2024-01-11 13:00:00,Engine,cruise,5698.3,2175,51.7,84.2,1154.0,,,,,,,,,no,none,no
2024-01-11 13:10:00,Engine,ground,32195.4,12510,7.4,19.8,257.0,,,,,,,,,no,none,no
2024-01-11 13:20:00,Engine,takeoff,41716.2,20208,27.2,88.2,1265.0,,,,,,,,,no,none,no
2024-01-11 13:30:00,APU,ground,28867.7,11826,,,,692.4,3.11,,,,,,,no,none,no
2024-01-11 13:40:00,Engine,cruise,32320.4,12529,4.2,85.5,1202.0,,,,,,,,,yes,engine_overheat,yes
2024-01-11 13:50:00,Engine,takeoff,22918.2,7550,21.4,102.0,1361.0,,,,,,,,,no,none,no
2024-01-11 14:00:00,Engine,cruise,26435.4,11750,30.1,89.7,1295.0,,,,,,,,,no,none,no
2024-01-11 14:10:00,Engine,cruise,1718.8,614,57.7,86.9,1207.0,,,,,,,,,no,none,no
2024-01-11 14:20:00,Hydraulics,cruise,31948.2,11753,,,,,,,,,,3144.0,45.0,no,none,no
2024-01-11 14:30:00,Avionics,cruise,4072.4,1586,,,,,,,,28.85,52.0,,,no,none,no
2024-01-11 14:40:00,Hydraulics,ground,21750.7,9686,,,,,,,,,,2980.0,77.2,no,none,no
2024-01-11 14:50:00,Landing Gear,cruise,14632.8,6215,,,,,,195.5,17.4,,,,,no,none,no
2024-01-11 15:00:00,Engine,cruise,27271.4,10771,31.6,84.4,1212.0,,,,,,,,,no,none,no
2024-01-11 15:10:00,Avionics,landing,6670.8,2734,,,,,,,,28.33,66.0,,,no,none,no
2024-01-11 15:20:00,Engine,landing,34582.2,13168,3.4,45.1,633.0,,,,,,,,,yes,engine_overheat,yes
2024-01-11 15:30:00,Engine,cruise,39750.6,16078,11.4,84.0,1197.0,,,,,,,,,no,none,no
2024-01-11 15:40:00,Engine,cruise,8167.7,3286,37.0,89.1,1231.0,,,,,,,,,no,none,no
2024-01-11 15:50:00,Engine,takeoff,5215.7,2248,49.8,92.6,1296.0,,,,,,,,,no,none,no
2024-01-11 16:00:00,Engine,takeoff,7275.8,3135,35.6,93.8,1312.0,,,,,,,,,no,none,no
2024-01-11 16:10:00,APU,landing,43856.4,18236,,,,608.2,1.7,,,,,,,no,none,no
2024-01-11 16:20:00,Avionics,takeoff,26409.5,10258,,,,,,,,25.45,69.3,,,no,none,no
2024-01-11 16:30:00,Engine,cruise,23363.0,9900,28.0,89.5,1239.0,,,,,,,,,no,none,no
2024-01-11 16:40:00,Engine,landing,5335.6,2119,43.4,52.7,781.0,,,,,,,,,no,none,no
2024-01-11 16:50:00,Hydraulics,takeoff,32477.8,11867,,,,,,,,,,3030.0,64.1,no,none,no
2024-01-11 17:00:00,Engine,cruise,43400.0,16800,8.2,80.2,1089.0,,,,,,,,,no,none,no
2024-01-11 17:10:00,Engine,cruise,41409.3,16676,16.8,86.3,1239.0,,,,,,,,,no,none,no
2024-01-11 17:20:00,Avionics,ground,31302.7,13433,,,,,,,,28.29,53.4,,,no,none,no
2024-01-11 17:30:00,Engine,cruise,3763.9,1483,48.4,89.0,1270.0,,,,,,,,,no,none,no
2024-01-11 17:40:00,Engine,ground,5619.9,2030,46.6,21.4,271.0,,,,,,,,,no,none,no
2024-01-11 17:50:00,Landing Gear,cruise,2465.4,991,,,,,,203.1,16.5,,,,,no,none,no
2024-01-11 18:00:00,Engine,takeoff,12874.0,5196,53.6,95.3,1361.0,,,,,,,,,no,none,no
2024-01-11 18:10:00,Landing Gear,landing,6783.1,2754,,,,,,200.8,429.7,,,,,no,none,no
2024-01-11 18:20:00,Avionics,ground,13002.4,5584,,,,,,,,27.35,34.5,,,no,none,no
2024-01-11 18:30:00,Engine,landing,19252.9,8329,36.9,42.6,584.0,,,,,,,,,no,none,no
2024-01-11 18:40:00,APU,ground,47149.1,17963,,,,631.1,2.47,,,,,,,no,none,no
2024-01-11 18:50:00,APU,ground,30518.8,11606,,,,549.2,1.59,,,,,,,no,none,no
2024-01-11 19:00:00,Engine,cruise,41748.7,15310,10.2,85.4,1193.0,,,,,,,,,no,none,no
2024-01-11 19:10:00,Avionics,cruise,35517.6,15001,,,,,,,,26.17,70.6,,,no,none,no
2024-01-11 19:20:00,Engine,landing,5625.2,2511,41.7,52.3,701.0,,,,,,,,,no,none,no
2024-01-11 19:30:00,Landing Gear,cruise,36796.0,14347,,,,,,210.1,53.7,,,,,no,none,no
2024-01-11 19:40:00,Engine,ground,13754.9,5396,32.6,24.2,299.0,,,,,,,,,no,none,no
2024-01-11 19:50:00,APU,ground,31955.4,14282,,,,620.2,1.68,,,,,,,no,none,no
2024-01-11 20:00:00,Engine,cruise,17048.1,7095,42.0,88.7,1202.0,,,,,,,,,no,none,no
2024-01-11 20:10:00,Hydraulics,cruise,49883.6,20650,,,,,,,,,,3075.0,89.1,no,none,no
2024-01-11 20:20:00,Engine,landing,13177.6,4769,44.6,58.1,806.0,,,,,,,,,no,none,no
2024-01-11 20:30:00,Landing Gear,cruise,13956.5,5886,,,,,,183.9,15.5,,,,,no,none,no
2024-01-11 20:40:00,APU,ground,46533.6,17230,,,,632.7,2.36,,,,,,,no,none,no
2024-01-11 20:50:00,Avionics,cruise,1232.2,448,,,,,,,,26.71,52.7,,,no,none,no
2024-01-11 21:00:00,Landing Gear,landing,34834.4,13547,,,,,,196.3,488.0,,,,,no,none,no
2024-01-11 21:10:00,Avionics,takeoff,36266.3,13827,,,,,,,,29.87,48.5,,,no,none,no
2024-01-11 21:20:00,Avionics,landing,41818.9,16431,,,,,,,,27.14,51.0,,,no,none,no
2024-01-11 21:30:00,Hydraulics,cruise,48722.0,17242,,,,,,,,,,3038.0,66.7,no,none,no
2024-01-11 21:40:00,Engine,cruise,48780.1,21009,11.6,81.7,1230.0,,,,,,,,,no,none,no
2024-01-11 21:50:00,Landing Gear,takeoff,3263.8,1423,,,,,,197.8,33.0,,,,,no,none,no
2024-01-11 22:00:00,Avionics,landing,41092.0,13876,,,,,,,,27.26,63.1,,,no,none,no
2024-01-11 22:10:00,Hydraulics,ground,32315.5,13938,,,,,,,,,,3058.0,74.2,no,none,no
2024-01-11 22:20:00,Hydraulics,cruise,32367.1,12107,,,,,,,,,,3216.0,102.0,no,none,no
2024-01-11 22:30:00,Engine,takeoff,6417.5,2743,51.9,104.5,1497.0,,,,,,,,,no,none,no
2024-01-11 22:40:00,Engine,takeoff,32509.4,12933,21.9,93.5,1307.0,,,,,,,,,no,none,no
2024-01-11 22:50:00,Landing Gear,landing,49124.1,19695,,,,,,195.2,442.9,,,,,no,none,no
2024-01-11 23:00:00,Avionics,landing,45590.9,17966,,,,,,,,32.33,52.3,,,yes,avionics_voltage,yes
2024-01-11 23:10:00,Landing Gear,cruise,21956.5,9634,,,,,,195.8,43.3,,,,,no,none,no
2024-01-11 23:20:00,Landing Gear,cruise,1997.4,720,,,,,,213.4,22.5,,,,,no,none,no
2024-01-11 23:30:00,Hydraulics,cruise,18114.7,7598,,,,,,,,,,3002.0,57.9,no,none,no
2024-01-11 23:40:00,Engine,cruise,41319.5,17984,5.6,88.2,1207.0,,,,,,,,,no,none,no
2024-01-11 23:50:00,Hydraulics,cruise,35075.0,14834,,,,,,,,,,2939.0,51.9,no,none,no
2024-01-12 00:00:00,APU,ground,22967.2,10895,,,,691.2,2.82,,,,,,,no,none,no
2024-01-12 00:10:00,Engine,takeoff,2755.1,1055,50.6,100.3,1320.0,,,,,,,,,no,none,no
2024-01-12 00:20:00,Landing Gear,landing,21344.7,9192,,,,,,192.4,531.7,,,,,yes,brake_overheat,yes
2024-01-12 00:30:00,Avionics,cruise,23451.2,9301,,,,,,,,28.66,48.6,,,no,none,no
2024-01-12 00:40:00,Engine,cruise,46427.8,20404,8.6,76.6,1081.0,,,,,,,,,no,none,no
2024-01-12 00:50:00,Engine,landing,32054.3,12814,24.5,48.7,683.0,,,,,,,,,no,none,no
2024-01-12 01:00:00,Hydraulics,landing,15582.6,6040,,,,,,,,,,2990.0,87.1,no,none,no
2024-01-12 01:10:00,Engine,ground,26265.9,11604,20.4,30.8,402.0,,,,,,,,,no,none,no
2024-01-12 01:20:00,Landing Gear,takeoff,3302.8,1269,,,,,,198.3,38.4,,,,,no,none,no
2024-01-12 01:30:00,Landing Gear,takeoff,48628.4,17253,,,,,,196.3,43.5,,,,,no,none,no
2024-01-12 01:40:00,Landing Gear,landing,18003.0,6903,,,,,,197.4,370.3,,,,,no,none,no
2024-01-12 01:50:00,Avionics,cruise,23893.4,10031,,,,,,,,28.01,57.5,,,no,none,no
2024-01-12 02:00:00,Engine,cruise,17764.2,7897,29.3,85.7,1227.0,,,,,,,,,no,none,no
2024-01-12 02:10:00,Landing Gear,takeoff,34125.6,13772,,,,,,195.6,32.7,,,,,no,none,no
2024-01-12 02:20:00,Engine,takeoff,33111.6,14641,9.8,95.1,1298.0,,,,,,,,,no,none,no
2024-01-12 02:30:00,Landing Gear,ground,35766.1,12752,,,,,,205.3,151.3,,,,,no,none,no
2024-01-12 02:40:00,Engine,takeoff,13407.2,5173,40.6,97.2,1473.0,,,,,,,,,no,none,no
2024-01-12 02:50:00,Landing Gear,cruise,15783.4,6168,,,,,,187.3,22.3,,,,,no,none,no
2024-01-12 03:00:00,Engine,cruise,6262.6,2482,24.9,89.9,1274.0,,,,,,,,,no,none,no
2024-01-12 03:10:00,Engine,cruise,32775.5,13198,6.7,86.6,1212.0,,,,,,,,,no,none,no
2024-01-12 03:20:00,Engine,takeoff,1989.9,840,45.6,93.1,1266.0,,,,,,,,,no,none,no
2024-01-12 03:30:00,Engine,cruise,29884.1,11528,24.7,79.7,1188.0,,,,,,,,,no,none,no
2024-01-12 03:40:00,Hydraulics,takeoff,43484.8,17587,,,,,,,,,,3090.0,52.1,no,none,no
2024-01-12 03:50:00,Engine,ground,44541.6,17752,9.2,23.0,280.0,,,,,,,,,no,none,no
2024-01-12 04:00:00,Hydraulics,cruise,22451.9,8316,,,,,,,,,,2859.0,71.3,no,none,no
2024-01-12 04:10:00,Hydraulics,cruise,22965.2,9103,,,,,,,,,,3117.0,98.3,no,none,no
2024-01-12 04:20:00,APU,ground,3848.5,1522,,,,674.6,2.14,,,,,,,no,none,no
2024-01-12 04:30:00,Engine,landing,33538.3,13238,22.6,48.7,640.0,,,,,,,,,no,none,no
2024-01-12 04:40:00,Engine,cruise,41063.0,16467,1.6,76.8,1100.0,,,,,,,,,yes,engine_overheat,yes
2024-01-12 04:50:00,Avionics,cruise,12232.8,4923,,,,,,,,27.8,46.1,,,no,none,no
2024-01-12 05:00:00,Engine,cruise,21065.0,8135,30.6,83.9,1218.0,,,,,,,,,no,none,no
2024-01-12 05:10:00,Engine,landing,41942.0,18485,7.7,55.0,800.0,,,,,,,,,no,none,no
2024-01-12 05:20:00,APU,ground,43856.0,15901,,,,702.9,2.51,,,,,,,no,none,no
2024-01-12 05:30:00,Avionics,landing,12159.0,4583,,,,,,,,29.11,57.7,,,no,none,no
2024-01-12 05:40:00,Avionics,cruise,27528.5,13460,,,,,,,,28.79,65.3,,,no,none,no
2024-01-12 05:50:00,Engine,landing,9624.7,3530,37.7,52.5,677.0,,,,,,,,,no,none,no
2024-01-12 06:00:00,Avionics,cruise,5093.9,1817,,,,,,,,29.19,62.0,,,no,none,no
2024-01-12 06:10:00,Engine,takeoff,45556.0,19293,2.9,98.7,1343.0,,,,,,,,,yes,engine_overheat,yes
2024-01-12 06:20:00,Engine,cruise,41025.4,13683,16.4,93.5,1353.0,,,,,,,,,no,none,no
2024-01-12 06:30:00,Avionics,ground,38001.7,14915,,,,,,,,27.63,55.1,,,no,none,no
2024-01-12 06:40:00,Engine,takeoff,2438.3,1143,43.6,96.7,1389.0,,,,,,,,,no,none,no
2024-01-12 06:50:00,Engine,landing,42186.4,14789,8.2,50.2,633.0,,,,,,,,,no,none,no
2024-01-12 07:00:00,Engine,cruise,21902.2,7372,23.6,83.1,1148.0,,,,,,,,,no,none,no
2024-01-12 07:10:00,Hydraulics,cruise,17119.8,6027,,,,,,,,,,2872.0,81.3,no,none,no
2024-01-12 07:20:00,Avionics,takeoff,27323.8,11715,,,,,,,,26.07,61.6,,,no,none,no
2024-01-12 07:30:00,Avionics,cruise,4567.7,1991,,,,,,,,29.45,59.3,,,no,none,no
2024-01-12 07:40:00,Avionics,landing,37832.3,14512,,,,,,,,27.55,64.4,,,no,none,no
2024-01-12 07:50:00,Engine,cruise,29121.8,12285,16.9,83.4,1111.0,,,,,,,,,no,none,no
2024-01-12 08:00:00,Landing Gear,landing,9329.5,4147,,,,,,203.0,580.7,,,,,no,none,no
2024-01-12 08:10:00,APU,landing,9411.6,4303,,,,709.8,3.25,,,,,,,no,none,no
2024-01-12 08:20:00,Engine,ground,9212.4,3612,38.8,27.0,337.0,,,,,,,,,no,none,no
2024-01-12 08:30:00,Landing Gear,cruise,2850.1,930,,,,,,201.9,13.1,,,,,no,none,no
2024-01-12 08:40:00,Hydraulics,cruise,29389.9,10984,,,,,,,,,,3078.0,70.8,no,none,no
2024-01-12 08:50:00,Engine,takeoff,42017.4,16233,13.3,96.7,1458.0,,,,,,,,,no,none,no
2024-01-12 09:00:00,Engine,ground,874.9,343,51.5,23.4,290.0,,,,,,,,,no,none,no
2024-01-12 09:10:00,Engine,ground,2450.2,965,46.0,21.3,266.0,,,,,,,,,no,none,no
2024-01-12 09:20:00,Engine,cruise,28638.5,12481,25.7,86.1,1225.0,,,,,,,,,no,none,no
2024-01-12 09:30:00,Hydraulics,ground,40974.8,18061,,,,,,,,,,2989.0,65.4,no,none,no
2024-01-12 09:40:00,Landing Gear,cruise,16336.9,6445,,,,,,205.8,40.4,,,,,no,none,no
2024-01-12 09:50:00,Landing Gear,landing,17480.7,7607,,,,,,184.3,543.3,,,,,yes,brake_overheat,yes
2024-01-12 10:00:00,Avionics,takeoff,29817.3,12268,,,,,,,,28.4,51.1,,,no,none,no
2024-01-12 10:10:00,Engine,landing,13710.6,5513,21.7,50.9,720.0,,,,,,,,,no,none,no
2024-01-12 10:20:00,Landing Gear,takeoff,1330.4,571,,,,,,202.6,19.9,,,,,no,none,no
2024-01-12 10:30:00,APU,ground,36761.4,14790,,,,692.7,1.96,,,,,,,no,none,no
2024-01-12 10:40:00,Landing Gear,landing,31282.5,14573,,,,,,197.8,403.2,,,,,no,none,no
2024-01-12 10:50:00,Hydraulics,landing,29037.8,10279,,,,,,,,,,2879.0,66.5,no,none,no
2024-01-12 11:00:00,Avionics,takeoff,37084.2,14222,,,,,,,,28.28,63.8,,,no,none,no
2024-01-12 11:10:00,APU,cruise,33761.5,13368,,,,677.0,2.72,,,,,,,no,none,no
2024-01-12 11:20:00,Hydraulics,cruise,10294.1,4262,,,,,,,,,,2865.0,78.0,no,none,no
2024-01-12 11:30:00,Engine,cruise,17624.1,7765,31.8,79.6,1109.0,,,,,,,,,no,none,no
2024-01-12 11:40:00,Engine,takeoff,6305.5,2517,41.1,103.3,1387.0,,,,,,,,,no,none,no
2024-01-12 11:50:00,Engine,ground,6492.9,2302,32.3,26.3,336.0,,,,,,,,,no,none,no
2024-01-12 12:00:00,Engine,cruise,33809.8,14435,11.8,82.6,1242.0,,,,,,,,,no,none,no
2024-01-12 12:10:00,Landing Gear,cruise,42930.0,18209,,,,,,193.1,27.0,,,,,no,none,no
2024-01-12 12:20:00,Avionics,cruise,48136.6,16263,,,,,,,,30.65,35.2,,,no,none,no
2024-01-12 12:30:00,Hydraulics,cruise,31417.4,12563,,,,,,,,,,2839.0,67.3,no,none,no
2024-01-12 12:40:00,Landing Gear,landing,9205.1,3214,,,,,,184.7,542.3,,,,,yes,brake_overheat,yes
2024-01-12 12:50:00,Landing Gear,cruise,5282.5,2001,,,,,,198.2,31.5,,,,,no,none,no
2024-01-12 13:00:00,Engine,ground,40642.5,15083,3.8,20.4,264.0,,,,,,,,,no,none,no
2024-01-12 13:10:00,Engine,cruise,28937.8,12325,19.8,88.7,1204.0,,,,,,,,,no,none,no
2024-01-12 13:20:00,APU,ground,30914.3,12481,,,,722.5,1.27,,,,,,,no,none,no
2024-01-12 13:30:00,APU,ground,39073.1,14022,,,,594.1,3.27,,,,,,,no,none,no
2024-01-12 13:40:00,Hydraulics,cruise,35163.9,15056,,,,,,,,,,2779.0,62.0,no,none,no
2024-01-12 13:50:00,Engine,ground,41722.9,14775,4.3,23.6,280.0,,,,,,,,,yes,engine_overheat,yes
2024-01-12 14:00:00,Engine,takeoff,2810.7,1154,53.2,97.9,1375.0,,,,,,,,,no,none,no
2024-01-12 14:10:00,APU,ground,37376.0,13977,,,,585.2,2.98,,,,,,,no,none,no
2024-01-12 14:20:00,Engine,cruise,42542.6,16519,5.9,87.2,1283.0,,,,,,,,,no,none,no
2024-01-12 14:30:00,Engine,ground,14306.8,5954,41.2,23.9,307.0,,,,,,,,,no,none,no
2024-01-12 14:40:00,Landing Gear,ground,32022.4,13343,,,,,,204.2,129.5,,,,,no,none,no
2024-01-12 14:50:00,Engine,ground,15708.1,6955,35.1,15.1,186.0,,,,,,,,,no,none,no
2024-01-12 15:00:00,Landing Gear,landing,47898.6,19033,,,,,,207.1,473.6,,,,,no,none,no
2024-01-12 15:10:00,Engine,cruise,1671.2,685,41.7,79.1,1074.0,,,,,,,,,no,none,no
2024-01-12 15:20:00,Engine,takeoff,28989.6,11190,14.3,93.6,1378.0,,,,,,,,,no,none,no
2024-01-12 15:30:00,Engine,cruise,8325.2,3379,26.7,85.6,1210.0,,,,,,,,,no,none,no
2024-01-12 15:40:00,Hydraulics,takeoff,35611.0,14745,,,,,,,,,,2928.0,72.1,no,none,no
2024-01-12 15:50:00,APU,landing,8794.5,3490,,,,621.8,2.42,,,,,,,no,none,no
2024-01-12 16:00:00,Avionics,cruise,11769.2,4028,,,,,,,,27.1,51.9,,,no,none,no
2024-01-12 16:10:00,Engine,ground,24718.5,10150,30.1,25.3,320.0,,,,,,,,,no,none,no
2024-01-12 16:20:00,Avionics,landing,45741.7,18830,,,,,,,,28.38,66.0,,,no,none,no
2024-01-12 16:30:00,Engine,ground,10585.7,4004,38.2,25.9,332.0,,,,,,,,,no,none,no
2024-01-12 16:40:00,Avionics,takeoff,7212.0,2588,,,,,,,,26.81,65.4,,,no,none,no
2024-01-12 16:50:00,APU,ground,37948.8,16972,,,,707.0,2.34,,,,,,,no,none,no
2024-01-12 17:00:00,Hydraulics,ground,25031.0,10406,,,,,,,,,,2967.0,51.0,no,none,no
2024-01-12 17:10:00,APU,cruise,45589.3,17902,,,,586.3,2.37,,,,,,,no,none,no
2024-01-12 17:20:00,Engine,landing,7330.7,2666,35.0,55.9,804.0,,,,,,,,,no,none,no
2024-01-12 17:30:00,Engine,landing,32296.4,12069,5.4,57.8,811.0,,,,,,,,,no,none,no
2024-01-12 17:40:00,Hydraulics,takeoff,11644.0,5143,,,,,,,,,,3078.0,85.9,no,none,no
2024-01-12 17:50:00,Landing Gear,cruise,7838.0,3170,,,,,,194.8,31.3,,,,,no,none,no
2024-01-12 18:00:00,Avionics,cruise,34171.5,13067,,,,,,,,27.72,49.7,,,no,none,no
2024-01-12 18:10:00,Engine,takeoff,29684.2,12358,15.5,96.0,1379.0,,,,,,,,,no,none,no
2024-01-12 18:20:00,Engine,cruise,37741.4,14113,6.5,88.2,1237.0,,,,,,,,,no,none,no
2024-01-12 18:30:00,Engine,takeoff,15473.1,6932,35.2,92.9,1281.0,,,,,,,,,no,none,no
2024-01-12 18:40:00,Hydraulics,takeoff,22398.6,9929,,,,,,,,,,3220.0,87.4,no,none,no
2024-01-12 18:50:00,Avionics,takeoff,20273.6,7807,,,,,,,,26.81,56.2,,,no,none,no
2024-01-12 19:00:00,Hydraulics,ground,49204.5,18692,,,,,,,,,,3118.0,83.9,no,none,no
2024-01-12 19:10:00,Engine,cruise,14612.4,4621,47.7,85.2,1245.0,,,,,,,,,no,none,no
2024-01-12 19:20:00,APU,ground,14740.9,5197,,,,722.3,2.05,,,,,,,no,none,no
2024-01-12 19:30:00,Avionics,cruise,17727.4,6331,,,,,,,,24.8,54.4,,,no,none,no
2024-01-12 19:40:00,Engine,cruise,28229.7,11414,15.6,84.0,1190.0,,,,,,,,,no,none,no
2024-01-12 19:50:00,Hydraulics,cruise,12616.1,4915,,,,,,,,,,3002.0,76.9,no,none,no
2024-01-12 20:00:00,Hydraulics,cruise,45764.5,16336,,,,,,,,,,3105.0,89.8,no,none,no
2024-01-12 20:10:00,Hydraulics,takeoff,13284.3,5194,,,,,,,,,,2967.0,29.6,no,none,no
2024-01-12 20:20:00,Avionics,landing,44790.8,18641,,,,,,,,28.2,39.7,,,no,none,no
2024-01-12 20:30:00,Engine,cruise,5173.8,2157,50.2,87.9,1202.0,,,,,,,,,no,none,no
2024-01-12 20:40:00,Engine,landing,32828.1,11136,19.5,50.8,688.0,,,,,,,,,no,none,no
2024-01-12 20:50:00,Hydraulics,landing,45349.3,17954,,,,,,,,,,3016.0,74.2,no,none,no
2024-01-12 21:00:00,Engine,takeoff,8437.5,3001,36.5,95.8,1344.0,,,,,,,,,no,none,no
2024-01-12 21:10:00,Avionics,takeoff,48416.3,20764,,,,,,,,28.04,33.6,,,no,none,no
2024-01-12 21:20:00,Avionics,landing,22644.2,9626,,,,,,,,29.23,61.9,,,no,none,no
2024-01-12 21:30:00,Avionics,cruise,47285.8,17555,,,,,,,,28.14,43.3,,,no,none,no
2024-01-12 21:40:00,Hydraulics,takeoff,33841.0,12707,,,,,,,,,,3041.0,86.6,no,none,no
2024-01-12 21:50:00,APU,ground,15079.3,5809,,,,606.4,2.43,,,,,,,no,none,no
2024-01-12 22:00:00,Engine,takeoff,9415.1,3087,43.1,93.6,1299.0,,,,,,,,,no,none,no
2024-01-12 22:10:00,Engine,landing,15186.8,6238,33.9,55.9,763.0,,,,,,,,,no,none,no
2024-01-12 22:20:00,APU,ground,4650.9,1820,,,,641.6,3.11,,,,,,,no,none,no
2024-01-12 22:30:00,Engine,cruise,7193.4,3101,54.1,87.6,1191.0,,,,,,,,,no,none,no
2024-01-12 22:40:00,Engine,takeoff,5233.0,1909,49.2,93.3,1361.0,,,,,,,,,no,none,no
2024-01-12 22:50:00,Hydraulics,takeoff,21147.2,8040,,,,,,,,,,3023.0,65.9,no,none,no
2024-01-12 23:00:00,Hydraulics,cruise,39778.9,13994,,,,,,,,,,3125.0,102.3,no,none,no
2024-01-12 23:10:00,Engine,takeoff,7069.2,2600,38.9,99.7,1378.0,,,,,,,,,no,none,no
2024-01-12 23:20:00,APU,landing,6516.0,2360,,,,673.5,3.31,,,,,,,no,none,no
2024-01-12 23:30:00,Hydraulics,takeoff,32171.4,13894,,,,,,,,,,2983.0,77.9,no,none,no
2024-01-12 23:40:00,Engine,cruise,9859.1,3723,25.8,82.2,1133.0,,,,,,,,,no,none,no
2024-01-12 23:50:00,Engine,ground,4880.5,1972,44.7,31.2,440.0,,,,,,,,,no,none,no
2024-01-13 00:00:00,Engine,ground,8342.4,3235,29.4,21.7,261.0,,,,,,,,,no,none,no
2024-01-13 00:10:00,Landing Gear,landing,46186.6,16598,,,,,,193.6,405.5,,,,,no,none,no
2024-01-13 00:20:00,Engine,cruise,41073.6,16208,1.2,86.6,1182.0,,,,,,,,,yes,engine_overheat,yes
2024-01-13 00:30:00,Hydraulics,landing,17703.2,7421,,,,,,,,,,3033.0,79.3,no,none,no
2024-01-13 00:40:00,Landing Gear,cruise,32791.0,11849,,,,,,207.9,51.4,,,,,no,none,no
2024-01-13 00:50:00,Landing Gear,cruise,26863.8,11441,,,,,,191.8,21.9,,,,,no,none,no
2024-01-13 01:00:00,Engine,takeoff,33856.2,12622,13.8,98.4,1341.0,,,,,,,,,no,none,no
2024-01-13 01:10:00,APU,ground,34133.6,13126,,,,651.6,1.27,,,,,,,no,none,no
2024-01-13 01:20:00,Avionics,cruise,31436.7,13109,,,,,,,,27.91,50.0,,,no,none,no
2024-01-13 01:30:00,Avionics,takeoff,13305.1,5040,,,,,,,,28.75,49.0,,,no,none,no
2024-01-13 01:40:00,Avionics,cruise,1950.3,782,,,,,,,,27.7,49.0,,,no,none,no
2024-01-13 01:50:00,Landing Gear,cruise,22778.3,8882,,,,,,185.8,10.0,,,,,no,none,no
2024-01-13 02:00:00,Hydraulics,ground,44548.7,18004,,,,,,,,,,3090.0,56.0,no,none,no
2024-01-13 02:10:00,Avionics,landing,28474.9,9221,,,,,,,,25.68,48.4,,,no,none,no
2024-01-13 02:20:00,Avionics,landing,41619.6,14211,,,,,,,,31.38,50.8,,,no,none,no
2024-01-13 02:30:00,Engine,takeoff,49581.2,20810,11.4,93.2,1250.0,,,,,,,,,no,none,no
2024-01-13 02:40:00,Engine,cruise,8180.8,3544,40.1,86.4,1164.0,,,,,,,,,no,none,no
2024-01-13 02:50:00,Engine,cruise,34588.9,12828,12.2,78.8,1153.0,,,,,,,,,no,none,no
2024-01-13 03:00:00,Avionics,takeoff,33714.7,13223,,,,,,,,27.64,52.3,,,no,none,no
2024-01-13 03:10:00,Landing Gear,cruise,48997.8,20061,,,,,,197.9,45.8,,,,,no,none,no
2024-01-13 03:20:00,APU,landing,49280.0,20805,,,,607.1,1.32,,,,,,,no,none,no
2024-01-13 03:30:00,Hydraulics,takeoff,34333.9,11506,,,,,,,,,,2919.0,96.0,no,none,no
2024-01-13 03:40:00,Hydraulics,cruise,12180.7,4527,,,,,,,,,,2757.0,66.2,no,none,no
2024-01-13 03:50:00,Hydraulics,cruise,39927.8,15546,,,,,,,,,,3009.0,80.4,no,none,no
2024-01-13 04:00:00,Engine,takeoff,5351.5,2261,36.2,104.8,1513.0,,,,,,,,,no,none,no
2024-01-13 04:10:00,Avionics,cruise,39035.0,18735,,,,,,,,28.45,54.7,,,no,none,no
2024-01-13 04:20:00,Engine,ground,45509.8,17872,6.8,25.3,324.0,,,,,,,,,no,none,no
2024-01-13 04:30:00,Engine,ground,19141.7,6795,41.7,20.5,267.0,,,,,,,,,no,none,no
2024-01-13 04:40:00,Engine,ground,31531.8,13019,18.4,26.3,328.0,,,,,,,,,no,none,no
2024-01-13 04:50:00,Engine,cruise,21507.1,9512,36.0,82.5,1120.0,,,,,,,,,no,none,no
2024-01-13 05:00:00,Landing Gear,takeoff,21888.3,8831,,,,,,180.8,26.2,,,,,no,none,no
2024-01-13 05:10:00,Hydraulics,cruise,15518.5,5757,,,,,,,,,,3253.0,88.4,no,none,no
2024-01-13 05:20:00,Engine,cruise,38106.5,16411,3.2,84.4,1132.0,,,,,,,,,yes,engine_overheat,yes
2024-01-13 05:30:00,Landing Gear,ground,46808.8,19717,,,,,,182.3,137.4,,,,,no,none,no
2024-01-13 05:40:00,Landing Gear,takeoff,47037.5,17271,,,,,,175.9,31.8,,,,,no,none,no
2024-01-13 05:50:00,Engine,cruise,8739.1,3602,36.9,88.7,1233.0,,,,,,,,,no,none,no
2024-01-13 06:00:00,Landing Gear,takeoff,43737.2,18891,,,,,,200.0,20.6,,,,,no,none,no
2024-01-13 06:10:00,Engine,cruise,36871.6,16143,19.1,89.7,1265.0,,,,,,,,,no,none,no
2024-01-13 06:20:00,Landing Gear,landing,12641.9,5030,,,,,,212.2,375.4,,,,,no,none,no
2024-01-13 06:30:00,Landing Gear,cruise,3364.2,1307,,,,,,198.5,42.4,,,,,no,none,no
2024-01-13 06:40:00,Engine,cruise,13399.9,5886,40.7,95.6,1430.0,,,,,,,,,no,none,no
2024-01-13 06:50:00,Engine,cruise,45610.4,16478,-3.8,82.8,1223.0,,,,,,,,,no,none,no
2024-01-13 07:00:00,Landing Gear,cruise,31658.9,13108,,,,,,178.1,37.3,,,,,no,none,no
2024-01-13 07:10:00,Hydraulics,landing,36052.7,12841,,,,,,,,,,2881.0,39.7,no,none,no
2024-01-13 07:20:00,APU,ground,12857.6,5581,,,,677.0,2.93,,,,,,,no,none,no
2024-01-13 07:30:00,Landing Gear,ground,35969.4,14091,,,,,,186.9,127.4,,,,,no,none,no
2024-01-13 07:40:00,Landing Gear,landing,1406.1,620,,,,,,203.9,328.9,,,,,no,none,no
2024-01-13 07:50:00,Hydraulics,cruise,18766.1,7802,,,,,,,,,,3040.0,67.1,no,none,no
2024-01-13 08:00:00,Avionics,landing,31337.7,11308,,,,,,,,29.18,38.0,,,no,none,no
2024-01-13 08:10:00,Landing Gear,cruise,7304.8,3255,,,,,,194.4,43.0,,,,,no,none,no
2024-01-13 08:20:00,Avionics,cruise,41150.2,18503,,,,,,,,30.08,65.7,,,no,none,no
2024-01-13 08:30:00,Avionics,ground,11751.6,5032,,,,,,,,26.6,51.8,,,no,none,no
2024-01-13 08:40:00,APU,takeoff,32614.1,12251,,,,602.8,2.44,,,,,,,no,none,no
2024-01-13 08:50:00,APU,ground,20259.9,7906,,,,624.7,2.56,,,,,,,no,none,no
2024-01-13 09:00:00,Engine,cruise,29802.2,12060,18.9,83.4,1177.0,,,,,,,,,no,none,no
2024-01-13 09:10:00,Avionics,landing,5372.5,2028,,,,,,,,27.11,59.3,,,no,none,no
2024-01-13 09:20:00,Avionics,landing,845.6,384,,,,,,,,28.53,56.7,,,no,none,no
2024-01-13 09:30:00,Engine,ground,45478.2,18401,21.4,28.8,397.0,,,,,,,,,no,none,no
2024-01-13 09:40:00,Landing Gear,landing,13481.5,4226,,,,,,203.3,433.7,,,,,no,none,no
2024-01-13 09:50:00,Landing Gear,landing,40983.9,16839,,,,,,200.5,409.6,,,,,no,none,no
2024-01-13 10:00:00,Engine,takeoff,49967.5,19430,0.1,94.6,1309.0,,,,,,,,,yes,engine_overheat,yes
2024-01-13 10:10:00,Hydraulics,cruise,10571.6,4203,,,,,,,,,,2989.0,56.4,no,none,no
2024-01-13 10:20:00,Engine,takeoff,13258.5,5147,29.1,94.6,1231.0,,,,,,,,,no,none,no
2024-01-13 10:30:00,Engine,landing,33143.0,14113,12.4,49.9,682.0,,,,,,,,,no,none,no
2024-01-13 10:40:00,Landing Gear,cruise,48272.4,21039,,,,,,196.5,33.6,,,,,no,none,no
2024-01-13 10:50:00,Avionics,landing,45790.7,18731,,,,,,,,27.26,62.8,,,no,none,no
2024-01-13 11:00:00,Engine,takeoff,25143.8,9785,16.3,95.0,1307.0,,,,,,,,,no,none,no
2024-01-13 11:10:00,Avionics,takeoff,39755.5,15850,,,,,,,,27.57,69.6,,,no,none,no
2024-01-13 11:20:00,Landing Gear,landing,6787.3,2719,,,,,,187.3,462.3,,,,,no,none,no
2024-01-13 11:30:00,Engine,takeoff,48871.9,18294,1.3,93.8,1321.0,,,,,,,,,yes,engine_overheat,yes
2024-01-13 11:40:00,Engine,takeoff,48217.7,20180,1.8,92.0,1374.0,,,,,,,,,yes,engine_overheat,yes
2024-01-13 11:50:00,Landing Gear,takeoff,8186.4,3395,,,,,,196.3,47.0,,,,,no,none,no
2024-01-13 12:00:00,Engine,ground,14971.2,6726,37.2,26.5,338.0,,,,,,,,,no,none,no
2024-01-13 12:10:00,Hydraulics,landing,5007.7,2204,,,,,,,,,,2993.0,80.9,no,none,no
2024-01-13 12:20:00,Hydraulics,cruise,13585.9,5136,,,,,,,,,,3004.0,62.9,no,none,no
2024-01-13 12:30:00,Hydraulics,cruise,40797.8,17390,,,,,,,,,,2881.0,48.9,no,none,no
2024-01-13 12:40:00,Engine,cruise,18915.8,6991,36.7,88.0,1290.0,,,,,,,,,no,none,no
2024-01-13 12:50:00,Hydraulics,landing,4419.8,1866,,,,,,,,,,3023.0,56.1,no,none,no
2024-01-13 13:00:00,Landing Gear,landing,17111.3,6562,,,,,,206.6,470.0,,,,,no,none,no
2024-01-13 13:10:00,Engine,takeoff,49069.2,18021,-4.9,98.1,1486.0,,,,,,,,,yes,engine_overheat,yes
2024-01-13 13:20:00,Engine,takeoff,31484.2,12876,11.6,94.8,1260.0,,,,,,,,,no,none,no
2024-01-13 13:30:00,Engine,takeoff,20808.0,6542,23.4,90.9,1288.0,,,,,,,,,no,none,no
2024-01-13 13:40:00,Landing Gear,landing,8326.9,2864,,,,,,195.1,414.1,,,,,no,none,no
2024-01-13 13:50:00,Landing Gear,landing,49308.8,19443,,,,,,178.1,521.9,,,,,no,none,no
2024-01-13 14:00:00,Engine,cruise,41042.5,16525,3.8,85.0,1180.0,,,,,,,,,yes,engine_overheat,yes
2024-01-13 14:10:00,Avionics,takeoff,14073.9,5463,,,,,,,,24.83,66.4,,,no,none,no
2024-01-13 14:20:00,Engine,takeoff,3503.4,1224,44.7,97.2,1389.0,,,,,,,,,no,none,no
2024-01-13 14:30:00,APU,ground,2831.3,1058,,,,649.4,1.75,,,,,,,no,none,no
2024-01-13 14:40:00,Engine,cruise,6018.9,2483,41.5,84.1,1161.0,,,,,,,,,no,none,no
2024-01-13 14:50:00,Avionics,landing,29038.4,12156,,,,,,,,30.23,52.9,,,no,none,no
2024-01-13 15:00:00,Avionics,landing,46438.2,18551,,,,,,,,26.16,48.9,,,no,none,no
2024-01-13 15:10:00,Landing Gear,cruise,24837.2,10854,,,,,,194.9,20.8,,,,,no,none,no
2024-01-13 15:20:00,Engine,cruise,42147.3,17395,12.0,86.8,1156.0,,,,,,,,,no,none,no
2024-01-13 15:30:00,Engine,takeoff,22294.3,8384,32.6,96.4,1278.0,,,,,,,,,no,none,no
2024-01-13 15:40:00,Avionics,landing,35429.2,13854,,,,,,,,27.74,66.1,,,no,none,no
2024-01-13 15:50:00,Engine,landing,36593.6,12995,1.4,54.6,707.0,,,,,,,,,no,none,no
2024-01-13 16:00:00,Engine,landing,8698.2,3449,41.4,53.3,741.0,,,,,,,,,no,none,no
2024-01-13 16:10:00,Engine,cruise,18060.8,7867,31.9,94.1,1310.0,,,,,,,,,no,none,no
2024-01-13 16:20:00,Landing Gear,takeoff,31865.1,13445,,,,,,218.8,31.6,,,,,no,none,no
2024-01-13 16:30:00,APU,ground,3534.8,1573,,,,633.7,1.62,,,,,,,no,none,no
2024-01-13 16:40:00,Avionics,landing,18077.0,7056,,,,,,,,29.37,53.8,,,no,none,no
2024-01-13 16:50:00,Engine,cruise,26740.0,11848,21.4,88.0,1267.0,,,,,,,,,no,none,no
2024-01-13 17:00:00,APU,ground,49811.2,19616,,,,724.6,1.85,,,,,,,no,none,no
2024-01-13 17:10:00,Avionics,landing,23726.7,10608,,,,,,,,24.52,59.8,,,no,none,no
2024-01-13 17:20:00,Hydraulics,cruise,40802.8,16293,,,,,,,,,,2711.0,66.2,no,none,no
2024-01-13 17:30:00,APU,landing,21603.4,9130,,,,637.6,2.53,,,,,,,no,none,no
2024-01-13 17:40:00,APU,ground,39819.5,17807,,,,613.9,1.88,,,,,,,no,none,no
2024-01-13 17:50:00,Engine,landing,29770.7,11724,17.4,56.2,795.0,,,,,,,,,no,none,no
2024-01-13 18:00:00,Hydraulics,takeoff,44329.8,18042,,,,,,,,,,2868.0,56.1,no,none,no
2024-01-13 18:10:00,Engine,cruise,20547.1,9066,25.7,78.5,1170.0,,,,,,,,,no,none,no
2024-01-13 18:20:00,Hydraulics,ground,30215.2,11957,,,,,,,,,,2894.0,48.4,no,none,no
2024-01-13 18:30:00,Avionics,cruise,31500.9,11269,,,,,,,,25.72,49.4,,,no,none,no
2024-01-13 18:40:00,Landing Gear,cruise,20869.1,9779,,,,,,187.5,35.0,,,,,no,none,no
2024-01-13 18:50:00,Engine,cruise,7215.6,2778,29.5,90.6,1295.0,,,,,,,,,no,none,no
2024-01-13 19:00:00,Landing Gear,cruise,4678.0,1895,,,,,,207.5,31.9,,,,,no,none,no
2024-01-13 19:10:00,APU,landing,833.6,364,,,,659.1,2.66,,,,,,,no,none,no
2024-01-13 19:20:00,Engine,ground,43676.7,16620,18.8,23.8,302.0,,,,,,,,,no,none,no
2024-01-13 19:30:00,Avionics,cruise,11823.7,4348,,,,,,,,29.25,53.4,,,no,none,no
2024-01-13 19:40:00,Hydraulics,takeoff,10575.3,4316,,,,,,,,,,2955.0,62.9,no,none,no
2024-01-13 19:50:00,Landing Gear,takeoff,36801.8,12609,,,,,,190.9,27.2,,,,,no,none,no
2024-01-13 20:00:00,Landing Gear,ground,16000.8,6253,,,,,,208.2,150.2,,,,,no,none,no
2024-01-13 20:10:00,Engine,landing,25302.2,10319,21.6,51.8,790.0,,,,,,,,,no,none,no
2024-01-13 20:20:00,Landing Gear,cruise,8125.6,3180,,,,,,192.1,27.6,,,,,no,none,no
2024-01-13 20:30:00,Engine,ground,47987.3,16825,14.9,26.1,308.0,,,,,,,,,no,none,no
2024-01-13 20:40:00,APU,ground,42579.1,19204,,,,600.8,1.53,,,,,,,no,none,no
2024-01-13 20:50:00,Hydraulics,ground,43189.5,17419,,,,,,,,,,3145.0,64.5,no,none,no
2024-01-13 21:00:00,Landing Gear,ground,20338.7,9067,,,,,,221.2,124.4,,,,,no,none,no
2024-01-13 21:10:00,Engine,cruise,38118.1,14930,14.0,76.3,1080.0,,,,,,,,,no,none,no
2024-01-13 21:20:00,APU,landing,7193.8,2675,,,,602.8,3.68,,,,,,,no,none,no
2024-01-13 21:30:00,Landing Gear,cruise,431.0,176,,,,,,201.2,10.0,,,,,no,none,no
2024-01-13 21:40:00,APU,ground,998.6,393,,,,583.2,1.38,,,,,,,no,none,no
2024-01-13 21:50:00,Avionics,landing,29330.1,10627,,,,,,,,29.73,54.6,,,no,none,no
2024-01-13 22:00:00,Avionics,landing,22769.7,10179,,,,,,,,25.13,52.6,,,no,none,no
2024-01-13 22:10:00,Landing Gear,landing,25900.8,9845,,,,,,204.4,459.9,,,,,no,none,no
2024-01-13 22:20:00,Engine,takeoff,373.2,127,61.4,96.6,1379.0,,,,,,,,,no,none,no
2024-01-13 22:30:00,Engine,cruise,21134.3,9352,22.5,84.6,1210.0,,,,,,,,,no,none,no
2024-01-13 22:40:00,Engine,ground,35903.4,13782,14.3,22.2,287.0,,,,,,,,,no,none,no
2024-01-13 22:50:00,APU,ground,22134.7,8423,,,,693.1,1.52,,,,,,,no,none,no
2024-01-13 23:00:00,Landing Gear,takeoff,36611.0,12576,,,,,,191.2,23.6,,,,,no,none,no
2024-01-13 23:10:00,Avionics,takeoff,11650.9,5309,,,,,,,,28.43,50.5,,,no,none,no
2024-01-13 23:20:00,Avionics,takeoff,40657.1,14585,,,,,,,,27.44,55.7,,,no,none,no
2024-01-13 23:30:00,Engine,landing,29421.6,11824,19.6,51.1,682.0,,,,,,,,,no,none,no
2024-01-13 23:40:00,APU,ground,10538.2,4523,,,,666.6,2.07,,,,,,,no,none,no
2024-01-13 23:50:00,Engine,cruise,11836.0,4894,35.4,87.3,1168.0,,,,,,,,,no,none,no
2024-01-14 00:00:00,Engine,cruise,31401.5,12501,25.5,87.5,1238.0,,,,,,,,,no,none,no
2024-01-14 00:10:00,Avionics,ground,41497.0,14339,,,,,,,,27.34,45.7,,,no,none,no
2024-01-14 00:20:00,Engine,landing,20781.4,7774,31.5,48.7,678.0,,,,,,,,,no,none,no
2024-01-14 00:30:00,Landing Gear,cruise,12915.0,5244,,,,,,186.6,16.1,,,,,no,none,no
2024-01-14 00:40:00,Engine,cruise,43350.6,16248,-9.8,74.7,1090.0,,,,,,,,,no,none,no
2024-01-14 00:50:00,Hydraulics,cruise,33463.4,13603,,,,,,,,,,2912.0,91.5,no,none,no
2024-01-14 01:00:00,Landing Gear,cruise,22404.3,9450,,,,,,189.5,41.7,,,,,no,none,no
2024-01-14 01:10:00,Engine,cruise,24395.0,10509,39.0,87.6,1285.0,,,,,,,,,no,none,no
2024-01-14 01:20:00,Landing Gear,landing,10212.8,3684,,,,,,205.3,600.0,,,,,no,none,no
2024-01-14 01:30:00,Landing Gear,ground,31340.1,14739,,,,,,211.9,135.4,,,,,no,none,no
2024-01-14 01:40:00,Hydraulics,landing,17937.1,7615,,,,,,,,,,3151.0,79.0,no,none,no
2024-01-14 01:50:00,Engine,landing,49782.3,19910,4.1,49.6,687.0,,,,,,,,,yes,engine_overheat,yes
2024-01-14 02:00:00,Hydraulics,takeoff,24009.2,10441,,,,,,,,,,2923.0,83.0,no,none,no
2024-01-14 02:10:00,Hydraulics,cruise,24294.3,11557,,,,,,,,,,3192.0,46.3,no,none,no
2024-01-14 02:20:00,Hydraulics,takeoff,28292.6,10014,,,,,,,,,,2907.0,64.9,no,none,no
2024-01-14 02:30:00,Avionics,cruise,45837.8,18005,,,,,,,,26.51,65.0,,,no,none,no
2024-01-14 02:40:00,Landing Gear,landing,40040.9,12969,,,,,,210.8,393.9,,,,,no,none,no
2024-01-14 02:50:00,APU,ground,22556.5,9162,,,,761.6,2.67,,,,,,,no,none,no
2024-01-14 03:00:00,Avionics,takeoff,35935.0,14794,,,,,,,,27.38,65.5,,,no,none,no
2024-01-14 03:10:00,Landing Gear,cruise,29311.8,11688,,,,,,198.0,28.8,,,,,no,none,no
2024-01-14 03:20:00,Landing Gear,ground,24618.4,9332,,,,,,198.7,99.1,,,,,no,none,no
2024-01-14 03:30:00,Landing Gear,cruise,9615.8,3216,,,,,,179.8,18.7,,,,,no,none,no
2024-01-14 03:40:00,Avionics,cruise,23196.8,9556,,,,,,,,30.53,68.6,,,no,none,no
2024-01-14 03:50:00,Avionics,landing,12290.9,5489,,,,,,,,28.99,49.7,,,no,none,no
2024-01-14 04:00:00,Engine,landing,45742.1,17432,6.0,56.2,804.0,,,,,,,,,no,none,no
2024-01-14 04:10:00,Hydraulics,takeoff,16770.3,6944,,,,,,,,,,2957.0,67.1,no,none,no
2024-01-14 04:20:00,Landing Gear,cruise,47613.2,16656,,,,,,190.1,42.6,,,,,no,none,no
2024-01-14 04:30:00,Avionics,landing,26652.8,11051,,,,,,,,30.03,53.6,,,no,none,no
2024-01-14 04:40:00,Landing Gear,cruise,31577.2,12233,,,,,,194.7,17.5,,,,,no,none,no
2024-01-14 04:50:00,Engine,takeoff,27147.0,10196,15.1,100.8,1334.0,,,,,,,,,no,none,no
2024-01-14 05:00:00,Hydraulics,landing,6469.0,2430,,,,,,,,,,3036.0,60.4,no,none,no
2024-01-14 05:10:00,Engine,takeoff,18791.1,7280,42.3,91.8,1233.0,,,,,,,,,no,none,no
2024-01-14 05:20:00,Avionics,landing,4957.3,2044,,,,,,,,28.02,44.5,,,no,none,no
2024-01-14 05:30:00,Landing Gear,cruise,31147.7,11151,,,,,,194.2,27.9,,,,,no,none,no
2024-01-14 05:40:00,APU,ground,22343.7,8654,,,,616.7,1.79,,,,,,,no,none,no
2024-01-14 05:50:00,Engine,cruise,38899.2,15508,8.2,82.4,1153.0,,,,,,,,,no,none,no
2024-01-14 06:00:00,Landing Gear,cruise,11023.5,4022,,,,,,205.1,21.2,,,,,no,none,no
2024-01-14 06:10:00,Engine,takeoff,8228.3,3764,40.2,93.7,1287.0,,,,,,,,,no,none,no
2024-01-14 06:20:00,Engine,cruise,20316.6,7572,27.8,90.0,1319.0,,,,,,,,,no,none,no
2024-01-14 06:30:00,Engine,ground,46329.3,17539,12.1,24.3,310.0,,,,,,,,,no,none,no
2024-01-14 06:40:00,Engine,ground,35521.1,13096,17.0,24.9,312.0,,,,,,,,,no,none,no
2024-01-14 06:50:00,Hydraulics,cruise,20946.2,9584,,,,,,,,,,2953.0,79.8,no,none,no
2024-01-14 07:00:00,Hydraulics,cruise,25863.6,10803,,,,,,,,,,2827.0,63.5,no,none,no
2024-01-14 07:10:00,APU,landing,4210.7,1558,,,,603.9,2.08,,,,,,,no,none,no
2024-01-14 07:20:00,Landing Gear,ground,49228.8,21434,,,,,,195.0,138.1,,,,,no,none,no
2024-01-14 07:30:00,Engine,cruise,33320.4,13542,27.8,80.5,1058.0,,,,,,,,,no,none,no
2024-01-14 07:40:00,Avionics,cruise,14270.2,5826,,,,,,,,25.86,47.5,,,no,none,no
2024-01-14 07:50:00,Hydraulics,cruise,29290.4,11393,,,,,,,,,,3097.0,48.0,no,none,no
2024-01-14 08:00:00,Hydraulics,landing,5474.1,2058,,,,,,,,,,2943.0,44.0,no,none,no
2024-01-14 08:10:00,APU,takeoff,48291.8,19839,,,,579.6,1.29,,,,,,,no,none,no
2024-01-14 08:20:00,Avionics,landing,8739.2,3343,,,,,,,,26.93,70.6,,,no,none,no
2024-01-14 08:30:00,Engine,cruise,32401.5,14844,30.5,80.3,1190.0,,,,,,,,,no,none,no
2024-01-14 08:40:00,Hydraulics,landing,12272.7,4411,,,,,,,,,,2927.0,64.0,no,none,no
2024-01-14 08:50:00,Engine,takeoff,35878.1,16115,19.3,102.5,1395.0,,,,,,,,,no,none,no
2024-01-14 09:00:00,Avionics,cruise,38841.1,15398,,,,,,,,27.7,53.0,,,no,none,no
2024-01-14 09:10:00,Avionics,cruise,33671.0,13791,,,,,,,,28.52,59.1,,,no,none,no
2024-01-14 09:20:00,Landing Gear,landing,30725.0,13109,,,,,,204.5,350.2,,,,,no,none,no
2024-01-14 09:30:00,Engine,takeoff,44623.5,16949,4.9,90.1,1278.0,,,,,,,,,yes,engine_overheat,yes
2024-01-14 09:40:00,Hydraulics,cruise,3931.3,1681,,,,,,,,,,3213.0,60.8,no,none,no
2024-01-14 09:50:00,Engine,cruise,16545.7,5185,30.8,92.2,1207.0,,,,,,,,,no,none,no
2024-01-14 10:00:00,Avionics,cruise,12414.4,4680,,,,,,,,28.47,58.1,,,no,none,no
2024-01-14 10:10:00,Engine,landing,49400.7,18300,-4.5,57.0,786.0,,,,,,,,,no,none,no
2024-01-14 10:20:00,Engine,landing,19469.5,7007,31.6,50.5,716.0,,,,,,,,,no,none,no
2024-01-14 10:30:00,APU,ground,36630.6,14400,,,,758.9,2.47,,,,,,,no,none,no
2024-01-14 10:40:00,Landing Gear,cruise,34236.3,14117,,,,,,206.0,24.0,,,,,no,none,no
2024-01-14 10:50:00,Engine,ground,10604.1,4480,26.4,27.9,355.0,,,,,,,,,no,none,no
2024-01-14 11:00:00,Engine,cruise,11949.9,4872,37.1,90.1,1306.0,,,,,,,,,no,none,no
2024-01-14 11:10:00,Landing Gear,takeoff,14064.2,5326,,,,,,203.6,37.8,,,,,no,none,no
2024-01-14 11:20:00,Avionics,takeoff,20556.4,8465,,,,,,,,24.24,63.0,,,no,none,no
2024-01-14 11:30:00,Hydraulics,cruise,11716.3,4733,,,,,,,,,,3036.0,80.2,no,none,no
2024-01-14 11:40:00,Engine,landing,982.6,422,36.3,53.6,694.0,,,,,,,,,no,none,no
2024-01-14 11:50:00,APU,landing,43969.7,18681,,,,744.5,2.24,,,,,,,no,none,no
2024-01-14 12:00:00,Engine,landing,48280.5,19359,6.9,54.4,782.0,,,,,,,,,no,none,no
2024-01-14 12:10:00,Engine,cruise,17078.5,6341,36.9,87.3,1234.0,,,,,,,,,no,none,no
2024-01-14 12:20:00,Avionics,cruise,16925.3,6416,,,,,,,,26.71,52.3,,,no,none,no
2024-01-14 12:30:00,Avionics,takeoff,354.6,136,,,,,,,,29.46,54.7,,,no,none,no
2024-01-14 12:40:00,Engine,cruise,34012.5,13262,19.8,80.5,1089.0,,,,,,,,,no,none,no
2024-01-14 12:50:00,Engine,cruise,41272.0,16863,10.0,85.2,1200.0,,,,,,,,,no,none,no
2024-01-14 13:00:00,Engine,takeoff,7330.4,3100,48.2,90.0,1256.0,,,,,,,,,no,none,no
2024-01-14 13:10:00,Hydraulics,cruise,7983.3,3180,,,,,,,,,,3085.0,86.2,no,none,no
2024-01-14 13:20:00,Hydraulics,cruise,39504.2,15822,,,,,,,,,,2875.0,76.9,no,none,no
2024-01-14 13:30:00,Engine,landing,30814.5,12467,31.9,55.4,737.0,,,,,,,,,no,none,no
2024-01-14 13:40:00,Engine,ground,2243.0,860,28.1,20.4,240.0,,,,,,,,,no,none,no
2024-01-14 13:50:00,Avionics,ground,31127.3,11529,,,,,,,,26.03,67.8,,,no,none,no
2024-01-14 14:00:00,Hydraulics,landing,15445.9,5311,,,,,,,,,,3008.0,101.0,no,none,no
2024-01-14 14:10:00,Landing Gear,cruise,18436.3,6964,,,,,,194.7,26.1,,,,,no,none,no
2024-01-14 14:20:00,Engine,landing,38486.6,15977,8.3,55.9,755.0,,,,,,,,,no,none,no
2024-01-14 14:30:00,Engine,landing,40546.8,15307,10.5,54.6,778.0,,,,,,,,,no,none,no
2024-01-14 14:40:00,Landing Gear,takeoff,20017.8,7855,,,,,,203.8,52.1,,,,,no,none,no
2024-01-14 14:50:00,APU,cruise,47357.6,19650,,,,698.3,2.25,,,,,,,no,none,no
2024-01-14 15:00:00,Engine,ground,20323.1,8468,24.2,24.3,320.0,,,,,,,,,no,none,no
2024-01-14 15:10:00,Landing Gear,cruise,38591.8,14104,,,,,,202.4,38.2,,,,,no,none,no
2024-01-14 15:20:00,Engine,cruise,24193.9,10449,37.2,94.7,1406.0,,,,,,,,,no,none,no
2024-01-14 15:30:00,Avionics,cruise,44876.6,19570,,,,,,,,27.47,54.3,,,no,none,no
2024-01-14 15:40:00,Engine,takeoff,45388.1,16514,-6.5,95.2,1369.0,,,,,,,,,yes,engine_overheat,yes
2024-01-14 15:50:00,Engine,cruise,4370.8,1633,41.4,81.1,1042.0,,,,,,,,,no,none,no
2024-01-14 16:00:00,Landing Gear,cruise,46824.7,20515,,,,,,174.7,25.6,,,,,no,none,no
2024-01-14 16:10:00,APU,takeoff,41276.7,16317,,,,668.1,1.1,,,,,,,no,none,no
2024-01-14 16:20:00,Hydraulics,takeoff,39565.5,13016,,,,,,,,,,3017.0,78.3,no,none,no
2024-01-14 16:30:00,APU,ground,10045.6,3568,,,,688.1,2.98,,,,,,,no,none,no
2024-01-14 16:40:00,Engine,cruise,40256.0,15781,13.8,91.8,1321.0,,,,,,,,,no,none,no
2024-01-14 16:50:00,Avionics,cruise,42506.6,15421,,,,,,,,30.51,44.4,,,no,none,no
2024-01-14 17:00:00,Engine,cruise,14457.5,5592,30.6,86.4,1214.0,,,,,,,,,no,none,no
2024-01-14 17:10:00,Hydraulics,ground,47613.0,19095,,,,,,,,,,3068.0,55.4,no,none,no
2024-01-14 17:20:00,Engine,cruise,2493.0,1114,73.8,91.6,1279.0,,,,,,,,,no,none,no
2024-01-14 17:30:00,Landing Gear,cruise,7495.5,2929,,,,,,206.2,38.2,,,,,no,none,no
2024-01-14 17:40:00,Engine,ground,26879.1,11674,21.0,23.7,319.0,,,,,,,,,no,none,no
2024-01-14 17:50:00,APU,ground,28789.6,12832,,,,621.8,2.39,,,,,,,no,none,no
2024-01-14 18:00:00,Hydraulics,takeoff,32257.5,14384,,,,,,,,,,2910.0,44.1,no,none,no
2024-01-14 18:10:00,Avionics,ground,848.5,347,,,,,,,,28.11,62.5,,,no,none,no
2024-01-14 18:20:00,Engine,cruise,48018.3,16191,3.3,89.0,1238.0,,,,,,,,,no,none,no
2024-01-14 18:30:00,Engine,cruise,2229.4,925,48.5,88.2,1164.0,,,,,,,,,no,none,no
2024-01-14 18:40:00,Hydraulics,takeoff,7153.1,3101,,,,,,,,,,2902.0,55.8,no,none,no
2024-01-14 18:50:00,Hydraulics,takeoff,700.7,278,,,,,,,,,,3140.0,69.2,no,none,no
2024-01-14 19:00:00,Engine,landing,28342.9,12919,37.2,56.2,822.0,,,,,,,,,no,none,no
2024-01-14 19:10:00,Landing Gear,cruise,46613.3,19928,,,,,,184.1,15.5,,,,,no,none,no
2024-01-14 19:20:00,Engine,cruise,33297.4,13924,5.8,83.8,1165.0,,,,,,,,,no,none,no
2024-01-14 19:30:00,Hydraulics,landing,41132.9,17883,,,,,,,,,,2922.0,69.6,no,none,no
2024-01-14 19:40:00,Engine,landing,664.1,273,41.6,56.1,774.0,,,,,,,,,no,none,no
2024-01-14 19:50:00,Engine,takeoff,27100.8,8678,22.5,97.5,1377.0,,,,,,,,,no,none,no
2024-01-14 20:00:00,Avionics,landing,22978.1,8824,,,,,,,,27.05,52.1,,,no,none,no
2024-01-14 20:10:00,Engine,takeoff,24948.4,10935,33.0,94.7,1296.0,,,,,,,,,no,none,no
2024-01-14 20:20:00,Landing Gear,landing,3610.7,1351,,,,,,197.0,600.0,,,,,no,none,no
2024-01-14 20:30:00,Landing Gear,landing,34221.8,13444,,,,,,182.7,455.1,,,,,no,none,no
2024-01-14 20:40:00,APU,ground,25161.0,9223,,,,668.0,2.59,,,,,,,no,none,no
2024-01-14 20:50:00,APU,takeoff,38257.4,17487,,,,670.8,1.65,,,,,,,no,none,no
2024-01-14 21:00:00,Landing Gear,takeoff,24264.5,11011,,,,,,207.3,24.9,,,,,no,none,no
2024-01-14 21:10:00,Engine,cruise,7469.1,2776,47.1,85.3,1212.0,,,,,,,,,no,none,no
